"p_val","avg_log2FC","pct.1","pct.2","p_val_adj","cluster","gene"
2.92769180864984e-08,1.18615862029974,0.799,0.405,0.0009452053004226,"0","Myct1"
5.85073979736053e-07,0.859415763955534,0.973,0.671,0.0188891134357785,"0","Sgms1"
9.19236350257716e-07,0.852350562702856,0.702,0.362,0.0296775455680704,"0","Adam22"
6.5823533210311e-06,1.14703658581989,0.989,0.544,0.212511276969489,"0","Prkg1"
6.75335307734484e-06,1.1193638727527,0.946,0.491,0.218032004102078,"0","Samd12"
7.36267100113856e-06,1.00016489568289,0.868,0.5,0.237703833271758,"0","Spns2"
9.96186463364532e-06,1.0808342318538,0.595,0.245,0.321618799697239,"0","Slc18a2"
1.31716367520533e-05,0.565307571277525,0.925,0.677,0.425246292540041,"0","Nrip1"
1.72192311598208e-05,1.2394723019505,0.817,0.376,0.555922877994815,"0","Trpc6"
1.81168827634358e-05,0.730475351496327,0.971,0.729,0.584903560017526,"0","Cdk17"
1.84880588537226e-05,0.508104123092265,0.72,0.519,0.596886980092434,"0","4632427E13Rik"
2.12031167047412e-05,1.08845223765787,0.998,0.629,0.684542622812571,"0","Hlf"
2.72915713005465e-05,0.783204634223226,0.857,0.505,0.881108379438143,"0","Ppp1r9a"
2.98301060343113e-05,0.907791535570619,0.823,0.442,0.963064973317739,"0","Eya2"
3.30274644145603e-05,0.462495815448755,0.66,0.44,1,"0","Tsc22d3"
3.4544820262324e-05,0.668582672175676,1,0.797,1,"0","Msi2"
4.45103387866287e-05,0.446507778390232,0.772,0.524,1,"0","Dock7"
5.18257852719482e-05,1.35100472183161,0.746,0.299,1,"0","Mpl"
5.42838041999697e-05,0.579564522220191,0.964,0.716,1,"0","Nfat5"
5.49335577112549e-05,0.778152371754782,0.777,0.465,1,"0","Eng"
5.65401343103461e-05,1.26011717105365,0.538,0.197,1,"0","Pdzk1ip1"
5.67336803329273e-05,0.559070254742715,0.997,0.75,1,"0","Lrmda"
6.05605877239457e-05,1.436558091968,0.516,0.214,1,"0","Krt18"
7.29946705564777e-05,1.19677160895836,0.889,0.536,1,"0","Myl10"
7.48617337931303e-05,0.595729993032024,0.953,0.656,1,"0","Tmem176b"
7.56019298087736e-05,0.488064961306228,0.978,0.709,1,"0","Erg"
8.2428806350883e-05,0.504667213454978,0.958,0.742,1,"0","Diaph1"
8.28673283645286e-05,0.532487211960345,0.643,0.437,1,"0","Snhg12"
8.89788770486535e-05,0.789811392075222,0.976,0.626,1,"0","Mir99ahg"
8.98034442313207e-05,1.24106749052019,0.664,0.246,1,"0","Dlg2"
9.12294183987742e-05,1.35093637198593,0.759,0.333,1,"0","Rbp1"
9.29233285783676e-05,0.83728280314238,0.741,0.36,1,"0","Hacd4"
9.75922199597501e-05,0.776507230419746,0.8,0.521,1,"0","Zbtb38"
0.00010121258681613,0.830247238069676,0.861,0.524,1,"0","Nceh1"
0.000102622824336336,0.788853346062215,0.99,0.668,1,"0","Adgrg1"
0.000103652705210565,0.902805005612517,0.606,0.33,1,"0","Pglyrp2"
0.00011435797757938,0.652195684018276,0.799,0.481,1,"0","Nfia"
0.000129266319347748,0.794169170736907,0.963,0.668,1,"0","Mllt3"
0.000129718709727835,0.63369915225258,0.99,0.74,1,"0","Mctp1"
0.000131566192706386,1.41020470570758,0.405,0.145,1,"0","Gm973"
0.000146843936990721,1.39741305534998,0.507,0.191,1,"0","Procr"
0.000151349531887788,0.654520910022648,0.949,0.616,1,"0","Pard3b"
0.000154222225540241,0.718697320702466,0.813,0.502,1,"0","Zfp521"
0.000158926758126203,1.2267344647983,0.884,0.442,1,"0","Csgalnact1"
0.000165278488511767,0.570740112778015,0.968,0.739,1,"0","Txnip"
0.000173716418846007,0.613013418956228,0.959,0.65,1,"0","Tbxas1"
0.00017523764561781,0.402327289665237,0.741,0.54,1,"0","Prmt3"
0.000184539719472174,0.458452420258516,0.989,0.741,1,"0","Igf1r"
0.000195855208757878,0.652830115199641,0.962,0.696,1,"0","Cbfa2t3"
0.000219153887994612,0.450697584996959,0.761,0.546,1,"0","Ptpn12"
0.000221503030241898,0.913137090116937,0.702,0.372,1,"0","Tal1"
0.000224645138581265,0.854647522889246,0.695,0.384,1,"0","Abcg2"
0.000225573308809268,1.08475979026948,0.581,0.266,1,"0","Gulp1"
0.000250684975289946,1.22424469501993,0.421,0.172,1,"0","Scarf1"
0.000259508018578312,1.07276295311474,1,0.691,1,"0","Angpt1"
0.000273670755841759,1.10032010150564,0.534,0.209,1,"0","Nbea"
0.000296320140894081,0.39772426860279,0.652,0.403,1,"0","Tspan4"
0.000323273099741088,0.293079830026929,0.869,0.641,1,"0","Lpp"
0.00035856951529494,0.772537902888413,0.998,0.769,1,"0","Lmo2"
0.000378995038678641,1.26002711813344,0.537,0.225,1,"0","Gm16070"
0.000379762285465224,0.380501284163167,0.849,0.606,1,"0","Snhg8"
0.000380716356700724,1.07546835693025,0.792,0.32,1,"0","Plxdc2"
0.000426389794817904,0.915857596901464,0.629,0.341,1,"0","Rhobtb3"
0.000430478093311971,0.538982130105815,0.981,0.723,1,"0","Ifitm2"
0.000445529982237444,0.459323176455439,0.482,0.263,1,"0","Cd200r1"
0.000486975652205838,0.836310559634154,0.999,0.694,1,"0","Meis1"
0.000506165674593437,1.13379120040612,0.786,0.377,1,"0","Prdm16"
0.000525388443337386,0.639663825251592,0.784,0.404,1,"0","Itsn1"
0.000534761696623251,1.29459204119012,0.416,0.154,1,"0","Palld"
0.000543506303210299,1.02788380270578,0.543,0.25,1,"0","Mdga1"
0.000605154221004748,0.271474405243646,0.851,0.62,1,"0","Mrpl52"
0.000617325739294926,0.530883642345606,0.696,0.463,1,"0","Pigp"
0.000682495223317369,0.477606397890263,0.911,0.667,1,"0","Pnrc1"
0.000683621145511699,0.461908382654196,0.905,0.676,1,"0","Adipor2"
0.000772339675998803,0.552097374946995,0.86,0.614,1,"0","Srebf2"
0.00079319433821178,0.422310975267278,0.665,0.417,1,"0","Gabarapl1"
0.000806335490374624,0.614159505771874,0.99,0.729,1,"0","Zfp608"
0.00091484639241798,1.12740753786095,0.494,0.215,1,"0","Shank3"
0.00092838494983948,0.262210918644171,0.758,0.554,1,"0","Crebrf"
0.000941068757327173,0.682670493802323,0.437,0.197,1,"0","Tfec"
0.000943687143945279,0.198630606563813,0.969,0.768,1,"0","Tut4"
0.000958270954752717,0.619383979450161,0.891,0.614,1,"0","Exoc6b"
0.0009661855693959,0.968644075581225,0.431,0.22,1,"0","Mycn"
0.0009896067470149,1.05285830455196,0.494,0.23,1,"0","Vegfc"
0.00106806443971666,0.786733675114517,0.532,0.302,1,"0","Gm15657"
0.00107365825976119,0.765119754808294,0.972,0.684,1,"0","Kit"
0.00107365825976119,0.647399293769388,0.969,0.711,1,"0","2410006H16Rik"
0.00108754591004302,0.829147602140719,0.947,0.614,1,"0","Rbpms"
0.00109335055309399,0.571719162049205,0.969,0.716,1,"0","Nedd4"
0.00125024358100862,0.667409750309543,0.857,0.562,1,"0","Nfix"
0.00128143242602463,0.530744402285581,0.961,0.702,1,"0","Cpq"
0.00133321471317879,0.454518727401711,0.957,0.696,1,"0","Maml2"
0.0013360908089136,0.283597158474926,0.89,0.682,1,"0","Lrba"
0.00134308820117375,0.385881420653047,0.852,0.648,1,"0","Uri1"
0.00135095040990906,0.93946159639682,0.999,0.627,1,"0","Mecom"
0.00136852716861452,0.973607292037621,0.487,0.249,1,"0","Pafah2"
0.00140774788551448,0.939656898456052,0.882,0.455,1,"0","Dach1"
0.00141078286248076,0.145568474460883,0.943,0.738,1,"0","Park7"
0.00147179818970484,0.986649382023244,0.885,0.536,1,"0","Gimap1"
0.00149886277278818,0.461910870511074,0.685,0.476,1,"0","Zdhhc17"
0.00150848637878497,0.37661237509696,0.964,0.748,1,"0","Zeb1"
0.00165204369853179,0.351881709176516,0.904,0.702,1,"0","Mbtd1"
0.00174910044283717,0.935885542664237,0.808,0.473,1,"0","Nfe2"
0.00180429555097904,0.416264286619666,0.694,0.48,1,"0","Rab31"
0.00183344338191057,1.01029551957195,0.985,0.632,1,"0","Ctla2a"
0.00183874598329226,0.992742584853964,0.384,0.179,1,"0","Creb5"
0.00184676819530655,1.18820242554702,0.406,0.181,1,"0","Ccdc112"
0.00184678887835035,0.751645290430073,0.879,0.569,1,"0","Map7"
0.00186243091301409,0.787274143674564,0.687,0.42,1,"0","Pik3ip1"
0.0020380291724851,1.0919166631777,0.547,0.265,1,"0","Zfp532"
0.00210608701186616,1.26574840511333,0.676,0.314,1,"0","Gm19590"
0.00215140136054426,0.969388766400176,0.998,0.668,1,"0","Nrxn1"
0.00216324019892494,0.622153834044696,0.894,0.63,1,"0","Heatr5a"
0.00216760514999489,0.747611624437344,0.54,0.302,1,"0","Tmtc2"
0.00223074785045857,0.578659563981091,0.749,0.468,1,"0","Gria3"
0.00225675567931651,0.715452583699466,0.682,0.423,1,"0","Itga6"
0.00228016873652037,0.675248411631013,0.622,0.405,1,"0","Plcb2"
0.00252804474387677,0.501007631641876,0.795,0.543,1,"0","Fgd4"
0.00257670619482188,0.982563372647286,0.672,0.373,1,"0","Ldhb"
0.00263565971823888,0.510585380417774,0.969,0.695,1,"0","Ptprcap"
0.00263565971823888,0.885491808643397,0.976,0.719,1,"0","Pim1"
0.00264025799147353,0.301574740758855,0.841,0.622,1,"0","Klhl24"
0.00264055207860369,1.29366340497957,0.376,0.136,1,"0","Tie1"
0.0026591721151171,0.34347494716264,0.829,0.625,1,"0","Ralgapa2"
0.00272295812085469,0.840097030874261,0.883,0.558,1,"0","Osbpl1a"
0.00279021785913003,0.466078697682958,0.992,0.752,1,"0","Ptpre"
0.00283727943442236,0.87131629384184,0.999,0.664,1,"0","Gcnt2"
0.00284258827895072,0.453057156471078,0.872,0.609,1,"0","Shisa5"
0.00284377697650244,1.15992391776304,0.99,0.629,1,"0","Ifitm1"
0.00290783266391501,0.526837591034093,0.95,0.717,1,"0","Ankrd13a"
0.00293302075368318,0.581333275096434,0.907,0.665,1,"0","Stat3"
0.0029673737414458,0.413062201089584,0.687,0.458,1,"0","Prkcq"
0.00320417875005441,0.24134121157588,0.91,0.687,1,"0","Sptssa"
0.00350760706796774,1.39602529674887,0.502,0.172,1,"0","Mamdc2"
0.00360869855936481,0.634063457604684,0.636,0.389,1,"0","Acox1"
0.00365025268955361,1.01070104986134,0.813,0.448,1,"0","Ltb"
0.00396911564074085,0.764931889139266,0.972,0.702,1,"0","Gse1"
0.0040076494248394,0.679573960717565,0.576,0.353,1,"0","Prdm5"
0.00406920820941309,0.294440763365954,0.901,0.663,1,"0","Fkbp3"
0.00425767763966517,0.674834200224441,0.576,0.34,1,"0","2210408F21Rik"
0.00466735202293695,0.415869522689087,0.866,0.63,1,"0","Bin2"
0.00471616363591216,0.684029525350091,0.972,0.635,1,"0","Cacnb2"
0.00472328418479184,0.703556326161022,0.671,0.426,1,"0","Ppp2r3a"
0.00489471222732753,0.240780206533134,0.911,0.699,1,"0","Uba52"
0.00535271463973355,0.360072373751664,0.78,0.536,1,"0","Plxnc1"
0.00538973384144984,0.125918791855611,0.835,0.599,1,"0","S100a10"
0.00544460804586306,0.564077080865073,0.658,0.444,1,"0","Fhit"
0.00545981753189259,0.866382592820091,0.913,0.603,1,"0","Prkag2"
0.00563215455762733,0.463277469628323,0.705,0.449,1,"0","Clnk"
0.00585910920967155,1.05820863009011,0.45,0.22,1,"0","Gimap5"
0.00590341803784704,1.14222485875875,0.426,0.163,1,"0","Grb10"
0.00625452854372212,0.643598673266665,0.844,0.544,1,"0","Cd27"
0.00626194514173854,0.602224943125242,0.614,0.399,1,"0","Epb41l4aos"
0.00627574343561597,0.402075208596316,0.761,0.559,1,"0","Ipo11"
0.00666215008870623,0.699441636009291,0.486,0.285,1,"0","Irak3"
0.0070568360246363,0.485278266018671,0.811,0.596,1,"0","Lonp2"
0.0072841948080341,0.337197840785168,0.865,0.626,1,"0","Ppm1h"
0.00738825458218808,0.918012528304287,0.558,0.324,1,"0","Inka1"
0.00743766919011976,0.542691971448593,0.755,0.537,1,"0","Hk1"
0.00752597226261316,0.658473436244421,0.92,0.608,1,"0","Arhgap6"
0.00770674388144854,0.362880468818987,0.981,0.774,1,"0","Ccnd3"
0.00774458902532354,0.512297261902926,0.925,0.665,1,"0","Ern1"
0.0079791410709577,0.581953490866979,0.994,0.766,1,"0","Fchsd2"
0.00808902605510725,0.64928116282066,0.852,0.605,1,"0","Def6"
0.00814204488693614,0.909024406547796,0.512,0.276,1,"0","Rgs1"
0.00837920351865546,0.71265494578897,0.839,0.526,1,"0","Eya1"
0.00889081692558853,0.696738016964015,0.666,0.44,1,"0","Lyl1"
0.00905379505737328,0.422514311986906,0.945,0.744,1,"0","Kmt2a"
0.00907002202880812,0.361380573548731,0.906,0.695,1,"0","Supt3"
0.00945101253995718,0.644976703769065,0.762,0.486,1,"0","Ttc28"
0.00955481667708726,0.755143647319963,0.638,0.311,1,"0","Rora"
0.00962428347222359,1.12754610648201,0.466,0.203,1,"0","Mill2"
0.00966773303347776,0.672880605289383,0.775,0.514,1,"0","Dtd1"
0.00988301077541502,0.329427292154157,0.89,0.687,1,"0","Chd6"
2.71971619297322e-09,1.37595313518728,0.992,0.55,8.78060372901403e-05,"1","Flt3"
5.38135530817799e-09,1.13893042288465,1,0.713,0.000173737056124527,"1","Adgrl4"
7.11051276972098e-08,0.306705533819046,0.902,0.678,0.00229562904770442,"1","Dcaf8"
7.53356124273795e-08,1.05235980947724,0.988,0.599,0.00243221024721795,"1","Cd34"
1.02317909542773e-07,0.829801171398808,0.999,0.688,0.00330333370958844,"1","Gcnt2"
1.24946049849103e-07,0.974780961670547,1,0.764,0.00403388321937828,"1","Rnf220"
2.42497675905149e-07,0.886482474474783,0.918,0.639,0.00782903746659775,"1","Chst11"
3.13158783782881e-07,0.432854899417035,0.886,0.631,0.0101103313344303,"1","Klhl24"
4.5214212690851e-07,0.762564812204209,0.919,0.631,0.0145974085672412,"1","Arhgap6"
5.5083890956303e-07,0.673241560908577,0.972,0.65,0.0177838341952424,"1","Ikzf2"
6.6166038531176e-07,0.811083253849211,1,0.724,0.0213617055397902,"1","2610307P16Rik"
7.27610966143102e-07,0.826656420516299,0.984,0.666,0.02349092004193,"1","Sox4"
8.78985160261887e-07,0.511850354167024,0.859,0.597,0.028378035899055,"1","Stap1"
8.95950189816548e-07,0.847862781788868,0.995,0.764,0.0289257518782273,"1","Vav3"
9.8603899728071e-07,0.593938735481922,0.995,0.749,0.0318342690272077,"1","Ssbp2"
1.09012743035101e-06,1.2618511310686,0.886,0.506,0.0351947640888825,"1","Stxbp4"
1.23519271220741e-06,2.07374942106233,0.603,0.146,0.0398781967136162,"1","Sema3d"
1.40682227999636e-06,0.58392259342626,0.935,0.631,0.0454192573096826,"1","Atp2b4"
2.02927013936843e-06,0.796977176792286,0.999,0.769,0.0655149864495096,"1","Ptpre"
2.11121908669917e-06,0.573372695953156,0.913,0.618,0.0681607082140828,"1","Alcam"
2.22949583476106e-06,1.15045959427028,0.923,0.514,0.0719792730252608,"1","Satb1"
2.24224824157808e-06,0.561111746209975,0.542,0.318,0.0723909844793484,"1","Myof"
2.37273842845907e-06,0.831285386974963,0.995,0.7,0.0766038601628009,"1","Runx2"
4.13475813307661e-06,0.622525357240531,0.758,0.485,0.133490666326378,"1","Xpc"
5.69352649705133e-06,1.11636366658329,0.795,0.366,0.183815502957302,"1","Tespa1"
5.7888281567432e-06,0.530316048617246,0.584,0.359,0.186892317040454,"1","4931422A03Rik"
7.5297204933368e-06,0.208470235982377,0.887,0.678,0.243097026127379,"1","Ube2r2"
7.95424599911954e-06,0.465372781959756,0.972,0.769,0.256802832081574,"1","Mbnl2"
8.42910955398028e-06,0.754095065275026,0.99,0.726,0.272133801950253,"1","Parp8"
8.59152715049404e-06,0.325744254741564,0.949,0.732,0.2773774540537,"1","Smarca2"
9.24472090911113e-06,0.603644193682814,0.98,0.729,0.298465814550653,"1","2410006H16Rik"
1.15552334569872e-05,0.826609573060043,0.995,0.747,0.373060712158831,"1","Maml3"
1.2547434338008e-05,0.789655802921018,0.546,0.319,0.405093917602587,"1","Slfn8"
1.43456101526497e-05,0.83535080033486,0.954,0.67,0.463148023778295,"1","Calcrl"
1.547534720423e-05,0.669663822730941,0.914,0.619,0.499621584488565,"1","Zfas1"
1.56648108595431e-05,0.841910493946442,0.653,0.387,0.505738418600348,"1","Gm20342"
1.66779764132968e-05,0.512635113663458,0.69,0.439,0.538448468503289,"1","Pik3ip1"
1.82886779178575e-05,0.588001308142855,0.999,0.786,0.590449966578029,"1","Lmo2"
1.83987802471862e-05,0.833926961013345,0.952,0.599,0.594004620280407,"1","Ccser1"
1.9324726874143e-05,0.662228618126232,0.974,0.721,0.623898807131708,"1","Arhgef18"
2.04772304402182e-05,1.01049721533754,0.899,0.587,0.661107384762445,"1","Slco3a1"
2.12057081518988e-05,0.785112784080731,0.631,0.372,0.684626287684052,"1","Peli2"
2.4091518760073e-05,0.710989063985552,0.996,0.693,0.777794683168956,"1","Nrxn1"
2.61591214459403e-05,0.89007236849567,0.988,0.7,0.844547235882183,"1","Ramp1"
2.66891237539457e-05,0.811788854425731,0.98,0.737,0.861658360396136,"1","Pim1"
2.69417529883475e-05,0.409005407636972,0.903,0.693,0.869814495228799,"1","Adipor2"
3.04509375653564e-05,0.514226863823349,1,0.791,0.98310851929753,"1","Aff3"
3.39594081611023e-05,0.373575097876627,0.975,0.658,1,"1","Ifitm1"
3.49586169639649e-05,0.527502539721644,0.994,0.783,1,"1","Fchsd2"
3.55891185492108e-05,0.342084916666985,0.957,0.755,1,"1","Arl15"
4.11876357617758e-05,0.560560838761304,0.664,0.412,1,"1","Fbxw4"
4.73794653763545e-05,0.329509983532567,0.886,0.681,1,"1","Adnp"
5.01275042147033e-05,0.326370797070714,0.911,0.711,1,"1","Akap9"
5.14905390794264e-05,0.588128344412865,0.998,0.768,1,"1","Lrmda"
5.70118409594072e-05,0.775757281348872,0.985,0.658,1,"1","Hlf"
5.80040884557426e-05,1.10904005123128,0.843,0.446,1,"1","Clnk"
5.98128324936627e-05,0.637790566301789,0.953,0.721,1,"1","Zfand5"
6.00522307556475e-05,0.423800448470393,0.848,0.631,1,"1","Dis3l2"
6.1407281436307e-05,0.395832997308423,0.984,0.781,1,"1","Rabgap1l"
6.1763333633666e-05,0.996696874103946,0.968,0.616,1,"1","Emb"
6.21103758891716e-05,0.455197721048853,0.831,0.615,1,"1","Lrrc8d"
7.73999153090097e-05,0.646448926833926,0.491,0.285,1,"1","Emcn"
7.93170375558604e-05,0.644043384795427,0.981,0.766,1,"1","Phf14"
7.99560281120084e-05,0.309439944571968,0.657,0.439,1,"1","Hbp1"
8.02705774126018e-05,0.944493199405343,0.702,0.379,1,"1","Kcnk12"
8.06068891515198e-05,0.666902590699953,0.989,0.657,1,"1","Ctla2a"
8.52175704296067e-05,1.15319317034546,0.441,0.21,1,"1","Sntb1"
8.53825214124305e-05,0.552092680580395,0.97,0.72,1,"1","Ifi203"
9.1952156269056e-05,0.498889074578126,0.67,0.446,1,"1","Itpk1"
9.54068702610305e-05,0.31883117185741,0.808,0.602,1,"1","Supt20"
9.67488299386113e-05,0.297709861413337,0.821,0.472,1,"1","Serpinb1a"
9.73140489939734e-05,1.0275957927721,0.597,0.294,1,"1","Tnip3"
0.000106492589755321,0.667210160411613,0.61,0.362,1,"1","Hgf"
0.000115777983471105,0.463544972186157,0.787,0.565,1,"1","Lrrfip2"
0.000121696717611593,0.558579711037376,0.974,0.652,1,"1","Mir99ahg"
0.000140165456836193,0.336208655519786,0.754,0.494,1,"1","Kdm7a"
0.000153469159018082,0.553174405456513,0.953,0.712,1,"1","Kansl1l"
0.000154754143719931,0.440403666204282,0.908,0.694,1,"1","Arid4a"
0.000158961931562788,0.684504133425799,0.935,0.689,1,"1","Zfp800"
0.000158961931562788,0.377540805327195,0.917,0.698,1,"1","Chd6"
0.000161333538122402,0.890965870607589,0.81,0.461,1,"1","Csf3r"
0.000163365647884034,0.53262160008984,0.967,0.745,1,"1","Plcg2"
0.000170412578841549,0.362762877266298,0.791,0.578,1,"1","Rab3gap1"
0.000173834137510469,0.381593731750629,0.749,0.428,1,"1","Plek"
0.000177497976177145,0.343691424206352,0.802,0.562,1,"1","Crebrf"
0.000185396488456501,0.556025800643194,0.76,0.523,1,"1","Camk2g"
0.000211965862088394,0.904247391179212,0.739,0.391,1,"1","Rnf150"
0.000213030449765777,0.495662727490363,0.814,0.552,1,"1","Fam117a"
0.000220361819076803,0.520520095212006,0.877,0.625,1,"1","Coro7"
0.000221226357264915,0.564925890241916,0.938,0.683,1,"1","Mprip"
0.0002297916862478,1.47746738392238,0.784,0.3,1,"1","Wfdc17"
0.000237155422565439,0.635554364642081,0.68,0.423,1,"1","Gramd1a"
0.000238607670674598,0.66707876650816,0.934,0.662,1,"1","Map4k4"
0.000239545296253256,0.70711905487715,0.765,0.475,1,"1","Pstpip1"
0.000241467100006246,0.439196372715862,0.706,0.503,1,"1","Mob2"
0.00024656064963295,0.77131241997265,0.894,0.558,1,"1","Cd27"
0.000250776912265322,0.637066206509656,0.847,0.556,1,"1","Il17ra"
0.000273106617713469,0.445972633803999,0.905,0.651,1,"1","Lncpint"
0.000276456164521193,0.415253925917892,0.653,0.443,1,"1","Ap1s3"
0.00028853240387661,0.26758584551523,0.734,0.509,1,"1","Nfe2"
0.000291307401873678,0.349413378115275,0.936,0.722,1,"1","Vps13a"
0.000309819447728603,0.467381916110232,0.99,0.787,1,"1","Ccnd3"
0.00032292414467052,0.605626223229941,0.848,0.562,1,"1","Pecam1"
0.000326005271069067,1.42776403850426,0.677,0.262,1,"1","Il1r1"
0.000350314251469893,0.517157900417493,0.915,0.663,1,"1","Myo5a"
0.000374514508602867,0.536285352129455,0.789,0.523,1,"1","Ccdc171"
0.000376352565848342,0.356081622114489,0.781,0.53,1,"1","Zfp521"
0.000377923921635496,0.733749164901641,0.883,0.565,1,"1","Arhgap32"
0.000384823247753053,0.304820055451793,0.782,0.582,1,"1","Sos2"
0.000398373037256121,0.716948709891551,0.522,0.288,1,"1","Klhl3"
0.000414499082053415,0.697064733965647,0.756,0.472,1,"1","Tet1"
0.000430425618075483,0.68400963202218,0.747,0.476,1,"1","Rnf144a"
0.000439199256087807,0.602632618257968,0.816,0.546,1,"1","Sirt3"
0.000447596798533545,0.423971698693845,0.975,0.714,1,"1","Ptprcap"
0.000477580331016408,1.21070243560049,0.589,0.255,1,"1","Vldlr"
0.000488510130053491,1.096405391936,0.407,0.184,1,"1","Ccl4"
0.000496385494984633,0.308983497770654,0.954,0.708,1,"1","Kit"
0.000504768309274716,0.333378183013982,0.754,0.532,1,"1","Pnpla7"
0.000516354017865221,1.20216915635813,0.603,0.27,1,"1","Gm5111"
0.00058864664869792,0.278008307878173,0.856,0.566,1,"1","Lsp1"
0.000598362902990857,0.574399408245691,0.857,0.571,1,"1","Il15"
0.000599032210418983,0.239537584980634,0.735,0.505,1,"1","Ypel3"
0.000600598715413403,0.471977408702307,0.789,0.531,1,"1","Glipr1"
0.000605154221004748,0.439649858942348,0.884,0.662,1,"1","Sesn1"
0.000644142153936255,0.555962521340504,0.527,0.315,1,"1","Nfatc2"
0.000649318017815005,0.109492011757242,0.826,0.615,1,"1","Psd3"
0.000654815193329147,0.224181334433406,0.986,0.759,1,"1","Mctp1"
0.000657403565722595,0.555297609753194,0.996,0.775,1,"1","Dapp1"
0.000668210600381805,0.672774064662873,0.492,0.287,1,"1","Cnrip1"
0.000692376671749072,0.279469502250184,0.752,0.538,1,"1","Rnf13"
0.000692724032612265,0.48787104680563,0.567,0.352,1,"1","Il21r"
0.000701527143649309,0.286433366500547,0.794,0.582,1,"1","Mta3"
0.000705835529923964,0.406251282271416,0.841,0.596,1,"1","Fbxl20"
0.000707795044581567,0.27568555873919,0.697,0.492,1,"1","Plaat3"
0.000712792124280329,0.319404696614136,0.935,0.731,1,"1","Uvrag"
0.000722825488906541,0.332727499236556,0.898,0.645,1,"1","Snx10"
0.000722825488906541,0.272211640103293,0.787,0.583,1,"1","Snhg1"
0.00079121760670858,0.507832111895373,0.865,0.585,1,"1","Osbpl1a"
0.000799869617378766,0.501245046746491,0.82,0.566,1,"1","Tapt1"
0.000826662742277166,0.504822438530989,0.993,0.76,1,"1","Bcl11a"
0.000827206085987364,0.47660955914893,0.719,0.466,1,"1","Mxd4"
0.000854708346910837,0.725260206322315,0.995,0.748,1,"1","Zfp608"
0.000878627723065326,0.655651326985693,0.904,0.625,1,"1","Retreg1"
0.000885879390626975,0.21237723054315,0.863,0.486,1,"1","Slc9a9"
0.000892171235514339,1.3236104760653,0.377,0.144,1,"1","Msrb3"
0.00089429893525153,0.548948397988316,0.741,0.489,1,"1","1110038B12Rik"
0.000919581045271131,0.29897517335816,0.915,0.713,1,"1","Clk1"
0.000952837102882783,0.587740704300776,0.839,0.565,1,"1","Gm4258"
0.000973089135474622,1.57367223803421,0.283,0.077,1,"1","Wfdc18"
0.000981737468897455,0.55497952573073,0.571,0.36,1,"1","Rasal3"
0.00102774213332579,0.392042040882279,0.85,0.632,1,"1","Rasa3"
0.00104807771550451,0.374248150234165,0.915,0.644,1,"1","Rbpms"
0.00104807771550451,0.470168348096179,0.895,0.644,1,"1","Gng2"
0.00108411893549204,1.62765273536121,0.548,0.214,1,"1","Pgr"
0.00112563584494364,0.443405519951237,0.639,0.43,1,"1","1110051M20Rik"
0.00113514793280341,0.908045704759239,0.958,0.667,1,"1","Samsn1"
0.00116591364185036,0.363839443027106,0.978,0.775,1,"1","Pnisr"
0.00116606255929443,0.2939606443354,0.917,0.709,1,"1","Numa1"
0.00116611842454732,0.979403136795568,0.48,0.246,1,"1","Ttpa"
0.00128101155356176,0.502840269531951,0.869,0.619,1,"1","Aig1"
0.00129557238482649,0.401821779625916,0.974,0.762,1,"1","Zeb1"
0.00133290189274993,0.798052427345171,0.637,0.348,1,"1","2210408F21Rik"
0.00134308820117375,0.135452994696848,0.905,0.664,1,"1","Fmnl2"
0.00137409892098148,0.334733403453676,0.832,0.597,1,"1","Lyst"
0.00144371534746272,0.526906537334384,0.897,0.657,1,"1","Cd44"
0.00144371534746272,0.290341104346067,0.839,0.622,1,"1","Bcas3"
0.00148824440972068,0.372177344454034,0.934,0.696,1,"1","Epsti1"
0.00162989309700138,1.10822121548097,0.491,0.242,1,"1","Paqr5"
0.00163770137795905,0.486733973420357,0.712,0.497,1,"1","Pex7"
0.00166895129315952,0.65171738142629,0.985,0.763,1,"1","Znrf1"
0.0016958454765064,0.298151930328073,0.97,0.719,1,"1","Plac8"
0.00170611671212856,0.329891061551527,0.893,0.686,1,"1","Zmynd8"
0.0017262996143384,0.829940227605996,0.432,0.207,1,"1","Ggt5"
0.00173633852670629,0.354112120575051,0.927,0.702,1,"1","Map2k5"
0.00178655570255222,0.606611410406046,0.769,0.386,1,"1","BC035044"
0.00180780023467941,0.338689801595293,0.874,0.668,1,"1","R3hdm2"
0.00190799855311388,0.537516373191569,0.824,0.56,1,"1","Arid5b"
0.00192226508562575,0.603470145049718,0.877,0.604,1,"1","Kctd1"
0.00200056022618362,0.661479071985266,0.558,0.309,1,"1","Plppr3"
0.00206336017941268,0.352886997281613,0.856,0.633,1,"1","Srebf2"
0.00213937763492585,0.556645346244672,0.828,0.585,1,"1","Scaper"
0.00216139887926152,0.322954841132429,0.804,0.581,1,"1","Tnrc18"
0.00220359250842636,0.246087108784278,0.716,0.487,1,"1","Eya2"
0.00228357288361303,0.676308458395158,0.812,0.541,1,"1","Atp10a"
0.00228738253300468,0.400471585481862,0.713,0.426,1,"1","Basp1"
0.0022966683317854,0.619798070749391,0.923,0.635,1,"1","St8sia4"
0.00230761378481285,0.74553649237746,0.909,0.594,1,"1","Kdm5b"
0.00233307956236766,0.510810289380272,0.97,0.737,1,"1","Pcgf5"
0.00233508810990828,0.348751364618396,0.91,0.678,1,"1","Rai1"
0.00240579051237324,0.493943286679761,0.783,0.501,1,"1","Ly6a"
0.00241709564983201,0.508620066838879,0.641,0.41,1,"1","Epb41l4aos"
0.0024569571936177,0.239378696905513,0.593,0.37,1,"1","4931406C07Rik"
0.0024966425126424,0.549527103981815,0.585,0.383,1,"1","Abcb1b"
0.00254209850097862,0.307847875030903,0.869,0.664,1,"1","Aff4"
0.00260742400882565,0.592890053791416,0.893,0.634,1,"1","Pde4b"
0.00264025799147353,0.36889093381886,0.857,0.624,1,"1","Phtf2"
0.00265320000234724,0.4997354584135,0.82,0.577,1,"1","Tspan5"
0.00268662971062463,0.401564459423405,0.798,0.539,1,"1","Spns2"
0.00270112897224466,0.538966803019683,0.926,0.678,1,"1","Pag1"
0.0027045667180355,0.46090541157621,0.976,0.768,1,"1","Dock11"
0.00271721389592129,0.35568014367183,0.96,0.757,1,"1","Fam107b"
0.0027242199604329,0.779718957817959,0.76,0.444,1,"1","Dnajc6"
0.00275610262676348,0.401004467636163,0.55,0.342,1,"1","Anxa4"
0.00276562744214389,0.436391215003632,0.696,0.486,1,"1","Prkd3"
0.00276649223941403,0.404201749388594,0.977,0.746,1,"1","Akt3"
0.0027993636501165,0.68956060593202,0.564,0.358,1,"1","Gm26542"
0.00281511990152126,0.261166311173073,0.882,0.678,1,"1","Hnrnph3"
0.00282673423652066,0.454451933206225,0.906,0.667,1,"1","Foxo3"
0.00292472836840473,0.556244993901748,0.79,0.542,1,"1","2610035D17Rik"
0.00293293463309056,0.309653689236264,0.886,0.668,1,"1","Dennd5a"
0.00295920832868922,1.03671826266838,0.564,0.274,1,"1","Pcp4l1"
0.00299227046222933,0.326432313884065,0.821,0.613,1,"1","Senp7"
0.00302808095542881,0.70288220046394,0.623,0.361,1,"1","Hoxa3"
0.00316442297778385,0.385544521492675,0.951,0.663,1,"1","Cacnb2"
0.00322597114479646,0.819257838407324,0.95,0.68,1,"1","Ern1"
0.00323813938276127,0.226011961920747,0.825,0.544,1,"1","Samd12"
0.00331344127223172,0.511816102861365,0.683,0.423,1,"1","Ldlrad4"
0.00332113221816157,0.788816173982797,0.514,0.281,1,"1","Nkx2-3"
0.00335837968068367,0.831511607812737,0.622,0.325,1,"1","Lax1"
0.00339699278799325,0.73786492653935,0.462,0.262,1,"1","Shisa8"
0.00345691684644732,1.09285118682384,0.7,0.344,1,"1","C030034L19Rik"
0.00352798751477218,0.347498279971202,0.999,0.717,1,"1","Meis1"
0.00354841738946949,0.222886243734359,0.838,0.629,1,"1","Prkacb"
0.00364138232632475,0.345882210828085,0.995,0.78,1,"1","Iqgap2"
0.0036454590689362,0.276449484718271,0.891,0.689,1,"1","Rbbp6"
0.0036684768064332,0.182373256776264,0.807,0.567,1,"1","Tmem176a"
0.00367040749784144,0.362355289305189,0.821,0.587,1,"1","Rhoh"
0.00368449174982008,0.253291833671917,0.874,0.646,1,"1","Bin2"
0.0036990805624747,0.255510221868878,0.955,0.735,1,"1","Nfat5"
0.0037805664433367,0.571223343152703,0.996,0.77,1,"1","Mef2c"
0.00386108501051707,0.558230769907624,0.698,0.443,1,"1","Snhg12"
0.00397483509718167,0.25851383470397,0.85,0.645,1,"1","Cdc42se2"
0.00399085071042688,0.30644666215905,0.824,0.563,1,"1","H2-DMa"
0.00410155129222712,0.401119341531225,0.958,0.733,1,"1","Ankrd13a"
0.00411344444738591,0.404944780424612,0.957,0.722,1,"1","Cpq"
0.00412672168327902,0.299418324975084,0.989,0.759,1,"1","Igf1r"
0.00413974209670869,0.249583547826318,0.884,0.675,1,"1","Atxn7l3b"
0.00415914517090397,0.223074931672937,0.996,0.714,1,"1","Angpt1"
0.00426125414257667,0.635908135065571,0.883,0.542,1,"1","Tox"
0.00434445002477848,0.37715748539313,0.982,0.728,1,"1","Erg"
0.00456255800701569,0.363142402987798,0.763,0.563,1,"1","Zfp950"
0.00462946841140689,0.81507607416676,0.582,0.32,1,"1","Thsd1"
0.0047405994089023,0.709168733141383,0.726,0.431,1,"1","Zfp831"
0.00496315324373966,0.288656509053113,0.795,0.595,1,"1","Gpbp1l1"
0.00501137107799758,0.303120088379811,0.827,0.591,1,"1","Scd2"
0.00513053848153089,0.521442878485952,0.901,0.628,1,"1","Prkag2"
0.00523219284902499,0.836801895621322,0.87,0.513,1,"1","Hoxa9"
0.00524480609499882,0.455647285479164,0.973,0.764,1,"1","Rfx7"
0.00531387475577911,0.567094392054932,0.563,0.36,1,"1","A630072M18Rik"
0.00547982972959533,0.593625247564816,0.969,0.747,1,"1","Cdk19"
0.00568377238295216,0.534374488288744,0.746,0.469,1,"1","Mettl7a1"
0.00570139703759141,0.590856234056377,0.674,0.436,1,"1","Gm12216"
0.00576228691388614,0.248953061711483,0.801,0.575,1,"1","Gimap1"
0.00591494726571955,0.518414868692352,0.924,0.68,1,"1","Stat3"
0.00595843694810573,0.453801869608139,0.787,0.554,1,"1","Trim14"
0.00596472086138778,0.360709751780228,0.901,0.661,1,"1","Arhgap30"
0.00608231714374669,0.342146028950133,0.682,0.467,1,"1","Bcr"
0.00614365734588161,0.300289451504839,0.869,0.643,1,"1","Ppm1h"
0.00625360585473406,0.317167129925132,0.926,0.713,1,"1","Mbtd1"
0.00651541594431786,1.11703761387502,0.834,0.449,1,"1","Gpr171"
0.00666196602189065,0.518053999849899,0.888,0.638,1,"1","Pip5k1b"
0.00687490678274547,0.445658539606086,0.925,0.69,1,"1","Tia1"
0.00688610313287198,0.812776852460142,0.82,0.518,1,"1","Tes"
0.00693608436362859,0.469513006627811,0.934,0.672,1,"1","Rgs18"
0.00699741597187807,0.542433199515969,0.728,0.51,1,"1","Lrrc8c"
0.00706563980326645,0.403676891491761,0.705,0.479,1,"1","Pigp"
0.00715427738793435,0.757445458870593,0.524,0.309,1,"1","Nfkbiz"
0.00719402786410282,0.317711103784858,0.864,0.662,1,"1","Aopep"
0.0072640418179499,0.739803288696172,0.598,0.351,1,"1","Dipk1b"
0.00727471012874488,0.504245548958381,0.957,0.713,1,"1","Dcun1d1"
0.00730495522112012,0.456320346648378,0.95,0.721,1,"1","Sptbn1"
0.00740098743100472,0.706016441031391,0.505,0.272,1,"1","Rtp4"
0.00745457477731591,0.68814374205522,0.816,0.508,1,"1","Afap1l1"
0.00756236890745294,0.478058431848339,0.961,0.723,1,"1","Man1a"
0.00760055622370448,0.444244425471093,0.708,0.484,1,"1","Trp53bp1"
0.00803876159016653,0.310839378149765,0.745,0.524,1,"1","Bmpr2"
0.00815297897101612,0.67510563862443,0.554,0.345,1,"1","Ddx60"
0.00831983750606732,0.413749640178908,0.612,0.398,1,"1","Pdk1"
0.00836785843141228,0.534390645587455,0.807,0.513,1,"1","Tnik"
0.00840505196861683,0.28345167814027,0.856,0.637,1,"1","Arhgap17"
0.00863168303368046,0.473237727899937,0.706,0.453,1,"1","Cd93"
0.00866894114919063,0.60949012350927,0.631,0.336,1,"1","Rbm47"
0.00867018886842576,0.573545550408058,0.788,0.519,1,"1","Trio"
0.0086894989403287,0.363775588539458,0.916,0.709,1,"1","Supt3"
0.00876097818827606,0.463868709806607,0.72,0.495,1,"1","Gm26510"
0.00907002202880812,0.328318678689442,0.944,0.724,1,"1","Gtf2i"
0.00913271925162352,0.424886715938682,0.819,0.596,1,"1","Hmg20a"
0.00927085858591226,0.368852261143163,0.893,0.678,1,"1","Exoc6"
0.00968058910830123,0.559534131992987,0.617,0.398,1,"1","Mob3a"
0.00968656800771991,0.264413629065184,0.883,0.682,1,"1","Atf7"
0.00977850333114905,0.480267525854942,0.984,0.728,1,"1","Car2"
4.01434049148249e-17,6.14206855217172,0.841,0.092,1.29602982767512e-12,"2","C1qb"
6.23763342751652e-17,6.04055781484438,0.943,0.112,2.01381995207371e-12,"2","C1qa"
1.76243097071053e-15,5.30253459347712,0.963,0.571,5.69000838893895e-11,"2","Ctsb"
9.33054521117724e-15,5.29237198478588,0.927,0.129,3.01236652142857e-10,"2","Vcam1"
2.81373800848757e-14,4.61985571810806,0.907,0.433,9.08415316040214e-10,"2","Apoe"
5.89591297778357e-14,4.24385717191786,0.803,0.36,1.90349550487743e-09,"2","Tyrobp"
1.37658557503309e-13,5.055617272674,0.95,0.693,4.44430652899432e-09,"2","Ctsd"
2.49614334949787e-13,5.60992926177357,0.782,0.124,8.05879880385388e-09,"2","Sdc3"
2.63848295998213e-13,5.51816140956137,0.786,0.105,8.51834223630232e-09,"2","Axl"
3.69765538221397e-13,6.0334474267531,0.891,0.095,1.19378804014778e-08,"2","C1qc"
5.72677541861566e-13,4.86878822956333,0.818,0.09,1.84888944390007e-08,"2","Mrc1"
1.12658036889491e-12,4.56220897689741,0.794,0.359,3.63716472097721e-08,"2","Marcks"
1.74003714038042e-12,5.01672278983694,0.842,0.127,5.61770990771819e-08,"2","Slc40a1"
4.38328759274775e-12,5.81756016915976,0.884,0.16,1.41514439931861e-07,"2","Hmox1"
1.93467060677833e-11,4.49335177493971,0.867,0.42,6.24608405398383e-07,"2","Fcer1g"
1.22712177735576e-10,6.1882325559536,0.742,0.064,3.96176265819308e-06,"2","Fcna"
1.9010443163972e-10,4.91102290806104,0.778,0.371,6.13752157548836e-06,"2","Trf"
5.84381513076056e-10,6.053851486073,0.706,0.059,1.88667571496605e-05,"2","Cd5l"
6.33929857711452e-10,0.256907402827177,0.151,0.743,2.04664254562142e-05,"2","Trir"
9.85042767338751e-10,0.490412087049877,0.222,0.67,3.18021057435316e-05,"2","Prdx5"
1.34794830992941e-09,4.85446608378752,0.902,0.546,4.35185111860711e-05,"2","Selenop"
1.89478658720129e-09,5.2882460368324,0.694,0.116,6.11731849677935e-05,"2","Lgmn"
2.0039531762767e-09,5.41916087700427,0.582,0.052,6.46976282960934e-05,"2","Lpl"
2.39135421582761e-09,0.619025524976419,0.093,0.496,7.72048708579945e-05,"2","Emc10"
3.0152534510612e-09,0.259778804735935,0.187,0.776,9.73474576675107e-05,"2","Trmt112"
3.75575743136987e-09,5.29443064433207,0.586,0.068,0.000121254628671776,"2","Hpgd"
4.6364954704514e-09,0.121260452647386,0.061,0.47,0.000149689256263523,"2","Rbm42"
6.47890132365908e-09,0.175689319173462,0.122,0.69,0.000209171329234333,"2","Ssu72"
7.69991946917273e-09,0.187324839007928,0.079,0.549,0.000248591900062242,"2","Mrpl43"
9.36072386247066e-09,0.255745149219664,0.061,0.447,0.000302210969899865,"2","Cops6"
1.08299130473107e-08,0.327154822038075,0.086,0.548,0.000349643742732426,"2","Cdk9"
1.08299130473107e-08,0.397134847254375,0.089,0.541,0.000349643742732426,"2","Pole4"
1.32904718910918e-08,0.491728233733223,0.074,0.464,0.000429082885003898,"2","Dph3"
1.49626681636315e-08,0.481121454910717,0.067,0.423,0.000483069741662843,"2","Alkbh5"
1.78189246395893e-08,5.06354907643029,0.648,0.114,0.000575283981989139,"2","Mpeg1"
1.84695462150752e-08,0.129311666514637,0.113,0.676,0.000596289299553703,"2","Rrp1"
1.84765190254696e-08,0.130866436524514,0.094,0.608,0.000596514416737286,"2","Rbis"
2.08422434688406e-08,5.47657835304089,0.572,0.082,0.000672891830391518,"2","Aif1"
2.48832808569697e-08,0.121018357044936,0.095,0.617,0.000803356722467267,"2","Ptbp1"
2.86653058224328e-08,4.81607025817389,0.51,0.057,0.000925459398477244,"2","Mafb"
3.43765866262904e-08,0.423147125396361,0.076,0.469,0.00110984809922978,"2","Stx4a"
3.97785392184486e-08,0.273847587588236,0.085,0.539,0.00128425013866761,"2","Pdap1"
4.47659212631753e-08,0.394571883585498,0.11,0.614,0.00144526776798161,"2","Ctbp1"
4.67483975004254e-08,0.871364282073922,0.14,0.582,0.00150927201330123,"2","Ndufa5"
5.62571643053998e-08,0.355823690360782,0.114,0.607,0.00181626254959983,"2","Ppp1r9b"
5.62571643053998e-08,0.431833197865755,0.091,0.507,0.00181626254959983,"2","Atg5"
5.62571643053998e-08,0.297822943173262,0.062,0.421,0.00181626254959983,"2","Pnkd"
6.95179916168336e-08,0.367264558121347,0.242,0.824,0.00224438835934947,"2","Tomm20"
7.00745250535893e-08,0.500285736511452,0.12,0.599,0.00226235604135513,"2","BC031181"
7.77888271636172e-08,0.385230463191268,0.071,0.466,0.00251141228497738,"2","Rassf5"
7.77888271636172e-08,0.129111548541613,0.052,0.434,0.00251141228497738,"2","Mrps18a"
8.58991397518695e-08,5.13304020382791,0.581,0.156,0.00277325372688911,"2","Cfp"
9.46125094770595e-08,0.146788953694964,0.072,0.512,0.00305456486846687,"2","Atf4"
1.19539883796483e-07,0.660125825833706,0.183,0.704,0.00385934514836945,"2","Snx6"
1.1999775150434e-07,0.234060568838668,0.119,0.657,0.00387412740731761,"2","Tmed5"
1.29363001553869e-07,0.352175688110679,0.164,0.718,0.00417648450516665,"2","Mdh2"
1.41128561319309e-07,0.801019973210088,0.19,0.565,0.00455633560219389,"2","Wdfy3"
1.47290469695081e-07,0.170903006940994,0.065,0.451,0.00475527281410569,"2","Odc1"
1.91981338548706e-07,0.250259910430264,0.184,0.778,0.00619811751504496,"2","Tnks2"
2.10771816516192e-07,0.104117634800975,0.084,0.572,0.00680476809622527,"2","Rnh1"
2.10771816516192e-07,0.318182788052864,0.091,0.554,0.00680476809622527,"2","Gm2000"
2.10771816516192e-07,1.03821781264559,0.148,0.575,0.00680476809622527,"2","Gtf2h5"
2.34570263599846e-07,4.46589745419265,0.391,0.074,0.00757310096032102,"2","Spic"
2.3898878605128e-07,5.24740750102002,0.551,0.05,0.00771575295766559,"2","Ccr3"
2.76976910482641e-07,3.92759535705021,0.584,0.373,0.00894219955493205,"2","Serpinb6a"
2.9548432795739e-07,5.69345637061974,0.406,0.078,0.00953971152810435,"2","Prxl2b"
3.11836577622904e-07,0.442704738575873,0.108,0.52,0.0100676439085554,"2","Acbd5"
3.25373489659893e-07,0.114896543016975,0.117,0.646,0.0105046831136697,"2","Anp32e"
3.29088818469954e-07,5.07358307197149,0.626,0.219,0.0106246325043025,"2","Pld3"
3.55771874261312e-07,4.39978739870409,0.521,0.095,0.0114860949605265,"2","Maf"
3.81130019167373e-07,0.353271452532791,0.052,0.38,0.0123047826688186,"2","2310011J03Rik"
3.83754716398114e-07,0.173110595828244,0.122,0.675,0.0123895210189131,"2","Saraf"
3.8794301469906e-07,0.723996602070346,0.139,0.626,0.0125247402295592,"2","Timm10b"
4.04917510540639e-07,0.299870176794624,0.223,0.814,0.0130727618278045,"2","Snrpb"
4.30851925865185e-07,5.11823503133254,0.459,0.071,0.0139100544265575,"2","Cd163"
4.52570683767778e-07,0.400475802236299,0.091,0.551,0.0146112445254427,"2","Psmd6"
5.11469221885094e-07,0.134129497402595,0.1,0.623,0.0165127838285603,"2","Eny2"
5.91944896346986e-07,0.316394727888132,0.091,0.552,0.0191109409785625,"2","Aebp2"
5.91944896346986e-07,1.05725938613612,0.115,0.46,0.0191109409785625,"2","Ubqln1"
5.95409138747063e-07,0.280487076416382,0.204,0.801,0.0192227840444489,"2","Sptssa"
6.03795176436798e-07,0.538124861122979,0.109,0.537,0.019493527271262,"2","Rnasel"
6.29612795921724e-07,0.134275246536109,0.118,0.672,0.0203270491163329,"2","Imp3"
6.38105999949434e-07,0.240633790032699,0.199,0.806,0.0206012522083675,"2","Msn"
7.02289151950061e-07,0.204848026668771,0.07,0.499,0.0226734052707077,"2","Idh3b"
7.03150862913024e-07,0.417550426244695,0.147,0.651,0.022701225609147,"2","Lrp6"
7.3633791537904e-07,0.38901650892846,0.053,0.383,0.0237726695980123,"2","Ubxn6"
7.6303900403238e-07,0.152140368872713,0.128,0.694,0.0246347142451854,"2","Ddx24"
8.11073780381739e-07,4.81948807503306,0.426,0.045,0.0261855169996244,"2","Adgre1"
8.25849688076695e-07,0.201657659018785,0.036,0.296,0.0266625571795561,"2","Tmed4"
8.89804552640571e-07,0.135017739856132,0.131,0.669,0.0287273399820008,"2","Aprt"
8.99847116204574e-07,0.230030020375371,0.14,0.627,0.0290515641466647,"2","Cd84"
9.16688260566054e-07,0.154241974183349,0.097,0.566,0.0295952804923751,"2","Siva1"
9.35427951794946e-07,4.48200492810027,0.673,0.373,0.0302002914236998,"2","Grn"
1.06249076195096e-06,0.78399668423785,0.124,0.477,0.0343025142495868,"2","P2rx4"
1.09580660497165e-06,0.874995231100464,0.164,0.634,0.0353781162415098,"2","Mpc1"
1.10109231501852e-06,0.15622562005193,0.093,0.543,0.0355487653903729,"2","Cept1"
1.15407886005522e-06,0.506883226035781,0.121,0.607,0.0372594359968829,"2","Sod2"
1.25851394835855e-06,0.401285458252848,0.078,0.495,0.0406311228227558,"2","Tfg"
1.25851394835855e-06,0.176809956239464,0.063,0.458,0.0406311228227558,"2","Rbfa"
1.25851394835855e-06,0.647403224041068,0.083,0.452,0.0406311228227558,"2","Prdx3"
1.28631257789612e-06,0.976508268467932,0.244,0.75,0.0415286015773763,"2","Eif5b"
1.36878809629559e-06,0.249297656419604,0.144,0.678,0.044191323688903,"2","C1qbp"
1.42294957758331e-06,0.263034792323538,0.102,0.61,0.0459399271122771,"2","Arpc1a"
1.53752038165059e-06,0.240805545204132,0.158,0.68,0.0496388455215892,"2","Samhd1"
1.57270045501142e-06,0.139165927141087,0.07,0.489,0.0507746341900435,"2","Ndufs1"
1.57270045501142e-06,0.136676058963482,0.057,0.457,0.0507746341900435,"2","Rbm22"
1.57270045501142e-06,0.379636892590736,0.047,0.331,0.0507746341900435,"2","Isca2"
1.6609325067427e-06,0.323961030152213,0.115,0.626,0.0536232059801882,"2","Rer1"
1.68327753926058e-06,0.35405616148338,0.115,0.638,0.0543446153550277,"2","Csk"
1.75546158646167e-06,0.330936099392941,0.069,0.472,0.056675077318915,"2","Sap18"
1.97167231690058e-06,0.894660447130637,0.165,0.639,0.0636554407511353,"2","Tomm22"
1.99235821116613e-06,0.132671676875138,0.086,0.581,0.0643232848474985,"2","Eif3g"
2.21852988689234e-06,0.110568638925338,0.1,0.624,0.0716252373983192,"2","Mrps24"
2.21852988689234e-06,0.487188735290537,0.148,0.645,0.0716252373983192,"2","Hsd17b12"
2.41559260858115e-06,0.520709336511268,0.093,0.503,0.0779874073680425,"2","Psmc5"
2.45987791148382e-06,0.522071452353218,0.167,0.617,0.0794171583722552,"2","Lgals9"
2.46659038293957e-06,3.92392894205331,0.637,0.357,0.0796338705132041,"2","Ctss"
2.52390517500468e-06,0.125510383671172,0.058,0.439,0.0814842785750262,"2","Coro1c"
2.56136168541638e-06,0.158973476463151,0.091,0.602,0.0826935620136679,"2","Ociad1"
2.63687127638209e-06,0.857781100001066,0.087,0.435,0.0851313891579957,"2","Commd6"
2.69304189418888e-06,0.513216239736847,0.121,0.5,0.086944857553888,"2","Parp14"
2.7204119509749e-06,5.42693622043057,0.295,0.043,0.0878284998372247,"2","Ccl6"
2.77651661545139e-06,0.526968931348223,0.143,0.556,0.0896398389298483,"2","Fyn"
3.00895624923396e-06,0.655041651978375,0.118,0.574,0.0971441525065184,"2","Zmat2"
3.00895624923396e-06,0.27437075207148,0.077,0.515,0.0971441525065184,"2","Supt5"
3.31274901910886e-06,0.183396194197442,0.051,0.409,0.106952102081929,"2","Copg1"
3.31274901910886e-06,0.242427105511096,0.041,0.318,0.106952102081929,"2","Mdp1"
3.32053017324345e-06,0.479125091429433,0.087,0.533,0.107203316643165,"2","Trappc6b"
3.41675075217915e-06,0.586305883920312,0.209,0.794,0.110309798034104,"2","Kif5b"
3.7229983629128e-06,0.532465034399722,0.057,0.359,0.12019700214664,"2","Fdx2"
3.7229983629128e-06,0.347335490916238,0.042,0.337,0.12019700214664,"2","2310039H08Rik"
3.7229983629128e-06,0.65654785308979,0.056,0.318,0.12019700214664,"2","Ggh"
3.7229983629128e-06,0.122678540754031,0.039,0.297,0.12019700214664,"2","Kif3b"
3.7229983629128e-06,0.357938650938018,0.039,0.288,0.12019700214664,"2","Elovl1"
3.7229983629128e-06,0.5711738066708,0.038,0.286,0.12019700214664,"2","Nelfe"
3.76196268371368e-06,0.155299969945845,0.05,0.414,0.121454965243696,"2","Mrto4"
3.78976116845668e-06,0.564847771225309,0.132,0.591,0.122352439323624,"2","Mapre2"
3.80104105396768e-06,0.254440517208443,0.321,0.866,0.122716610427347,"2","Sec61b"
4.08693536013781e-06,0.523239832694795,0.106,0.535,0.131946708102049,"2","Atg3"
4.08693536013781e-06,1.62237880635435,0.119,0.365,0.131946708102049,"2","Clptm1l"
4.25934675544995e-06,4.82443380193792,0.434,0.148,0.137513009999702,"2","Fcgrt"
4.4041370836438e-06,0.633150803167875,0.267,0.846,0.14218756574544,"2","Csde1"
4.42206926573602e-06,0.505792888579323,0.104,0.612,0.142766506244287,"2","Zcrb1"
4.57645624409884e-06,0.162205904025188,0.115,0.617,0.147750889840731,"2","Mrpl18"
4.76923734755703e-06,5.21404355787547,0.377,0.042,0.153974827765879,"2","Fabp4"
4.86006498608302e-06,0.520539742500529,0.126,0.62,0.15690719807569,"2","Psmd4"
4.94393533722559e-06,4.46891335261854,0.535,0.085,0.159614952362328,"2","Igf1"
4.97436592997745e-06,3.99055971516303,0.642,0.439,0.160597404049322,"2","Sat1"
5.05500077938468e-06,0.535251200365862,0.181,0.713,0.163200700162434,"2","Nckap1l"
5.15582566546209e-06,0.180459000485478,0.072,0.5,0.166455831609443,"2","Rnf166"
5.15582566546209e-06,0.704470091224917,0.106,0.458,0.166455831609443,"2","Acsl4"
5.21653569048301e-06,0.745083448766194,0.065,0.365,0.168415854767244,"2","Armc1"
5.44627899997153e-06,0.152688336098967,0.064,0.511,0.175833117514081,"2","Lage3"
5.44627899997153e-06,0.405722800195304,0.086,0.501,0.175833117514081,"2","Cpt1a"
5.44627899997153e-06,0.402638731266187,0.063,0.414,0.175833117514081,"2","Npepl1"
5.5281133791626e-06,0.202654521289658,0.147,0.673,0.178475140446265,"2","Snx2"
6.03834628433894e-06,0.265601991965501,0.102,0.598,0.194948009789883,"2","Fam162a"
6.23868769805722e-06,0.98355724957115,0.199,0.68,0.201416032331778,"2","Rab1a"
6.41238408959549e-06,0.944561136527708,0.14,0.591,0.20702382033259,"2","Lamtor5"
6.57761520370495e-06,0.373128270941134,0.061,0.407,0.212358306851614,"2","Tmem126a"
6.57761520370495e-06,0.171155407155578,0.044,0.371,0.212358306851614,"2","Dpp3"
6.57761520370495e-06,0.539324085144647,0.055,0.324,0.212358306851614,"2","Tmem259"
6.67623117139857e-06,0.687279361286435,0.177,0.712,0.215542123368603,"2","Mrps33"
6.73659137074282e-06,0.321562878678989,0.073,0.467,0.217490852404432,"2","Wdr45b"
6.88426422901132e-06,0.540247507012807,0.078,0.458,0.22225847063363,"2","Golga7"
6.88426422901132e-06,0.363365445679415,0.057,0.387,0.22225847063363,"2","Ccdc115"
6.88426422901132e-06,0.111468785343286,0.04,0.347,0.22225847063363,"2","Qars"
6.88426422901132e-06,0.18160990024252,0.034,0.318,0.22225847063363,"2","Diablo"
6.88426422901132e-06,0.389487643221353,0.036,0.316,0.22225847063363,"2","Mcrs1"
7.61532705816652e-06,0.728764383122194,0.094,0.48,0.245860834072906,"2","Spg21"
7.75182569435383e-06,0.29007402215591,0.047,0.359,0.250267692542214,"2","Nabp2"
7.75182569435383e-06,0.825184775429088,0.051,0.308,0.250267692542214,"2","Mrpl16"
7.9318542595776e-06,0.191544269430347,0.075,0.527,0.256079914770463,"2","Rcbtb2"
8.26093596304097e-06,0.125370926924327,0.095,0.568,0.266704317566778,"2","Glb1"
8.26093596304097e-06,0.117023311944238,0.06,0.459,0.266704317566778,"2","Mtch2"
8.26093596304097e-06,0.261482542024861,0.062,0.455,0.266704317566778,"2","Pop5"
8.26093596304097e-06,0.309975860573247,0.068,0.444,0.266704317566778,"2","Nbdy"
8.67962360626917e-06,0.55828527035427,0.127,0.623,0.2802216481284,"2","Ik"
8.67962360626917e-06,0.250910394734,0.097,0.584,0.2802216481284,"2","Vps28"
8.67962360626917e-06,0.416543201132229,0.102,0.553,0.2802216481284,"2","Ubald2"
8.94189450136418e-06,0.607867220803701,0.178,0.706,0.288689063976542,"2","Sypl"
8.96869923216707e-06,0.268405557300868,0.172,0.771,0.289554454710514,"2","Tmed9"
9.01896912575618e-06,0.621064409157625,0.205,0.755,0.291177418225038,"2","Ndufb5"
9.09908759453468e-06,0.616631039941414,0.191,0.733,0.293764042989552,"2","Psma5"
9.35695237522674e-06,0.560291141180029,0.069,0.44,0.302089207434195,"2","Zhx1"
1.01893108646872e-05,0.216195627235609,0.074,0.454,0.328961901266425,"2","Gclc"
1.01893108646872e-05,0.495127479679485,0.06,0.359,0.328961901266425,"2","Clptm1"
1.0223696957372e-05,0.221939056844566,0.086,0.57,0.330072056268754,"2","Max"
1.02698449044378e-05,0.608873301429083,0.249,0.779,0.331561942739773,"2","Rrbp1"
1.06315609901316e-05,0.1777229135935,0.049,0.377,0.3432399465664,"2","Smim20"
1.10047327485738e-05,0.458853498483856,0.181,0.727,0.355287796787704,"2","Hspa9"
1.10921043895137e-05,0.350622185088534,0.063,0.46,0.35810859021545,"2","Mrpl32"
1.10921043895137e-05,0.411566953560195,0.063,0.448,0.35810859021545,"2","Pdcl3"
1.10921043895137e-05,0.517226449515606,0.077,0.459,0.35810859021545,"2","Slc9a3r1"
1.10921043895137e-05,0.186662896875336,0.052,0.4,0.35810859021545,"2","Tsnax"
1.10921043895137e-05,0.908985216889483,0.079,0.404,0.35810859021545,"2","Svbp"
1.10921043895137e-05,0.383379503452591,0.043,0.33,0.35810859021545,"2","Pqbp1"
1.14033563917843e-05,0.280829432670717,0.148,0.729,0.368157361108755,"2","Llph"
1.22423368177712e-05,0.435651234846822,0.123,0.642,0.395243844161742,"2","Ppdpf"
1.22819355306077e-05,0.146688095132583,0.141,0.73,0.39652228860567,"2","Skp1a"
1.24663569345881e-05,0.335314009295278,0.094,0.586,0.402476333633177,"2","Ccdc47"
1.33492157311031e-05,0.255785591643017,0.149,0.709,0.430979429878664,"2","March6"
1.34982030103985e-05,0.284732205391373,0.064,0.414,0.435789484190715,"2","Mink1"
1.34982030103985e-05,0.32940736738112,0.04,0.31,0.435789484190715,"2","Crls1"
1.41191134735996e-05,0.129547452266654,0.045,0.388,0.455835578495162,"2","Yif1b"
1.41191134735996e-05,0.226920888973488,0.048,0.377,0.455835578495162,"2","Rabggtb"
1.41191134735996e-05,0.263128504986198,0.04,0.335,0.455835578495162,"2","Gatd1"
1.45974100191686e-05,1.10302051384091,0.128,0.515,0.471277382468857,"2","Med28"
1.51272946040897e-05,0.18344718964202,0.113,0.64,0.488384706293036,"2","Psmd8"
1.56671591034438e-05,0.150161404026721,0.154,0.693,0.505814231654683,"2","Ube2s"
1.56671591034438e-05,1.20150474470818,0.177,0.594,0.505814231654683,"2","Tmem160"
1.58136418813232e-05,0.307799650728306,0.063,0.405,0.510543428138518,"2","Prpsap2"
1.59404479567909e-05,0.349603631054207,0.046,0.347,0.514637362284994,"2","Dgcr6"
1.64574056958818e-05,0.107927288916168,0.06,0.489,0.531327342891544,"2","Gemin7"
1.64574056958818e-05,0.357309512205713,0.083,0.494,0.531327342891544,"2","Eif4ebp1"
1.64574056958818e-05,0.392541649758004,0.067,0.455,0.531327342891544,"2","Sec22b"
1.64574056958818e-05,0.108167642012796,0.072,0.459,0.531327342891544,"2","Irf1"
1.64574056958818e-05,1.25995016069088,0.12,0.424,0.531327342891544,"2","Tmx1"
1.69911294236902e-05,0.24376378665062,0.147,0.674,0.548558613443839,"2","Tpi1"
1.71423714136823e-05,0.119686690211888,0.074,0.481,0.553441461090733,"2","Ube2f"
1.73991427143758e-05,0.615036080952238,0.131,0.626,0.561731322533623,"2","Mrpl30"
1.75548793177465e-05,4.81145969304766,0.402,0.072,0.566759278773447,"2","Lrp1"
1.94838323765322e-05,0.548789230666151,0.163,0.69,0.629035528276341,"2","Bnip3l"
1.99749714015361e-05,0.736653050519122,0.099,0.503,0.644891951698595,"2","Mcrip1"
2.04969435818068e-05,0.264063921038179,0.052,0.394,0.661743823538631,"2","Chmp2b"
2.13716591798607e-05,0.382239927201383,0.063,0.44,0.689984016621801,"2","Bccip"
2.13716591798607e-05,0.119091153615235,0.042,0.379,0.689984016621801,"2","Ptrh2"
2.18099964323976e-05,4.59701235930499,0.308,0.033,0.704135734819955,"2","Col14a1"
2.22818379620033e-05,0.551260461540706,0.07,0.421,0.719369138603276,"2","Trnau1ap"
2.22818379620033e-05,0.502922484792133,0.05,0.371,0.719369138603276,"2","Commd2"
2.22818379620033e-05,0.314900043718462,0.047,0.342,0.719369138603276,"2","Slc25a46"
2.22818379620033e-05,0.275699592333503,0.038,0.296,0.719369138603276,"2","Ate1"
2.22818379620033e-05,0.501010388419972,0.045,0.288,0.719369138603276,"2","Csf2ra"
2.22818379620033e-05,0.417305136841915,0.039,0.253,0.719369138603276,"2","Hk2"
2.23108420869922e-05,0.168431124899042,0.095,0.61,0.720305536778543,"2","Snrpc"
2.23862679263926e-05,0.48286057739294,0.115,0.609,0.722740660003584,"2","Mat2b"
2.23862679263926e-05,0.479374755506707,0.089,0.523,0.722740660003584,"2","Mrps15"
2.30310296265929e-05,0.146695988293766,0.082,0.568,0.743556791494551,"2","Igbp1"
2.30778204480871e-05,0.641843031352366,0.17,0.697,0.745067433166492,"2","Tm9sf2"
2.32498446239605e-05,0.12821382944113,0.084,0.584,0.750621233684566,"2","Yeats4"
2.32498446239605e-05,0.783890145134086,0.129,0.563,0.750621233684566,"2","Dnajc19"
2.32498446239605e-05,0.706369570435664,0.094,0.456,0.750621233684566,"2","Pon2"
2.32498446239605e-05,0.918472862718717,0.099,0.448,0.750621233684566,"2","Fam91a1"
2.32733798481949e-05,0.57586352627787,0.134,0.617,0.751381068398972,"2","Ndufb2"
2.32733798481949e-05,0.378839238779485,0.095,0.559,0.751381068398972,"2","Gna13"
2.38925073992084e-05,0.551062078686041,0.257,0.845,0.771369601383442,"2","Tmem59"
2.46876956078603e-05,0.194547335076573,0.106,0.627,0.797042252699771,"2","Uba1"
2.46876956078603e-05,0.638337616119422,0.145,0.629,0.797042252699771,"2","Lman2"
2.53117734873089e-05,0.538522425155675,0.151,0.624,0.817190607037766,"2","Tor1aip1"
2.59323637649181e-05,0.153415532464805,0.191,0.766,0.837226364150381,"2","Ifnar2"
2.61581529282171e-05,0.315118047562481,0.025,0.234,0.844515967287488,"2","Prkrip1"
2.66559928424136e-05,0.182450909342474,0.088,0.52,0.860588728917324,"2","Gtf2a1"
2.70458273110807e-05,0.736958290766434,0.237,0.772,0.87317453473824,"2","Map1lc3b"
2.72037344918144e-05,0.116502888103239,0.142,0.747,0.878272568068229,"2","Txnl1"
2.73477805718339e-05,0.349583843394156,0.053,0.41,0.882923095761657,"2","Htatsf1"
2.76436021746531e-05,0.502181489538803,0.115,0.572,0.892473696208674,"2","Ddost"
2.85669813989272e-05,5.18063857535594,0.407,0.106,0.922284994464365,"2","Cd68"
2.85887365404861e-05,0.78409114546039,0.075,0.405,0.922987359209593,"2","Ufm1"
2.85887365404861e-05,0.965610913116833,0.094,0.421,0.922987359209593,"2","Akt2"
2.85887365404861e-05,0.482955402824773,0.052,0.364,0.922987359209593,"2","Gxylt1"
2.85887365404861e-05,0.665387891986821,0.062,0.366,0.922987359209593,"2","Mtfr1l"
2.85887365404861e-05,0.56180573814707,0.06,0.358,0.922987359209593,"2","Hmgcl"
2.85887365404861e-05,0.208524487184912,0.034,0.293,0.922987359209593,"2","Ap2a1"
2.86659389022532e-05,0.354369634918116,0.074,0.46,0.925479837459244,"2","Golph3"
2.88608070963302e-05,0.439310700615053,0.232,0.816,0.931771157105021,"2","Ndufb9"
2.90409562871042e-05,1.00608826852126,0.194,0.64,0.937587273729159,"2","Sept9"
2.92157207297475e-05,0.106859823402236,0.253,0.843,0.943229543759899,"2","Tkt"
2.9724152226339e-05,0.201744959439852,0.073,0.511,0.959644254627356,"2","Dctn2"
2.98850508952074e-05,0.752718130325499,0.098,0.457,0.96483886815177,"2","Pold4"
2.98850508952074e-05,0.746860734900414,0.069,0.381,0.96483886815177,"2","Idh3a"
3.10019519228114e-05,0.426278043515961,0.16,0.7,1,"2","Ppp1cc"
3.10804594906542e-05,0.184489650695036,0.053,0.43,1,"2","Rpl9-ps6"
3.10804594906542e-05,0.199227856421344,0.055,0.421,1,"2","Tmem128"
3.10804594906542e-05,1.21061646012582,0.148,0.482,1,"2","Selenos"
3.10804594906542e-05,0.87519362673995,0.093,0.415,1,"2","Ap1b1"
3.19529832960218e-05,0.120889873801976,0.107,0.637,1,"2","Cetn3"
3.19529832960218e-05,0.195949643983578,0.114,0.594,1,"2","Prex1"
3.19529832960218e-05,0.328944719991936,0.095,0.568,1,"2","Ech1"
3.19529832960218e-05,0.844844672963135,0.142,0.582,1,"2","Ciao2a"
3.19529832960218e-05,0.623787947899414,0.101,0.503,1,"2","Chmp3"
3.23212153880556e-05,0.225910158648878,0.066,0.502,1,"2","Arl6ip4"
3.23212153880556e-05,0.612866438578906,0.074,0.434,1,"2","Maf1"
3.23212153880556e-05,0.3415316072804,0.052,0.397,1,"2","Pmpcb"
3.23212153880556e-05,0.741425843453792,0.063,0.382,1,"2","Tsen34"
3.23872985920376e-05,0.354174376587972,0.04,0.312,1,"2","Hras"
3.23872985920376e-05,0.453622632716975,0.039,0.286,1,"2","Surf1"
3.23872985920376e-05,5.48695291014132,0.238,0.024,1,"2","Ms4a7"
3.5009988810779e-05,0.308682971462034,0.206,0.748,1,"2","Ldha"
3.64291676029289e-05,0.445599754868715,0.114,0.571,1,"2","Prelid1"
3.70504294059794e-05,0.611760485568623,0.101,0.538,1,"2","Psmd13"
3.78927493064169e-05,5.94295650867906,0.256,0.027,1,"2","Ear2"
3.84602430377663e-05,0.952667338247146,0.131,0.513,1,"2","mt-Atp8"
3.89618550298041e-05,0.261572538804046,0.275,0.881,1,"2","Rap1a"
3.90579806626415e-05,0.811595210960238,0.108,0.509,1,"2","Mrpl36"
3.91499154092248e-05,1.13153699026,0.224,0.654,1,"2","Atp2b1"
3.99208790056872e-05,0.193224697895395,0.11,0.573,1,"2","Stk10"
4.07052146473402e-05,0.158769077399447,0.257,0.848,1,"2","Park7"
4.10999394360238e-05,0.587818651718294,0.267,0.851,1,"2","Tm9sf3"
4.23860592915515e-05,0.542844755053277,0.063,0.4,1,"2","Ist1"
4.23860592915515e-05,0.797830441247324,0.071,0.393,1,"2","Tmem179b"
4.30015522952727e-05,0.264772670210715,0.06,0.432,1,"2","Aip"
4.32030159338222e-05,0.250101546621116,0.178,0.774,1,"2","Vdac2"
4.41598347840976e-05,0.346937865034522,0.072,0.465,1,"2","Eci2"
4.41598347840976e-05,0.386600780930759,0.069,0.45,1,"2","Emc3"
4.41598347840976e-05,0.369914557898409,0.059,0.41,1,"2","Dld"
4.41598347840976e-05,0.442797976296117,0.06,0.391,1,"2","Mrps34"
4.41598347840976e-05,0.481028622231303,0.053,0.346,1,"2","Ak3"
4.41598347840976e-05,0.394585613059787,0.042,0.325,1,"2","Cox19"
4.46251932245213e-05,0.312660731013588,0.112,0.632,1,"2","Mtch1"
4.46251932245213e-05,0.100463959116655,0.092,0.571,1,"2","Cope"
4.46251932245213e-05,0.798015144134321,0.111,0.501,1,"2","Amfr"
4.46251932245213e-05,0.520217205224564,0.065,0.431,1,"2","Guk1"
4.46251932245213e-05,1.11356346332264,0.125,0.475,1,"2","Cers2"
4.63642777955373e-05,0.491469177242948,0.107,0.578,1,"2","Copb2"
4.66654242521339e-05,0.82045911545162,0.196,0.706,1,"2","Drap1"
4.68984391141192e-05,0.477821745569943,0.226,0.796,1,"2","Ndufb11"
4.68984391141192e-05,0.369414702940141,0.132,0.666,1,"2","Mpc2"
5.05091724116556e-05,0.170235792106458,0.157,0.758,1,"2","Tcp1"
5.20309055604818e-05,0.52122437334864,0.097,0.498,1,"2","Asrgl1"
5.30257536156582e-05,0.604105509990936,0.155,0.662,1,"2","Mapre1"
5.33310104942845e-05,0.609735681246629,0.164,0.689,1,"2","Ube2n"
5.36570401733903e-05,0.320797930440465,0.06,0.41,1,"2","Cdc42se1"
5.36570401733903e-05,0.536030064178913,0.074,0.383,1,"2","Pgp"
5.39340082789971e-05,0.110986965661287,0.154,0.679,1,"2","Rnf213"
5.47226908076941e-05,0.31598616198478,0.041,0.292,1,"2","A430005L14Rik"
5.48275698440914e-05,0.311177154902151,0.168,0.75,1,"2","Tram1"
5.48275698440914e-05,0.167600741515003,0.155,0.693,1,"2","Trim30a"
5.48275698440914e-05,0.544331827432516,0.108,0.571,1,"2","Psmg4"
5.57692558239642e-05,0.435208366808019,0.09,0.524,1,"2","Mrps18c"
5.57692558239642e-05,0.298429959509032,0.081,0.505,1,"2","Ergic3"
5.5857497015913e-05,0.402219653670603,0.108,0.593,1,"2","Eif3b"
5.5857497015913e-05,0.329645196573927,0.096,0.548,1,"2","Smim4"
5.71715570907918e-05,0.200982796829002,0.048,0.37,1,"2","Pitrm1"
5.71715570907918e-05,0.207254705989333,0.044,0.35,1,"2","Itpa"
5.71715570907918e-05,0.578185410334512,0.058,0.348,1,"2","Abhd16a"
5.71715570907918e-05,0.236222094044438,0.043,0.321,1,"2","Scyl2"
5.71715570907918e-05,0.284328517341831,0.045,0.312,1,"2","B4galnt1"
5.71715570907918e-05,0.13502265501835,0.032,0.289,1,"2","Cog8"
5.71715570907918e-05,0.197171220831214,0.036,0.289,1,"2","Hps5"
5.71715570907918e-05,1.05479502369468,0.067,0.301,1,"2","Slc25a1"
5.71715570907918e-05,0.658319169122293,0.042,0.265,1,"2","Mospd3"
5.71715570907918e-05,1.52830485344797,0.081,0.281,1,"2","Necap2"
5.78693280027963e-05,0.283918256361853,0.088,0.554,1,"2","Mbd3"
5.7960074406638e-05,0.262852160520982,0.057,0.403,1,"2","Bcl10"
5.85176699995647e-05,0.183189554294078,0.13,0.572,1,"2","Pou2f2"
5.86949154646896e-05,0.579961674662358,0.161,0.709,1,"2","Ndufs7"
5.86949154646896e-05,1.00492222236347,0.189,0.659,1,"2","Ndufb4"
5.99496561778303e-05,0.179679709036295,0.074,0.486,1,"2","Ngly1"
6.02322342327963e-05,0.554079235598863,0.051,0.33,1,"2","Fem1b"
6.02322342327963e-05,0.91271294862009,0.068,0.306,1,"2","Hps3"
6.1454553660444e-05,0.290101163672946,0.146,0.697,1,"2","Lsm4"
6.25885616623657e-05,0.150173278367677,0.07,0.497,1,"2","Rab8a"
6.25885616623657e-05,0.49002369619807,0.076,0.451,1,"2","Rps27rt"
6.25885616623657e-05,0.187533480258091,0.055,0.404,1,"2","Mgrn1"
6.3122800080258e-05,0.116573181856152,0.176,0.804,1,"2","Eif4b"
6.39879689691244e-05,4.67784262418511,0.436,0.043,1,"2","Itgad"
6.50475622222749e-05,0.691121631006942,0.045,0.29,1,"2","Sf3b4"
6.50475622222749e-05,0.189591347155675,0.026,0.259,1,"2","Med9"
6.50475622222749e-05,0.434959833181133,0.042,0.273,1,"2","Zfyve16"
6.50475622222749e-05,0.25542636148273,0.03,0.235,1,"2","Lpcat1"
6.53943602492036e-05,0.560226678309886,0.061,0.388,1,"2","Mrps23"
7.18287807545058e-05,0.739789292380451,0.128,0.555,1,"2","Sfxn1"
7.29889385895386e-05,0.977349683855104,0.1,0.437,1,"2","Spcs3"
7.33932293443223e-05,0.593580599636536,0.202,0.691,1,"2","Spi1"
7.5700697375294e-05,0.27350173599529,0.061,0.461,1,"2","Rbck1"
7.57907085919869e-05,0.438826954608416,0.132,0.67,1,"2","Mrpl34"
7.68691478747116e-05,0.175197714394761,0.112,0.63,1,"2","Rad21"
7.68691478747116e-05,1.40527532527976,0.139,0.454,1,"2","Prkcsh"
7.83356164699847e-05,0.437160610977819,0.133,0.668,1,"2","Vps4b"
7.95130109866785e-05,0.138346263343114,0.119,0.663,1,"2","Idh2"
7.95130109866785e-05,0.372529531019551,0.102,0.606,1,"2","Ift20"
7.95130109866785e-05,0.742116625203243,0.101,0.5,1,"2","Stub1"
7.95725950805911e-05,0.432139492450544,0.147,0.689,1,"2","Rad23b"
8.02788118523023e-05,0.114163958911308,0.213,0.808,1,"2","Hnrnpab"
8.09611664130201e-05,0.289937155331162,0.111,0.605,1,"2","Os9"
8.14125668934208e-05,0.717015958336854,0.119,0.556,1,"2","Ddrgk1"
8.14125668934208e-05,0.379628040932042,0.083,0.52,1,"2","Pdha1"
8.14125668934208e-05,0.441148058287547,0.093,0.523,1,"2","Mknk2"
8.14125668934208e-05,0.126726939290047,0.066,0.495,1,"2","Acp1"
8.14125668934208e-05,0.845308334931156,0.08,0.401,1,"2","Med30"
8.44189981875457e-05,0.320748633281461,0.078,0.515,1,"2","Ppp1r11"
8.44189981875457e-05,0.886653734962457,0.112,0.515,1,"2","Kdelr1"
8.44189981875457e-05,0.25643298106252,0.067,0.426,1,"2","Ski"
8.44189981875457e-05,0.83307577285407,0.083,0.436,1,"2","Bola3"
8.63685361539924e-05,0.182465504789138,0.067,0.471,1,"2","Sar1a"
8.63685361539924e-05,0.827325764094367,0.097,0.434,1,"2","Nadk"
8.63685361539924e-05,0.803985945150844,0.067,0.374,1,"2","Mrpl41"
8.63685361539924e-05,0.186324375265972,0.042,0.349,1,"2","Ttc33"
8.63685361539924e-05,0.893528027977034,0.076,0.373,1,"2","Eloa"
8.63685361539924e-05,0.194355362459127,0.037,0.33,1,"2","Mrpl45"
8.63685361539924e-05,0.213877980210151,0.038,0.317,1,"2","Ccdc127"
8.63685361539924e-05,0.856198622298561,0.06,0.332,1,"2","Gatd3a"
8.63685361539924e-05,1.00820420046595,0.069,0.295,1,"2","Prkaa1"
8.70443665851044e-05,4.8522296629062,0.296,0.077,1,"2","Cd302"
8.76770554254432e-05,0.114750377824228,0.116,0.668,1,"2","Eid1"
8.83099290372749e-05,0.132441464114188,0.174,0.73,1,"2","Ppp1r14b"
8.93458584826746e-05,0.550901244479086,0.121,0.59,1,"2","Aco2"
9.85462209312493e-05,0.674837085641529,0.124,0.589,1,"2","Ndufa11"
9.87034119608625e-05,0.338995391043428,0.157,0.696,1,"2","Mia2"
0.000101899478587216,1.01566947069029,0.152,0.575,1,"2","Mrpl51"
0.00010343219114273,0.41514606159054,0.071,0.461,1,"2","Ndufa9"
0.00010343219114273,0.40994454394829,0.081,0.466,1,"2","Gusb"
0.000105716602694487,0.948327338563354,0.235,0.733,1,"2","Atp5md"
0.000106286268947772,0.341270788110818,0.282,0.853,1,"2","Psma7"
0.000107070622796319,0.944091552454569,0.137,0.554,1,"2","Fundc2"
0.000108187470376542,0.102475363952283,0.034,0.313,1,"2","Tnpo2"
0.000110829584021223,0.404664953200231,0.092,0.548,1,"2","Mrpl57"
0.000110829584021223,0.127403768020772,0.059,0.48,1,"2","Glrx2"
0.000110829584021223,0.115081142128484,0.075,0.492,1,"2","Dcaf12"
0.000110829584021223,0.688159061635755,0.101,0.513,1,"2","Tprgl"
0.000110829584021223,0.135964262374844,0.067,0.478,1,"2","Twf2"
0.000110829584021223,0.303795458161348,0.071,0.479,1,"2","Psmc2"
0.000110860239219573,0.259852818801558,0.079,0.438,1,"2","Slc25a51"
0.000110860239219573,0.438727070241038,0.054,0.387,1,"2","Pcif1"
0.000110860239219573,0.698319887419354,0.057,0.331,1,"2","Rnf44"
0.000112083872599875,0.716266200455725,0.121,0.564,1,"2","Hnrnph2"
0.000112960521517743,0.12144568026909,0.056,0.453,1,"2","Wbp4"
0.000112960521517743,0.182303839229622,0.055,0.409,1,"2","Nudcd2"
0.000112960521517743,0.246529628696373,0.043,0.332,1,"2","Ttc32"
0.000112960521517743,0.177457584345958,0.034,0.311,1,"2","Pole3"
0.000112960521517743,0.16438961904313,0.035,0.297,1,"2","Khk"
0.000112960521517743,0.379692203325815,0.035,0.286,1,"2","Paf1"
0.000112960521517743,0.899453991059729,0.062,0.311,1,"2","Bcl7b"
0.000112960521517743,0.500645727159253,0.043,0.285,1,"2","Tor1b"
0.000112960521517743,0.393667628961723,0.034,0.273,1,"2","Pex19"
0.000112960521517743,0.397600798438126,0.04,0.271,1,"2","Cep164"
0.000112960521517743,0.207842115270376,0.026,0.25,1,"2","Maip1"
0.000112960521517743,0.204804870798095,0.029,0.247,1,"2","Hint3"
0.000115116216251587,0.363197364034826,0.062,0.451,1,"2","Cetn2"
0.000115116216251587,0.176670259065484,0.06,0.444,1,"2","Kdelr2"
0.000115116216251587,0.298795778836567,0.06,0.44,1,"2","Cebpg"
0.000115116216251587,0.462962473052228,0.072,0.424,1,"2","Nmt1"
0.000115116216251587,0.603517762460503,0.066,0.415,1,"2","Pam16"
0.000115116216251587,1.29996202580265,0.123,0.416,1,"2","Vps26a"
0.000115161856457606,5.26431268539267,0.285,0.027,1,"2","Kcnj10"
0.000117172154525446,0.605019095241052,0.222,0.719,1,"2","Nme1"
0.000118302777931321,0.94462623080609,0.084,0.389,1,"2","Dynlt3"
0.000119525956863608,0.125640094590232,0.051,0.399,1,"2","Ythdf1"
0.000119525956863608,0.135052948058016,0.049,0.388,1,"2","Herpud2"
0.000119525956863608,1.06685583699404,0.087,0.392,1,"2","Ubfd1"
0.000119525956863608,1.01702969714087,0.087,0.366,1,"2","Sirt2"
0.000123223074543858,0.332259571179788,0.131,0.686,1,"2","Use1"
0.000125902339085756,0.121401036890159,0.121,0.656,1,"2","Rmnd5a"
0.000126672100159933,0.300498118539427,0.3,0.897,1,"2","Ywhaz"
0.000127162475399111,0.221000070917549,0.112,0.66,1,"2","Rbm8a"
0.000127162475399111,0.585468151960971,0.147,0.658,1,"2","Copa"
0.000129208146895081,0.501811334735567,0.057,0.347,1,"2","Vwa5a"
0.000129208146895081,0.465475885066962,0.044,0.307,1,"2","Sav1"
0.000129208146895081,0.541303613364902,0.044,0.281,1,"2","Syap1"
0.00012959421500603,0.12598777706297,0.262,0.79,1,"2","Epsti1"
0.000130151224217956,0.64830396072114,0.101,0.543,1,"2","Uqcc3"
0.00013026509445007,0.364740774644976,0.166,0.759,1,"2","Tcf25"
0.000133511424607958,0.190443609069215,0.155,0.768,1,"2","Srsf6"
0.000134534973036306,0.194803885216814,0.089,0.537,1,"2","Acsl5"
0.000139057564589319,0.340632752315952,0.086,0.536,1,"2","Mff"
0.000141875504835374,0.162362825266831,0.302,0.848,1,"2","Tubb5"
0.000143723085137006,1.09203965368234,0.137,0.526,1,"2","Glrx5"
0.000146788952799397,2.05394765024251,0.618,0.836,1,"2","Cox5a"
0.000146900177236532,0.277827949856749,0.13,0.669,1,"2","Krcc1"
0.000154049945701614,0.329563051071622,0.049,0.371,1,"2","Oser1"
0.000154049945701614,2.18647994625747,0.242,0.036,1,"2","Mertk"
0.000155141860485545,0.203574493883563,0.216,0.839,1,"2","Psma3"
0.000157419909559075,0.429700078200819,0.092,0.531,1,"2","Cyc1"
0.000157419909559075,0.278393386196193,0.063,0.452,1,"2","Polr3k"
0.000157419909559075,0.211588807995923,0.045,0.371,1,"2","Arfgap2"
0.000159052515520304,0.61822850535611,0.188,0.73,1,"2","Mrpl52"
0.000160277414088235,0.454075855443824,0.064,0.432,1,"2","Unc50"
0.000160277414088235,1.00585444326507,0.09,0.42,1,"2","Lamtor3"
0.000160277414088235,1.23621039870425,0.074,0.276,1,"2","Mospd2"
0.000163756208529181,0.246291324001334,0.095,0.599,1,"2","Mcts1"
0.000165962177929277,0.205686142381102,0.127,0.671,1,"2","Hnrnpul1"
0.000166741217043445,0.984490643425082,0.112,0.488,1,"2","Echs1"
0.000166741217043445,0.49136188225758,0.079,0.444,1,"2","Anxa7"
0.000166741217043445,0.3511178707192,0.053,0.391,1,"2","As3mt"
0.000166741217043445,0.366591934293013,0.05,0.383,1,"2","1110038F14Rik"
0.000166741217043445,0.234962670309512,0.046,0.379,1,"2","Seh1l"
0.000166741217043445,0.176943167260643,0.059,0.369,1,"2","Neurl3"
0.000166741217043445,0.625509183803744,0.06,0.336,1,"2","Mtmr6"
0.000166741217043445,0.214552894465143,0.037,0.312,1,"2","Gid8"
0.000170503040967384,0.344321652195927,0.087,0.548,1,"2","Lsm5"
0.0001710788919876,0.380797668053298,0.144,0.688,1,"2","Tomm5"
0.000172275389269273,0.387994672650218,0.145,0.698,1,"2","Ndufa8"
0.000173834137510469,0.222534602927996,0.216,0.836,1,"2","Usp9x"
0.000174519830251683,0.579692645082132,0.128,0.542,1,"2","Dctpp1"
0.000178502487536069,0.713131276048369,0.248,0.805,1,"2","Ndufa6"
0.000181760615581343,0.110559238684077,0.133,0.732,1,"2","Tmbim4"
0.000185946224907995,0.971615983644597,0.154,0.595,1,"2","Sys1"
0.000187157845634828,0.985271058160989,0.086,0.373,1,"2","Trim8"
0.000187333671722862,0.355067820143367,0.135,0.673,1,"2","Ndufa12"
0.000189071269987686,0.153284497973624,0.11,0.662,1,"2","Morf4l2"
0.000190132009368816,0.326706980870167,0.153,0.674,1,"2","Smc6"
0.000195362180408145,0.429448655071146,0.171,0.711,1,"2","Dnajc3"
0.000196843551315729,0.395299453359192,0.146,0.688,1,"2","Dync1i2"
0.000201110893328063,0.686193097282976,0.148,0.62,1,"2","Kpnb1"
0.000201914487333995,0.207495139890735,0.076,0.537,1,"2","Pfdn6"
0.000201914487333995,0.247230182943129,0.074,0.507,1,"2","Ppp4c"
0.000204083578614207,0.526726872528333,0.124,0.545,1,"2","Tnfrsf21"
0.000211407938857634,1.01631848466728,0.053,0.255,1,"2","Zbtb18"
0.00021701065538107,0.501401524091254,0.069,0.425,1,"2","Tomm34"
0.0002178023718434,1.02826888235111,0.117,0.482,1,"2","Anapc11"
0.000220599515611481,0.145887053378599,0.044,0.373,1,"2","Taf12"
0.000220599515611481,0.102012263669328,0.046,0.374,1,"2","Prorsd1"
0.000220599515611481,0.27356295031513,0.059,0.358,1,"2","Serpina3g"
0.000220599515611481,0.257649672891367,0.043,0.335,1,"2","Ptgr2"
0.000220599515611481,0.514246536606416,0.05,0.284,1,"2","Trpv2"
0.000220599515611481,0.80434131020976,0.05,0.275,1,"2","Dhrs7b"
0.000220599515611481,0.387866419033945,0.035,0.258,1,"2","Sdhaf1"
0.000220599515611481,0.218145596951426,0.034,0.255,1,"2","Ube2l6"
0.000220599515611481,0.129388016283255,0.026,0.236,1,"2","Ifrd2"
0.000222329163370358,0.631003791670752,0.219,0.762,1,"2","Mrpl33"
0.00022460829854263,0.562179900061869,0.262,0.813,1,"2","Pcbp1"
0.000224982079442715,1.64355211982152,0.187,0.516,1,"2","Iscu"
0.000225143463299484,0.133256928282539,0.057,0.445,1,"2","Keap1"
0.000225143463299484,0.852181486817612,0.081,0.415,1,"2","Polr2i"
0.000225143463299484,0.803107752038348,0.081,0.405,1,"2","Agtrap"
0.000225143463299484,0.318334441488847,0.049,0.372,1,"2","Sgta"
0.000225143463299484,0.35561051747711,0.042,0.326,1,"2","Stk25"
0.000228838861548338,0.357302027884225,0.187,0.766,1,"2","Rabac1"
0.000228838861548338,0.812262007187891,0.188,0.693,1,"2","Vdac1"
0.000232136729206947,0.368602148114027,0.156,0.657,1,"2","H2-DMa"
0.000233137402361129,0.855093007271574,0.193,0.71,1,"2","Ctnnb1"
0.000234435906386633,0.748346138600268,0.193,0.701,1,"2","Ywhag"
0.000234435906386633,0.57606171813255,0.139,0.534,1,"2","Cerk"
0.000235574362999332,0.198355831428297,0.201,0.794,1,"2","H2-T23"
0.000235797666783666,0.647797299094474,0.149,0.664,1,"2","Mtpn"
0.000240012961093292,0.272620548148721,0.074,0.508,1,"2","Mgat2"
0.000241637224775645,4.93288657808442,0.336,0.067,1,"2","Csf1r"
0.000242471284124193,0.592351044504821,0.183,0.704,1,"2","Pgk1"
0.00024439192110786,0.432697214726021,0.3,0.87,1,"2","Tln1"
0.000247876954764281,0.383780377251385,0.122,0.649,1,"2","Polr2f"
0.000247876954764281,0.479367496117512,0.107,0.576,1,"2","Akirin2"
0.000253976368838715,0.272982681219547,0.045,0.358,1,"2","Cops7a"
0.000253976368838715,0.212966296326543,0.036,0.313,1,"2","Hdac3"
0.000253976368838715,1.21866672793936,0.078,0.33,1,"2","Fam89b"
0.000253976368838715,0.3463445267433,0.033,0.261,1,"2","Nrm"
0.000253976368838715,0.353160091651023,0.032,0.259,1,"2","AI837181"
0.000253976368838715,0.197136474072081,0.036,0.256,1,"2","Mccc2"
0.00025598213959552,0.31233861810692,0.123,0.66,1,"2","Phb2"
0.00025598213959552,0.54638911757516,0.103,0.534,1,"2","Higd1a"
0.00025598213959552,0.95436225427261,0.117,0.509,1,"2","Vti1b"
0.000265157935597212,0.550225445177215,0.296,0.829,1,"2","Atp8a1"
0.000270011397420926,0.677669757001798,0.113,0.557,1,"2","Cript"
0.000270011397420926,0.283530777063827,0.072,0.496,1,"2","Bet1"
0.00027034987547908,0.260727055599253,0.181,0.769,1,"2","Glud1"
0.000279544618193569,0.133369260274041,0.076,0.455,1,"2","Pak1"
0.000279544618193569,1.05496620363568,0.108,0.421,1,"2","Ivd"
0.000281899464673949,1.06155199822469,0.177,0.594,1,"2","Sppl2a"
0.000289392549337225,0.173924341470586,0.092,0.585,1,"2","Api5"
0.000289392549337225,0.150884138035708,0.062,0.46,1,"2","Dlst"
0.000289392549337225,0.614235652895497,0.067,0.406,1,"2","Hypk"
0.000289392549337225,0.973857381601436,0.08,0.369,1,"2","Arhgap9"
0.0002940795201873,0.416447028556675,0.077,0.388,1,"2","Pik3c2a"
0.0002940795201873,0.694775428577191,0.082,0.37,1,"2","Ifih1"
0.000295258708426408,0.556056443648187,0.11,0.569,1,"2","Txn2"
0.000303472052892143,2.4861780772944,0.505,0.713,1,"2","Cltc"
0.00030544695003415,0.633540436164892,0.147,0.658,1,"2","Gm16286"
0.000305737711824847,0.288180655334693,0.042,0.266,1,"2","Icam1"
0.000307423996073768,0.816241132213551,0.114,0.547,1,"2","Dctn3"
0.000314813283769714,0.167994524906075,0.107,0.612,1,"2","Acadl"
0.000317827587189035,0.81930460835427,0.07,0.368,1,"2","Aup1"
0.000317827587189035,1.17939794488652,0.078,0.316,1,"2","Ehbp1l1"
0.000317827587189035,0.591072760665919,0.034,0.253,1,"2","Kctd10"
0.000323065658588147,0.196574267852354,0.183,0.745,1,"2","Snx10"
0.00032395735452503,0.591954796857874,0.136,0.632,1,"2","Ufc1"
0.00032395735452503,0.363542233646379,0.107,0.595,1,"2","Rnf187"
0.00032395735452503,0.485236707183064,0.103,0.562,1,"2","Rwdd1"
0.00034473766608407,1.14442786935832,0.265,0.736,1,"2","Lars2"
0.000350830098182455,0.178903309857685,0.083,0.534,1,"2","Dctn4"
0.000362543964655951,0.129051879840007,0.078,0.55,1,"2","Bbip1"
0.000362543964655951,0.568965794078634,0.092,0.494,1,"2","Tmem223"
0.000362543964655951,0.173770859662651,0.06,0.421,1,"2","Mfsd14b"
0.000362543964655951,0.881531441599392,0.09,0.443,1,"2","Snrpb2"
0.000366600695698885,0.790430908927912,0.275,0.818,1,"2","Vapa"
0.000375070233649929,0.231121907346316,0.332,0.874,1,"2","Rbm3"
0.000376379083627986,0.299247630076405,0.132,0.69,1,"2","Supt4a"
0.000376900471927949,0.785579996445707,0.154,0.634,1,"2","Srsf9"
0.000376900471927949,0.551012034702592,0.111,0.579,1,"2","U2af2"
0.000383872411857672,0.35586497397951,0.091,0.558,1,"2","Irak1"
0.000383872411857672,0.166489710909861,0.078,0.521,1,"2","Mettl9"
0.000383872411857672,1.09397189141602,0.14,0.494,1,"2","Tspan4"
0.000387277661298243,0.429916066747835,0.153,0.7,1,"2","Mrpl23"
0.000396196689365899,0.474224836053515,0.1,0.564,1,"2","Eif3l"
0.000403573907659379,0.609524226092761,0.098,0.475,1,"2","Hsd17b11"
0.000403573907659379,0.728206921384328,0.07,0.393,1,"2","Rad23a"
0.000403573907659379,0.349700474029055,0.046,0.353,1,"2","Eif1ad"
0.000412071951816173,0.568198850568532,0.157,0.696,1,"2","Rab11b"
0.000418355453231639,0.59170478830113,0.074,0.441,1,"2","Mrpl11"
0.000418355453231639,0.546835323300229,0.064,0.404,1,"2","Acads"
0.000418355453231639,0.24953650758882,0.044,0.37,1,"2","Acaa2"
0.000418355453231639,0.722817777681595,0.07,0.394,1,"2","Ncbp2"
0.000418355453231639,0.377962470481126,0.051,0.365,1,"2","Fbxo22"
0.000418355453231639,0.42104060260564,0.051,0.355,1,"2","Usp5"
0.000418355453231639,0.109968560892166,0.043,0.346,1,"2","Gosr1"
0.000418355453231639,0.507768707124092,0.048,0.321,1,"2","Poldip2"
0.000425981117781377,0.70199701689246,0.047,0.307,1,"2","Dnlz"
0.000425981117781377,0.895280548815094,0.046,0.286,1,"2","Coa6"
0.000425981117781377,0.266642909435472,0.033,0.27,1,"2","Gdi1"
0.000425981117781377,0.286096392073683,0.045,0.281,1,"2","Laptm4b"
0.000425981117781377,0.896239136166758,0.05,0.269,1,"2","Xrcc1"
0.000425981117781377,0.426394141910277,0.034,0.253,1,"2","Serhl"
0.000425981117781377,0.892931976963929,0.05,0.264,1,"2","Tm9sf1"
0.000435423802653194,0.48779468819626,0.112,0.565,1,"2","Snap23"
0.000440304729499789,0.132549624160532,0.157,0.743,1,"2","Itgb1"
0.00044928556009907,0.4793540425281,0.113,0.525,1,"2","Mkrn1"
0.00044928556009907,0.847324771573872,0.103,0.495,1,"2","Ensa"
0.000464057276226285,0.542510656897623,0.139,0.641,1,"2","Naa50"
0.000464057276226285,0.158912875199508,0.083,0.58,1,"2","Trappc4"
0.000464442077167616,0.311066736278923,0.089,0.435,1,"2","Btg1"
0.000478351781918736,0.9177151316201,0.175,0.612,1,"2","P4hb"
0.000479848618822727,0.198759131257152,0.083,0.481,1,"2","Klf3"
0.000490217261360955,0.715704313476447,0.062,0.352,1,"2","Psme3"
0.000490217261360955,0.635229451256229,0.057,0.332,1,"2","Snx15"
0.000494324738147379,0.214793524976655,0.027,0.253,1,"2","Ddx56"
0.000494324738147379,0.110243726683984,0.028,0.253,1,"2","Tor2a"
0.000494324738147379,0.170484473963933,0.026,0.249,1,"2","Cfap298"
0.000494324738147379,0.127763450685603,0.025,0.241,1,"2","Fam207a"
0.000494324738147379,0.341846290577003,0.029,0.235,1,"2","Lyrm2"
0.000494324738147379,1.44799296134687,0.068,0.272,1,"2","Acaa1a"
0.000500983373596186,0.91501859015163,0.727,0.948,1,"2","Eif1"
0.000507097050610596,0.498481271587475,0.087,0.464,1,"2","Epb41l2"
0.000507097050610596,0.259553243458839,0.038,0.317,1,"2","Gm17018"
0.0005081811337493,0.947901424708955,0.148,0.572,1,"2","2610507B11Rik"
0.000512102023333257,0.321228919797684,0.073,0.486,1,"2","Tmem147"
0.000517455112778723,0.285541643861136,0.105,0.594,1,"2","Actn4"
0.00052168869002594,0.903562608161513,0.241,0.74,1,"2","Ndufb8"
0.000524517427512545,0.348752439610731,0.084,0.476,1,"2","Lgals8"
0.000524517427512545,0.53296592016176,0.08,0.42,1,"2","Plekhm2"
0.000524517427512545,0.414734143259434,0.059,0.385,1,"2","Ccdc34"
0.000524517427512545,1.29863722736144,0.111,0.431,1,"2","9530068E07Rik"
0.000524517427512545,1.00208713348357,0.079,0.388,1,"2","Slirp"
0.000536544916548658,0.985456284088281,0.198,0.675,1,"2","Rab7"
0.000539737276082634,0.530002694013335,0.118,0.6,1,"2","Aurkaip1"
0.000554425755698839,0.161756259340388,0.042,0.367,1,"2","Mrpl22"
0.000554425755698839,0.238985063433742,0.034,0.287,1,"2","Josd2"
0.000556191233418198,0.52981270124092,0.105,0.562,1,"2","Mrpl14"
0.000556191233418198,0.850739804758574,0.124,0.556,1,"2","Coa3"
0.000564289686723442,0.286372863203567,0.068,0.485,1,"2","Spag7"
0.000565052162675101,0.277088091841309,0.159,0.733,1,"2","Snu13"
0.000567679816966037,1.27361252445578,0.685,0.938,1,"2","Cox4i1"
0.000575958971791996,0.315298626566211,0.042,0.312,1,"2","Pacs2"
0.000575958971791996,0.554007209554731,0.042,0.287,1,"2","Mtx1"
0.000575958971791996,0.300232956085929,0.083,0.294,1,"2","Cpeb4"
0.000597295505569845,0.456697779246145,0.322,0.892,1,"2","Eif3a"
0.000598268830969312,0.26133334904878,0.043,0.352,1,"2","Atg101"
0.000598268830969312,0.322406162581504,0.046,0.343,1,"2","Pes1"
0.000598268830969312,0.200673916813047,0.05,0.332,1,"2","Mcm2"
0.000598268830969312,0.258609998146693,0.038,0.31,1,"2","Eif2b5"
0.000598268830969312,0.763118590684033,0.058,0.32,1,"2","Rab1b"
0.000598268830969312,1.15669194397755,0.073,0.334,1,"2","Ogfr"
0.000598268830969312,1.22093243674433,0.116,0.377,1,"2","Mpp1"
0.000598268830969312,0.591768726625815,0.047,0.306,1,"2","Uap1"
0.000598268830969312,0.895934766852431,0.06,0.317,1,"2","Scamp3"
0.000598268830969312,0.108116469976168,0.045,0.3,1,"2","Klf7"
0.000598268830969312,0.470472357398346,0.046,0.296,1,"2","Tmem192"
0.000598268830969312,0.693206279031003,0.051,0.298,1,"2","Nudt16l1"
0.000598268830969312,0.49605705214363,0.036,0.272,1,"2","Pmpca"
0.000598268830969312,0.235646458633622,0.03,0.257,1,"2","Ciao1"
0.000598268830969312,0.957070087343859,0.066,0.286,1,"2","Sgpp1"
0.000598268830969312,0.452633346207442,0.042,0.253,1,"2","Rnf103"
0.000599344627372756,0.32606499405246,0.17,0.757,1,"2","Capza1"
0.000600000376512666,0.542132449064236,0.14,0.661,1,"2","Eif1b"
0.000601788815881203,1.17917343698229,0.112,0.436,1,"2","2610001J05Rik"
0.000603403913417136,0.746723360975652,0.159,0.643,1,"2","Tmem30a"
0.000616701094260711,0.228378126975313,0.119,0.654,1,"2","Arpp19"
0.000621396221691477,0.600345603839572,0.09,0.499,1,"2","Emc7"
0.000621396221691477,0.433563338783719,0.064,0.423,1,"2","Gyg"
0.000621575019019626,0.270853611546159,0.138,0.673,1,"2","Myl12a"
0.000641596684878631,0.267140526339999,0.077,0.468,1,"2","Cs"
0.000646556133646818,0.465047819323881,0.121,0.604,1,"2","Usp8"
0.00065788466147598,0.689615403556183,0.168,0.672,1,"2","Taf10"
0.000659269803530587,0.41174991115532,0.342,0.866,1,"2","AY036118"
0.000660238687866764,0.784881742339826,0.109,0.51,1,"2","Jtb"
0.000666057257361085,0.29175342275923,0.05,0.374,1,"2","Wdr75"
0.000666386671892486,0.268565623086961,0.195,0.634,1,"2","Tcf7l2"
0.000666794934168973,0.305021452528967,0.108,0.602,1,"2","Sdf2"
0.000687621478512436,1.03790902097741,0.094,0.385,1,"2","Ndst1"
0.000690053527816801,0.452225053140567,0.088,0.4,1,"2","Ctnnd1"
0.000690053527816801,0.33001669711585,0.067,0.288,1,"2","Adgre5"
0.000693229486728893,0.271509455195105,0.188,0.788,1,"2","Psma2"
0.000714851295833711,1.0771877226676,0.103,0.433,1,"2","Snapc5"
0.000714851295833711,0.157671999507321,0.046,0.313,1,"2","Rell1"
0.000736493621803161,0.81191175106145,0.148,0.635,1,"2","Pdcd5"
0.000736742346914597,5.01233137826282,0.264,0.03,1,"2","Clec4a1"
0.000740474930144239,0.485100600557754,0.078,0.49,1,"2","Grpel1"
0.000740474930144239,0.709492846082434,0.079,0.423,1,"2","Abhd17a"
0.000740474930144239,0.229854143664348,0.107,0.428,1,"2","Hip1"
0.000740474930144239,0.391042179232991,0.04,0.323,1,"2","Iah1"
0.000745655078956681,0.758422402039035,0.248,0.79,1,"2","Dad1"
0.000753000021518992,0.337489413127469,0.308,0.891,1,"2","Tpm3"
0.000753784917764092,0.212832967504916,0.066,0.482,1,"2","Puf60"
0.000753784917764092,0.109747427239755,0.053,0.419,1,"2","Srp68"
0.000753784917764092,1.22307673175265,0.138,0.477,1,"2","Atp6v1a"
0.000760697464243628,0.190028981085433,0.222,0.794,1,"2","Ssr4"
0.000766949453657221,0.384105578328887,0.07,0.467,1,"2","Smndc1"
0.000766949453657221,0.107913797181284,0.058,0.43,1,"2","Flii"
0.000766949453657221,0.566518688819656,0.078,0.448,1,"2","Idnk"
0.000766949453657221,0.33545655827031,0.053,0.359,1,"2","Acot13"
0.000766949453657221,0.90553970560017,0.073,0.371,1,"2","Ap1s1"
0.000766949453657221,0.688753950602551,0.073,0.367,1,"2","Ncstn"
0.000766949453657221,0.768102552447238,0.081,0.365,1,"2","Dpy19l1"
0.000766949453657221,0.675260515240931,0.058,0.329,1,"2","Derl2"
0.000766949453657221,0.29684962134462,0.036,0.303,1,"2","Ubl4a"
0.000766949453657221,0.853734990036447,0.065,0.328,1,"2","Ankrd40"
0.000766949453657221,0.440326140553473,0.044,0.305,1,"2","Dynlt1f"
0.000766949453657221,1.04015859685865,0.065,0.309,1,"2","Fam50a"
0.000768470327504729,0.331855296572477,0.083,0.39,1,"2","Ap3s1"
0.000776072814696217,0.686878082757784,0.209,0.727,1,"2","Irf2bp2"
0.000777121628534005,0.160932422403495,0.09,0.576,1,"2","Lsm7"
0.000778990373003857,1.0700352986543,0.182,0.646,1,"2","Rnf7"
0.000793208238272359,1.06825840802515,0.13,0.477,1,"2","Hif1a"
0.000794497007400491,0.400623770936059,0.056,0.369,1,"2","Asnsd1"
0.000813710709725828,0.165237711321696,0.04,0.324,1,"2","Aldh16a1"
0.000813710709725828,0.207795339487069,0.04,0.306,1,"2","Faim"
0.000813710709725828,0.236678941984233,0.04,0.284,1,"2","Acadsb"
0.000813710709725828,0.844469240685596,0.052,0.291,1,"2","Spr"
0.000813710709725828,0.128511569469202,0.031,0.261,1,"2","Insig2"
0.000813710709725828,0.524877803065992,0.043,0.268,1,"2","Cmc2"
0.000813710709725828,0.247409693255741,0.028,0.246,1,"2","Stambp"
0.000821339796913958,0.128729441891027,0.061,0.471,1,"2","Stk11"
0.00082298683485616,0.246477504228256,0.224,0.823,1,"2","Tle5"
0.000823754061950406,0.334356233847,0.13,0.657,1,"2","Psmd1"
0.000824316212788492,0.40161238636035,0.133,0.653,1,"2","Hmox2"
0.000839701994598253,0.661653835037958,0.133,0.545,1,"2","Cycs"
0.000841163768476781,0.547549781555359,0.188,0.735,1,"2","Snrpd3"
0.000849021941589454,0.936871058586482,0.076,0.329,1,"2","Hacd3"
0.000877567269430447,1.06561628244498,0.107,0.403,1,"2","Sord"
0.000887332747814504,0.123765337589815,0.115,0.695,1,"2","Oip5os1"
0.000894642632292964,0.786514568360252,0.191,0.709,1,"2","G3bp2"
0.000911288034057656,0.257402609953859,0.166,0.744,1,"2","Psmb3"
0.000937345771319915,0.186117384968024,0.077,0.529,1,"2","Tpd52l2"
0.000937345771319915,0.231527277768129,0.064,0.474,1,"2","Hadh"
0.000937345771319915,0.394756410786881,0.078,0.466,1,"2","Prpf19"
0.000937345771319915,1.11637901850806,0.12,0.438,1,"2","Trafd1"
0.000941068757327173,0.915386221862954,0.138,0.569,1,"2","Ier3ip1"
0.000941068757327173,1.08491570135109,0.191,0.619,1,"2","Vasp"
0.000944573843778118,0.845269846477428,0.24,0.756,1,"2","Fis1"
0.000950723728427682,3.40040432737697,0.387,0.131,1,"2","Id2"
0.000953362814751275,0.377378055801083,0.039,0.289,1,"2","Lactb"
0.00097049620422463,0.781665875354989,0.226,0.752,1,"2","Tmed2"
0.000976714331935733,5.18181244532028,0.227,0.024,1,"2","Clec4a3"
0.000996182088969542,0.393986728031903,0.152,0.696,1,"2","Micos13"
0.000996582033825993,1.18264396414342,0.307,0.782,1,"2","Ndufc2"
0.0010278210424396,0.709579395120411,0.349,0.838,1,"2","Hspe1"
0.00104644925078584,0.2606287272653,0.146,0.658,1,"2","Pgam1"
0.0010515316218055,0.572619941191747,0.099,0.542,1,"2","Mrpl54"
0.00107173694943071,0.103488153579732,0.054,0.406,1,"2","Ddx39"
0.00107173694943071,0.339635365129407,0.057,0.404,1,"2","Zbtb8os"
0.00107173694943071,0.619935389981192,0.062,0.372,1,"2","Ebp"
0.00107173694943071,0.852387078817351,0.07,0.355,1,"2","Map2k3"
0.00107173694943071,0.144965902297639,0.041,0.312,1,"2","Cul4b"
0.00108416900665609,0.69656703377693,0.106,0.529,1,"2","Dbnl"
0.00108416900665609,1.13274708161257,0.138,0.513,1,"2","Nars"
0.00110876961397703,0.466426308924216,0.276,0.848,1,"2","Qk"
0.00111235513332899,0.445950512156451,0.05,0.376,1,"2","Mrpl53"
0.00111235513332899,0.401499279441618,0.047,0.356,1,"2","Pfdn4"
0.00111235513332899,0.576514644396575,0.052,0.336,1,"2","Ccndbp1"
0.00111235513332899,0.263736255304101,0.038,0.322,1,"2","0610009B22Rik"
0.00111235513332899,0.234182158283084,0.036,0.314,1,"2","E2f4"
0.00111235513332899,0.230032418111387,0.032,0.279,1,"2","Itgb1bp1"
0.00111235513332899,0.595996078191042,0.053,0.285,1,"2","Trim26"
0.00111235513332899,1.39176156286226,0.072,0.284,1,"2","Phf23"
0.00111505977174087,0.907274506373393,0.195,0.692,1,"2","Sf3b5"
0.00111505977174087,1.55879229145592,0.206,0.547,1,"2","Armc8"
0.00111914154344375,0.709576253332786,0.106,0.523,1,"2","Nras"
0.00111914154344375,0.258196946920859,0.069,0.477,1,"2","Nt5c"
0.00111914154344375,0.680082366895174,0.086,0.443,1,"2","Lrp10"
0.00111914154344375,0.519973967020159,0.069,0.421,1,"2","Otub1"
0.00111914154344375,0.420340136260957,0.057,0.372,1,"2","Prps2"
0.00111914154344375,0.779644933389329,0.072,0.359,1,"2","Tmem205"
0.00113642307555998,0.533175667552239,0.163,0.705,1,"2","Fam168b"
0.00114676260213916,0.485644285365662,0.103,0.551,1,"2","Mrpl12"
0.00117619336434268,0.731815923293623,0.128,0.531,1,"2","Tmed3"
0.00121955877084719,0.200042113226678,0.14,0.723,1,"2","Ndufv2"
0.00125140972671142,1.21381747350339,0.077,0.291,1,"2","Ypel5"
0.00127340030864691,0.511066157273937,0.172,0.633,1,"2","Atp13a3"
0.00127964185267403,1.69630684879126,0.458,0.833,1,"2","Capza2"
0.00128604061011681,0.55888609765685,0.084,0.508,1,"2","Slc25a11"
0.00129526078090604,0.410663680879218,0.045,0.315,1,"2","Ppp1r15b"
0.00133034996650717,1.05430421293405,0.201,0.646,1,"2","Tmem258"
0.00134052626135207,0.347484928903921,0.046,0.339,1,"2","Cbr1"
0.00134052626135207,0.318486406913018,0.044,0.333,1,"2","Aida"
0.00134052626135207,0.154827775563708,0.029,0.245,1,"2","Mrpl49"
0.00135665343552666,0.569396830041563,0.191,0.7,1,"2","Manf"
0.00137263076028689,0.99517987723782,0.237,0.706,1,"2","1810037I17Rik"
0.00137724873092837,1.44942855831063,0.228,0.628,1,"2","Hcls1"
0.00138724724078471,0.138340645386996,0.058,0.451,1,"2","Tug1"
0.00138724724078471,0.232679424083615,0.076,0.412,1,"2","March2"
0.00138724724078471,0.40548732959969,0.052,0.371,1,"2","BC003965"
0.00138724724078471,0.269627334728302,0.042,0.343,1,"2","Mepce"
0.00138724724078471,0.425795761701404,0.051,0.352,1,"2","Bag6"
0.00138724724078471,0.4283764689554,0.047,0.332,1,"2","Mrpl50"
0.00138724724078471,0.339558482693129,0.04,0.324,1,"2","Rpl10-ps3"
0.00138724724078471,1.00387667969284,0.073,0.349,1,"2","Grsf1"
0.00138724724078471,0.65736837385292,0.047,0.3,1,"2","Egln2"
0.00138724724078471,1.00512935625167,0.055,0.288,1,"2","Arl2"
0.00138724724078471,0.712395443206614,0.041,0.272,1,"2","Dda1"
0.00138724724078471,0.898714615276214,0.052,0.258,1,"2","Vac14"
0.00139792214488521,0.467384579928518,0.155,0.67,1,"2","Hdlbp"
0.00139956219052189,0.362485279890164,0.187,0.784,1,"2","Ppp2ca"
0.00144322384030568,4.66042975702313,0.422,0.096,1,"2","Ckb"
0.00148269476212417,0.897220052557225,0.156,0.614,1,"2","Cwc15"
0.00151244775055324,0.505132732507834,0.204,0.776,1,"2","Ccdc12"
0.0015254103385889,0.34424328811009,0.082,0.49,1,"2","Ripk1"
0.0015254103385889,0.836814227909029,0.122,0.512,1,"2","Gabarapl1"
0.00152787633129338,0.800965708079276,0.148,0.629,1,"2","Pdcd6"
0.00153830150694953,0.400707323222375,0.042,0.324,1,"2","Psmg3"
0.00153830150694953,0.373449120863931,0.038,0.295,1,"2","Traf7"
0.00153830150694953,0.177147206009517,0.031,0.285,1,"2","Pycrl"
0.00153830150694953,0.135968444057757,0.035,0.289,1,"2","Armcx3"
0.00153830150694953,0.324690805939961,0.035,0.275,1,"2","Orai3"
0.00153830150694953,0.4599436661137,0.036,0.276,1,"2","Lonp1"
0.00153830150694953,0.827630350966773,0.047,0.281,1,"2","Bak1"
0.00153830150694953,0.154700609770795,0.037,0.266,1,"2","Mknk1"
0.00153830150694953,0.139306672464211,0.029,0.255,1,"2","Ccdc86"
0.00153830150694953,0.339285822382912,0.037,0.262,1,"2","Ripk3"
0.00153830150694953,0.669756900028401,0.038,0.251,1,"2","Nudt2"
0.00154905228008709,0.1448638482518,0.056,0.437,1,"2","Poldip3"
0.00154905228008709,0.942109574361271,0.088,0.398,1,"2","Ifi47"
0.00156925685475721,0.273758081523985,0.091,0.56,1,"2","Ube2m"
0.00156925685475721,0.564572136665336,0.09,0.479,1,"2","Man2a2"
0.00158966470064613,0.547824972667865,0.256,0.786,1,"2","Atp5g1"
0.00159958426786195,0.174602729744818,0.051,0.375,1,"2","Ufsp2"
0.00159958426786195,1.01680943421624,0.109,0.424,1,"2","Washc2"
0.00159958426786195,1.15058816256624,0.082,0.364,1,"2","Ormdl2"
0.00159958426786195,1.43497572859004,0.101,0.345,1,"2","Sec13"
0.00159958426786195,0.967422121311667,0.067,0.291,1,"2","Hcst"
0.00160313032062908,0.788889707035044,0.105,0.508,1,"2","BC005624"
0.00160313032062908,1.04580426546463,0.114,0.329,1,"2","Rtp4"
0.00163125811106553,1.47521018057603,0.203,0.562,1,"2","Ndufa1"
0.00165162975674634,0.832894295990287,0.073,0.368,1,"2","Scoc"
0.00165162975674634,0.349293933057719,0.039,0.319,1,"2","Map2k7"
0.00165162975674634,0.612699458899353,0.051,0.318,1,"2","Napg"
0.00165162975674634,1.30048905574648,0.106,0.372,1,"2","Chp1"
0.00169598359323634,0.138488370013558,0.12,0.663,1,"2","Cflar"
0.00169798562294938,0.98332362149897,0.67,0.921,1,"2","Pfn1"
0.00171862922710032,0.207575977276604,0.101,0.632,1,"2","Denr"
0.00172504263523388,0.497604698716225,0.088,0.513,1,"2","Snf8"
0.0017621340866658,0.626551481711382,0.266,0.82,1,"2","Ndufa13"
0.0017621340866658,0.908072918247484,0.268,0.795,1,"2","Srp14"
0.00176391021881498,0.552155960574655,0.165,0.718,1,"2","Mrps14"
0.0017648343082864,0.834785134989955,0.093,0.432,1,"2","Dtx3l"
0.00178099315721389,0.199799773631168,0.1,0.621,1,"2","Map2k2"
0.0018110779168164,0.715470270600896,0.077,0.406,1,"2","Mcee"
0.00182180776457031,0.194892298832902,0.122,0.621,1,"2","Jpt1"
0.00182346989838934,0.194375434452924,0.03,0.289,1,"2","Elp5"
0.00182346989838934,0.254038157467018,0.024,0.232,1,"2","Shmt2"
0.00182346989838934,0.303259209693941,0.031,0.239,1,"2","Nit1"
0.0018286216906142,0.163833208499281,0.323,0.884,1,"2","Cox7a2l"
0.00182904409734983,0.892423807324022,0.133,0.528,1,"2","Tmem123"
0.00183432781061837,0.616445654713336,0.172,0.558,1,"2","Pkig"
0.00187203841585439,0.312475768113332,0.129,0.679,1,"2","Pdcd10"
0.00187203841585439,0.502160129390706,0.124,0.627,1,"2","Bcas2"
0.00187203841585439,0.559039608567819,0.137,0.633,1,"2","Dpm3"
0.00187203841585439,0.463774485068801,0.095,0.567,1,"2","C1d"
0.00187203841585439,1.18073646954729,0.164,0.558,1,"2","Cuta"
0.00187828370979679,0.195420183679883,0.095,0.603,1,"2","Prrc2a"
0.0019240971140026,0.58730524636228,0.094,0.49,1,"2","Il16"
0.0019240971140026,0.311801989258869,0.064,0.43,1,"2","Becn1"
0.0019240971140026,1.07303223602743,0.108,0.441,1,"2","Wbp2"
0.0019240971140026,1.13288588729582,0.071,0.299,1,"2","Trim41"
0.00197022729034967,0.261775203415511,0.035,0.274,1,"2","Zfp655"
0.00197022729034967,0.768879901064675,0.048,0.278,1,"2","Dcaf11"
0.00203340010967237,0.545239402781125,0.191,0.687,1,"2","Hmgn1"
0.00204114779924939,1.15336450609066,0.099,0.367,1,"2","Stx12"
0.0020431844912543,0.334657913056149,0.057,0.429,1,"2","Mrpl3"
0.0020431844912543,0.555639490663384,0.055,0.373,1,"2","Mrpl2"
0.0020431844912543,0.924460529703098,0.076,0.373,1,"2","Ptpmt1"
0.0020431844912543,0.88217367926856,0.068,0.348,1,"2","Mcur1"
0.0020431844912543,0.30162144983714,0.045,0.324,1,"2","Plekha3"
0.0020431844912543,0.915020266513038,0.07,0.335,1,"2","Ap3d1"
0.0020431844912543,0.263568763808238,0.034,0.287,1,"2","Lcmt1"
0.0020431844912543,0.714833412777437,0.052,0.301,1,"2","Pwwp3a"
0.0020431844912543,0.549714873169882,0.056,0.302,1,"2","Tcirg1"
0.0020431844912543,0.352262152111778,0.035,0.273,1,"2","Akr1e1"
0.0020431844912543,0.676929115524832,0.05,0.286,1,"2","Plpbp"
0.0020431844912543,0.663113398771149,0.04,0.259,1,"2","Hax1"
0.0020431844912543,0.420388161409704,0.028,0.237,1,"2","U2af1l4"
0.0020431844912543,0.573151251002365,0.039,0.242,1,"2","Prkaca"
0.00207548414633306,0.802286551384568,0.19,0.713,1,"2","Ndufb3"
0.00207782919765961,0.122849612068375,0.308,0.879,1,"2","Atp5b"
0.0020876624581605,0.415825057421102,0.119,0.647,1,"2","Pfdn2"
0.0020935089372632,0.663897536083973,0.051,0.295,1,"2","Sh2b3"
0.00214260345338523,0.212488088749914,0.121,0.671,1,"2","Eif4ebp2"
0.00218430296854496,1.19541124058996,0.402,0.862,1,"2","Gdi2"
0.00221320826303106,0.262352754577885,0.205,0.778,1,"2","Tspo"
0.00223801629282561,0.879422940766507,0.184,0.685,1,"2","Grk2"
0.002239418194846,0.17602313112231,0.057,0.407,1,"2","Rassf3"
0.002239418194846,0.777393400306874,0.054,0.295,1,"2","Pex2"
0.0022585169366441,0.443870349935784,0.118,0.616,1,"2","Ddb1"
0.0023710780570103,0.87374164082673,0.171,0.514,1,"2","Ifi27"
0.00238717161594926,0.98946786016776,0.596,0.91,1,"2","Cfl1"
0.00239459197266362,0.997249026524395,0.07,0.326,1,"2","Pbx2"
0.00239459197266362,0.493222996339348,0.048,0.293,1,"2","Flot2"
0.00239459197266362,0.275598662346968,0.032,0.25,1,"2","Fzr1"
0.00243383840305415,0.898039215517807,0.255,0.741,1,"2","Erp29"
0.00243503690215825,1.14707119942832,0.185,0.615,1,"2","Vps35"
0.00243624070480667,0.755241992933302,0.231,0.77,1,"2","Ube2l3"
0.00247581501438055,0.396328547336788,0.066,0.423,1,"2","Yipf5"
0.00247581501438055,0.262997870641956,0.044,0.364,1,"2","Nop16"
0.00247581501438055,0.530637933560609,0.058,0.367,1,"2","Sec23b"
0.00247581501438055,0.378063552980714,0.045,0.346,1,"2","Adprh"
0.00247581501438055,0.130461870075528,0.041,0.341,1,"2","Gabpa"
0.00247581501438055,0.272925733287727,0.05,0.333,1,"2","Irak4"
0.00247581501438055,0.356891237145111,0.034,0.3,1,"2","Gfer"
0.00248413046975494,1.03505681089362,0.151,0.508,1,"2","Basp1"
0.00248577459484452,2.77033817121055,0.391,0.11,1,"2","Cybb"
0.00249540811358395,0.769358136344515,0.196,0.717,1,"2","Sdha"
0.00252415972792781,4.18109303859174,0.642,0.318,1,"2","Sirpa"
0.0025324383267767,0.676545028369259,0.056,0.296,1,"2","Cnp"
0.00255671845903909,1.0275228391602,0.679,0.962,1,"2","H2-D1"
0.00257896195598877,0.200146561048286,0.105,0.624,1,"2","Etfa"
0.00257896195598877,0.246576767354859,0.103,0.609,1,"2","Lrrc58"
0.00257896195598877,0.25229729566895,0.1,0.594,1,"2","Acat1"
0.00257896195598877,0.491242590639287,0.103,0.561,1,"2","Phf5a"
0.00257896195598877,0.596907584684399,0.089,0.502,1,"2","Mrps12"
0.00257896195598877,0.210232416119567,0.075,0.472,1,"2","Bin3"
0.00261309366017895,0.239128401198489,0.063,0.397,1,"2","Zmpste24"
0.0026388308179998,0.378550881864151,0.102,0.581,1,"2","Plekhj1"
0.00264512841890863,2.86946215533083,0.271,0.069,1,"2","Plbd1"
0.00268384546158905,0.722981158665972,0.27,0.804,1,"2","Tmed10"
0.00269609105847942,0.823173625430028,0.089,0.45,1,"2","Atraid"
0.00270832567628918,0.887708771019584,0.235,0.729,1,"2","Ndufb7"
0.00276358519298262,0.419028419988299,0.151,0.717,1,"2","Prkar1a"
0.00276674467891838,0.141390952466164,0.04,0.325,1,"2","Brms1"
0.00278149080650183,1.14616671284858,0.088,0.39,1,"2","Cenpb"
0.00278149080650183,1.29105201621688,0.091,0.352,1,"2","Vma21"
0.00281369090537723,1.16053003974518,0.12,0.46,1,"2","Aagab"
0.0028603226954095,0.65057114869841,0.287,0.846,1,"2","Vcp"
0.0028603226954095,0.855592860238945,0.28,0.775,1,"2","Cox7b"
0.00286935449319996,0.188695602158613,0.056,0.425,1,"2","Rab22a"
0.00286935449319996,0.387106158422852,0.047,0.346,1,"2","Oard1"
0.00286935449319996,0.253248174641539,0.041,0.325,1,"2","Rab24"
0.00286935449319996,1.04572221194772,0.077,0.351,1,"2","Nrbf2"
0.00287950515754262,0.313335093556473,0.044,0.352,1,"2","Mrpl40"
0.00287950515754262,0.289832096109509,0.041,0.317,1,"2","Rnft1"
0.00287950515754262,0.146991254212475,0.037,0.308,1,"2","Smim8"
0.00287950515754262,0.322143763745111,0.04,0.297,1,"2","Jade2"
0.00287950515754262,0.631118855078312,0.045,0.291,1,"2","Gde1"
0.00287950515754262,0.617293125399221,0.049,0.285,1,"2","Sidt2"
0.00287950515754262,0.915191516011533,0.055,0.277,1,"2","Gga1"
0.00287950515754262,0.257417111037395,0.03,0.252,1,"2","Mrps11"
0.00287950515754262,0.290222537063163,0.036,0.256,1,"2","Gga2"
0.00287950515754262,0.487258419554771,0.04,0.256,1,"2","Hagh"
0.00287950515754262,0.835773613573697,0.05,0.259,1,"2","Vps26c"
0.00287950515754262,0.650292023926962,0.036,0.245,1,"2","Akr7a5"
0.00287950515754262,0.640460719786319,0.035,0.24,1,"2","Lrrc47"
0.00287950515754262,0.598437491160354,0.037,0.238,1,"2","Ginm1"
0.00289572441882046,0.537490624018446,0.17,0.72,1,"2","Ubxn1"
0.00290254717302022,0.557588210982047,0.141,0.475,1,"2","Hacd4"
0.0029339589113378,0.214689479894073,0.131,0.694,1,"2","Ogdh"
0.00298519175107774,0.820252309560651,0.094,0.438,1,"2","Fuca1"
0.00305571503336973,0.485066882464865,0.096,0.535,1,"2","Rtf2"
0.00307447122476711,0.103782990233993,0.057,0.462,1,"2","Osgep"
0.00307447122476711,0.330598693946895,0.073,0.434,1,"2","Dnajb11"
0.00307447122476711,0.655453890314997,0.063,0.352,1,"2","Tmem106b"
0.00310377943052064,0.124931696799171,0.13,0.539,1,"2","Acer3"
0.0031141368536415,0.261729219034235,0.086,0.563,1,"2","Strap"
0.0031141368536415,0.132654731158059,0.07,0.506,1,"2","Trappc6a"
0.0031141368536415,0.602441556248522,0.095,0.439,1,"2","mt-Nd6"
0.00326037412467002,0.398837645262264,0.079,0.484,1,"2","Chrac1"
0.00326037412467002,0.456650311218219,0.061,0.402,1,"2","Psmd3"
0.00326037412467002,0.468134015954263,0.059,0.388,1,"2","Ei24"
0.00326037412467002,1.30072770860251,0.125,0.425,1,"2","Hsd17b4"
0.00326037412467002,1.46663243971731,0.129,0.416,1,"2","Akirin1"
0.00328011566247447,0.646160541938388,0.138,0.627,1,"2","Eif2s3x"
0.00328011566247447,0.436410907901682,0.102,0.537,1,"2","Mapkapk2"
0.00329932102545549,0.611003352796442,0.122,0.617,1,"2","Smim11"
0.0033504985405254,1.02925342481246,0.203,0.684,1,"2","Bag1"
0.0033504985405254,1.16255580125331,0.276,0.753,1,"2","Brk1"
0.00336595188237108,0.927630566673804,0.283,0.797,1,"2","Nedd8"
0.00336901188578909,0.851197399270319,0.236,0.736,1,"2","Mcl1"
0.00338833227345471,0.4129885408024,0.08,0.494,1,"2","Acly"
0.00345846300591014,0.284450910336043,0.212,0.763,1,"2","Syk"
0.00346244582563732,0.188270893330165,0.031,0.243,1,"2","AW549877"
0.00346244582563732,0.129024891688196,0.025,0.228,1,"2","Dhx29"
0.00356049285469784,1.27600448910332,0.186,0.58,1,"2","Sumo3"
0.00357881117861477,0.661141922301581,0.04,0.271,1,"2","Dohh"
0.00359562174059813,0.841768549715428,0.129,0.56,1,"2","Arf3"
0.00360869855936481,0.329268530235977,0.202,0.793,1,"2","Polr1d"
0.00368433831899304,0.793372208230973,0.087,0.449,1,"2","Naa38"
0.00370807355512275,0.274332319987573,0.048,0.327,1,"2","Fam20b"
0.00370807355512275,0.436596559627803,0.043,0.316,1,"2","Abcf2"
0.00370807355512275,0.106531784868421,0.027,0.277,1,"2","Pex6"
0.00370807355512275,0.202164456740307,0.028,0.265,1,"2","Tsta3"
0.0037674115136981,0.114803768784683,0.25,0.804,1,"2","Pip4k2a"
0.00381892398173401,0.950324143204685,0.214,0.696,1,"2","Comt"
0.00395443940730137,0.133858989500352,0.03,0.249,1,"2","Manea"
0.00396036491465478,0.879672631684564,0.116,0.536,1,"2","Polr2g"
0.00408552820249031,0.121574903593822,0.022,0.233,1,"2","Spout1"
0.0040959121373035,1.3272411837653,0.105,0.332,1,"2","Agpat3"
0.00416722748825386,1.44660668262598,0.216,0.58,1,"2","Atp6v1e1"
0.00417699185950552,0.442594948210726,0.103,0.549,1,"2","Anapc16"
0.00417699185950552,0.812464826324238,0.104,0.475,1,"2","Lasp1"
0.00417699185950552,1.5273676945717,0.174,0.506,1,"2","Parvg"
0.00422054890021009,0.130858966272462,0.036,0.322,1,"2","Gm13212"
0.00422054890021009,0.289121864769686,0.029,0.244,1,"2","Gipc1"
0.00424653625765858,0.479127980103119,0.181,0.733,1,"2","Psma6"
0.00435960470439089,0.350106081343815,0.052,0.385,1,"2","Ube3b"
0.00435960470439089,0.530672490354666,0.056,0.368,1,"2","H2-Ke6"
0.00435960470439089,0.27989005206035,0.053,0.345,1,"2","Tmem189"
0.00435960470439089,0.347562274061702,0.042,0.332,1,"2","Tmem60"
0.00435960470439089,0.319735530640958,0.042,0.329,1,"2","Rrp7a"
0.00435960470439089,0.709900337582719,0.059,0.341,1,"2","Mrpl58"
0.00435960470439089,0.435489261022007,0.046,0.325,1,"2","Nr1h2"
0.00435960470439089,0.600642916568607,0.052,0.322,1,"2","Nudt19"
0.00435960470439089,0.390820652059744,0.036,0.273,1,"2","Otud6b"
0.00435960470439089,1.53030429402555,0.082,0.295,1,"2","Cebpzos"
0.00442514154418014,0.354621245754803,0.102,0.596,1,"2","Ndufs3"
0.00442514154418014,1.41950356179795,0.185,0.488,1,"2","Fkbp2"
0.00442514154418014,1.60840717326982,0.16,0.444,1,"2","Nampt"
0.00448830768687262,0.197471558854004,0.059,0.423,1,"2","Pnrc2"
0.00448830768687262,0.28250388861869,0.054,0.39,1,"2","Ppp1r12c"
0.00450196769150345,0.523904037214821,0.27,0.841,1,"2","Rbx1"
0.00450196769150345,0.8924361235085,0.288,0.802,1,"2","Grcc10"
0.00453996524481238,0.460352043026194,0.108,0.551,1,"2","Pnpla8"
0.00454166580010449,0.687909796191459,0.14,0.614,1,"2","Uqcrfs1"
0.00454949138210635,0.508770800666676,0.207,0.768,1,"2","Bzw1"
0.0045768442927569,0.710936379324437,0.097,0.427,1,"2","Pikfyve"
0.00462648704207734,1.25812230999338,0.118,0.392,1,"2","Me2"
0.00462648704207734,0.320079374334661,0.039,0.304,1,"2","Nup62"
0.00462648704207734,0.436084796103162,0.036,0.275,1,"2","Phpt1"
0.0046562154848467,0.644919804875163,0.134,0.602,1,"2","Sdhb"
0.00472070325635011,0.740334711829268,0.127,0.467,1,"2","Fam49a"
0.00476850747370477,0.241373738667179,0.068,0.385,1,"2","Creb3l2"
0.00476850747370477,0.548962025817195,0.053,0.325,1,"2","Tor1a"
0.00477774489590086,0.440710901098864,0.109,0.579,1,"2","Idh3g"
0.00477774489590086,1.14741035059132,0.151,0.523,1,"2","Arl8b"
0.00477774489590086,0.741968068818632,0.083,0.445,1,"2","Tex261"
0.00491446207291325,0.401753237007492,0.06,0.388,1,"2","Tmem248"
0.00491446207291325,0.464895287071204,0.058,0.381,1,"2","Mrpl27"
0.00491446207291325,0.126486439062834,0.052,0.37,1,"2","Tbc1d14"
0.00491446207291325,0.478412950315363,0.048,0.325,1,"2","Dr1"
0.00491446207291325,0.590632582801984,0.048,0.319,1,"2","2300009A05Rik"
0.00498449936010997,0.489620813203856,0.29,0.885,1,"2","Ube2d3"
0.00510832709617472,1.22958032584812,0.126,0.439,1,"2","Csrp1"
0.00512741735911075,0.70407351072534,0.142,0.617,1,"2","Chmp2a"
0.00514061297571055,0.886844025551815,0.116,0.517,1,"2","Anapc13"
0.00517538374931506,0.483399879699781,0.379,0.925,1,"2","Ptbp3"
0.00520538029327196,0.428929465834046,0.143,0.67,1,"2","Ostc"
0.00524934894496563,0.835186442313493,0.173,0.658,1,"2","Cmpk1"
0.0053398893470078,0.401250666886797,0.05,0.366,1,"2","Thap12"
0.00539445924752859,1.36498448731351,0.147,0.43,1,"2","Ugp2"
0.0054001626605232,1.02231860308417,0.13,0.539,1,"2","Ndufb6"
0.005444581848158,0.438012749321737,0.065,0.437,1,"2","Ramac"
0.005444581848158,0.266469057640022,0.054,0.422,1,"2","Ndufv1"
0.005444581848158,0.274715365095144,0.053,0.392,1,"2","Mrpl4"
0.005444581848158,0.992398027111774,0.094,0.427,1,"2","Napa"
0.005444581848158,1.08638676392268,0.102,0.428,1,"2","Bud31"
0.005444581848158,0.854940678777485,0.097,0.421,1,"2","Slc45a4"
0.005444581848158,1.09615231100467,0.118,0.44,1,"2","Stx7"
0.005444581848158,1.13837919728207,0.095,0.391,1,"2","2310009A05Rik"
0.005444581848158,1.72788679771101,0.156,0.442,1,"2","Hadhb"
0.005444581848158,0.998144926376922,0.063,0.302,1,"2","Usf1"
0.00553409920555167,0.177710398664615,0.103,0.632,1,"2","Psmb7"
0.00553409920555167,0.539488425304961,0.119,0.6,1,"2","Ndufa10"
0.0055355507592206,0.766187877349877,0.157,0.487,1,"2","Gsr"
0.00569498441923063,0.745753182307537,0.1,0.492,1,"2","Mrpl17"
0.00585127659425331,1.02340933143433,0.241,0.654,1,"2","Lcp2"
0.00585910920967155,0.596087824550495,0.125,0.557,1,"2","Klhl5"
0.00591955640303611,0.241124595983022,0.139,0.714,1,"2","Tmem234"
0.00597111970050575,1.36548445348898,0.226,0.505,1,"2","Plek"
0.00601052842458158,0.111458270959723,0.069,0.503,1,"2","Ehmt2"
0.00601052842458158,0.798668045939035,0.093,0.464,1,"2","Churc1"
0.00601052842458158,0.856092800945169,0.1,0.459,1,"2","Cox20"
0.00601052842458158,0.298584153876032,0.064,0.401,1,"2","Dnajb9"
0.00601052842458158,1.25233337909482,0.1,0.419,1,"2","Ndufaf8"
0.00604190621580725,0.552465553256797,0.117,0.586,1,"2","Uqcc2"
0.00614863816587274,0.129895737352805,0.301,0.849,1,"2","Txnip"
0.00617100139204407,0.5017648778118,0.095,0.533,1,"2","Mrps17"
0.00617100139204407,0.481065242427973,0.089,0.454,1,"2","Herpud1"
0.00623675610774298,0.608922968917156,0.248,0.798,1,"2","Selenof"
0.00628988371290525,0.902194099777127,0.66,0.919,1,"2","Gpx1"
0.00633248675317049,0.407766790819594,0.077,0.462,1,"2","Cisd1"
0.00639578279285765,0.835078719754853,0.246,0.728,1,"2","Pdia6"
0.0064564547460115,1.25477012057289,0.239,0.677,1,"2","Lamtor2"
0.00650725474876909,0.583981038409699,0.132,0.61,1,"2","Psmb10"
0.00650725474876909,1.03969793940462,0.137,0.543,1,"2","Rbm17"
0.0065916852798695,0.977298228618257,0.207,0.624,1,"2","Tgfbr2"
0.00659986714829738,0.587743855180332,0.109,0.557,1,"2","Tmem208"
0.00664974145240545,0.180474948674395,0.036,0.309,1,"2","Midn"
0.00664974145240545,0.296235622072124,0.041,0.304,1,"2","Sec23ip"
0.00664974145240545,1.01812407280803,0.06,0.308,1,"2","Pigyl"
0.00664974145240545,0.198161106127829,0.031,0.278,1,"2","Ddx41"
0.00664974145240545,0.412655612573312,0.032,0.267,1,"2","Xab2"
0.00664974145240545,0.460674784140651,0.039,0.268,1,"2","Mfap1b"
0.00664974145240545,1.20405777592479,0.067,0.295,1,"2","Cdipt"
0.00664974145240545,0.885626505975619,0.051,0.272,1,"2","Adi1"
0.00664974145240545,1.16658994243313,0.063,0.28,1,"2","Chmp1a"
0.00664974145240545,0.681977033095283,0.041,0.247,1,"2","Eva1b"
0.00664974145240545,0.594069079020851,0.039,0.244,1,"2","Dhx38"
0.00664974145240545,0.642069940442386,0.037,0.242,1,"2","Mllt1"
0.00664974145240545,0.662305621011598,0.038,0.239,1,"2","Bloc1s6"
0.00666691426774563,0.51022825956314,0.087,0.475,1,"2","Elof1"
0.00676608049786289,1.75437000529,0.166,0.43,1,"2","Syngr2"
0.00678301819091589,1.14384869310729,0.218,0.612,1,"2","Rasgrp2"
0.00710165422317167,0.524374788870938,0.145,0.636,1,"2","Pycard"
0.00710421081264628,0.305548130768771,0.251,0.804,1,"2","Hspd1"
0.0071788974839248,0.999480609809044,0.091,0.368,1,"2","Dnajb14"
0.00724354380458946,1.27574760068338,0.137,0.477,1,"2","Gmfb"
0.00733918385690747,0.121032723104947,0.049,0.343,1,"2","Osbpl11"
0.00741529475102954,0.724315863390342,0.158,0.609,1,"2","Magt1"
0.00746919423332617,0.11578548360628,0.075,0.542,1,"2","4933434E20Rik"
0.00746919423332617,0.909919442918602,0.139,0.56,1,"2","Bola2"
0.00746919423332617,1.48459555723788,0.152,0.48,1,"2","Chmp5"
0.00746919423332617,1.42787377836468,0.164,0.473,1,"2","Ap2a2"
0.0074952916623628,1.41293350926165,0.252,0.621,1,"2","Oxct1"
0.00757351888464924,0.492982660174028,0.054,0.353,1,"2","Polr1c"
0.00757351888464924,1.13470452685268,0.083,0.378,1,"2","Smim15"
0.00757351888464924,0.56422842136921,0.055,0.339,1,"2","Txndc15"
0.00757351888464924,0.123660325457201,0.036,0.318,1,"2","Nans"
0.00757351888464924,1.2929485863706,0.095,0.37,1,"2","Bscl2"
0.00757351888464924,0.475052575369139,0.044,0.308,1,"2","Ube2g2"
0.00757351888464924,0.909746222787239,0.059,0.32,1,"2","Psmd10"
0.00757351888464924,0.630394047144291,0.061,0.312,1,"2","Tfrc"
0.00757351888464924,0.387804214902596,0.037,0.285,1,"2","Pdzd11"
0.00757351888464924,0.637193298705797,0.045,0.29,1,"2","Bad"
0.00757351888464924,0.367230447528351,0.034,0.272,1,"2","Klhdc3"
0.00757351888464924,1.32733603817977,0.08,0.306,1,"2","Znhit1"
0.00775873523406523,1.45224236551333,0.312,0.726,1,"2","Ywhah"
0.0077795306388086,1.81697683877261,0.212,0.534,1,"2","0610012G03Rik"
0.00782624497729635,0.353693138178448,0.052,0.361,1,"2","Fam76a"
0.00802478188390539,1.66799727776289,0.118,0.343,1,"2","Cib1"
0.00802666229457989,0.557347360834891,0.135,0.623,1,"2","Lsm6"
0.00805854029922364,0.926509223980889,0.112,0.425,1,"2","P4ha1"
0.00805854029922364,0.32219405510647,0.068,0.362,1,"2","Abcc5"
0.00805854029922364,0.582060153169081,0.048,0.316,1,"2","Med10"
0.00805854029922364,0.834699458037087,0.056,0.317,1,"2","Smim27"
0.00829698945365245,0.332086857440069,0.054,0.399,1,"2","Rxrb"
0.00829698945365245,0.352462631367185,0.046,0.354,1,"2","Cyhr1"
0.00829698945365245,1.16146737003968,0.105,0.381,1,"2","Pgd"
0.00829698945365245,0.802397227105864,0.052,0.299,1,"2","Lsm10"
0.00829698945365245,0.19589029542535,0.034,0.279,1,"2","Taf13"
0.00831902060757109,0.760631975595948,0.275,0.737,1,"2","Ccnd2"
0.00848031406109812,0.532672058366689,0.084,0.45,1,"2","Sft2d1"
0.00848031406109812,0.585009458415367,0.074,0.439,1,"2","0610010K14Rik"
0.00848031406109812,0.226926152504352,0.047,0.364,1,"2","Timm22"
0.00848067237080567,0.300206377539179,0.103,0.605,1,"2","Pfdn1"
0.00848067237080567,0.330528225196822,0.084,0.47,1,"2","Eno1"
0.00866894114919063,0.738278361487757,0.198,0.736,1,"2","Psenen"
0.00870238085065927,0.505812468429476,0.268,0.821,1,"2","Atp5d"
0.00870344891049337,0.134887442177879,0.06,0.448,1,"2","Rab12"
0.00870344891049337,1.01155317972514,0.123,0.506,1,"2","Atp6v1d"
0.00870344891049337,0.837796498697431,0.112,0.39,1,"2","Otulinl"
0.00871663927228985,0.766648517007975,0.1,0.48,1,"2","Mydgf"
0.00871663927228985,0.462549711109204,0.061,0.381,1,"2","Parp2"
0.00871663927228985,0.945358836184265,0.093,0.397,1,"2","Vamp4"
0.00871663927228985,1.10057784293016,0.081,0.355,1,"2","Ctdnep1"
0.00888015317293008,0.644558430919656,0.219,0.779,1,"2","Arf5"
0.00893452248757652,0.629832601476759,0.099,0.517,1,"2","Arl1"
0.00893452248757652,1.99438857472281,0.173,0.419,1,"2","Mlf2"
0.00895883259462102,0.218380964073226,0.054,0.413,1,"2","Babam1"
0.00895883259462102,0.538300914412838,0.076,0.433,1,"2","Calu"
0.00895883259462102,0.899481537114444,0.053,0.289,1,"2","Prelid3b"
0.00899865867451382,0.613061715370147,0.263,0.815,1,"2","Swi5"
0.00902743508832113,0.100796895050592,0.074,0.503,1,"2","Hipk3"
0.00941317108681815,0.190268247354523,0.062,0.467,1,"2","Psmc4"
0.00941317108681815,0.558028909193531,0.049,0.302,1,"2","Retreg2"
0.00944589524295044,0.352170566555451,0.033,0.254,1,"2","Tradd"
0.00944589524295044,0.155003632890781,0.026,0.245,1,"2","Dhx16"
0.0096609674984429,0.342249236796535,0.095,0.568,1,"2","Fam32a"
0.0096609674984429,0.568548352947269,0.083,0.491,1,"2","Ppp2r1a"
0.0096609674984429,1.41610184531831,0.121,0.431,1,"2","Mtln"
0.0096609674984429,1.03999178734146,0.095,0.354,1,"2","Scarb1"
0.0096609674984429,1.88926259875065,0.163,0.404,1,"2","Tgoln1"
0.0096609674984429,1.68578606412824,0.143,0.379,1,"2","Efhd2"
0.0096609674984429,1.56232147954941,0.089,0.305,1,"2","Tspan31"
0.00973384224120407,0.70155441495707,0.12,0.534,1,"2","Scamp2"
0.00981619874790355,0.528587626511482,0.047,0.317,1,"2","Slc35a1"
0.00981619874790355,0.144289904583439,0.029,0.249,1,"2","Acot9"
0.00981619874790355,0.497070299652038,0.031,0.239,1,"2","Chchd5"
0.00981619874790355,0.23596832416657,0.028,0.236,1,"2","Mbd6"
0.00981619874790355,0.581442880753682,0.032,0.239,1,"2","Ormdl1"
0.00981619874790355,0.333364003955419,0.026,0.227,1,"2","Yif1a"
0.00997769406177931,1.11620325046228,0.134,0.497,1,"2","Bax"
0.00997769406177931,1.22570584930066,0.179,0.49,1,"2","Fam111a"
1.31141984876265e-11,1.88008704525314,0.944,0.351,4.23391898173023e-07,"3","Mcm3"
8.05433726468725e-11,1.71243958706031,0.983,0.487,2.60034278590428e-06,"3","Mcm6"
1.34746247305603e-10,0.849597579258225,0.993,0.756,4.35028259426141e-06,"3","Nap1l1"
5.06066436264777e-09,2.06695742323271,0.533,0.103,0.000163383548948083,"3","Chek1"
2.09328188870127e-08,1.24255832767838,0.902,0.426,0.000675816057767204,"3","Dnmt1"
2.39841857920697e-08,0.842340136870631,0.948,0.555,0.00077432943829697,"3","Pcna"
2.56250503972604e-08,1.49678276246181,0.802,0.233,0.00082730475207555,"3","Lig1"
3.89284283187132e-08,0.969404244593874,0.975,0.668,0.00125680430826966,"3","Ranbp1"
4.22119420698841e-08,1.56774034486759,0.906,0.331,0.00136281254972621,"3","Tipin"
4.26429875748876e-08,2.1648658753748,0.63,0.127,0.00137672885385525,"3","Rmi2"
5.31693491242347e-08,1.44166827088745,0.839,0.333,0.00171657243647592,"3","Syce2"
6.83198983619256e-08,1.70223347624006,0.657,0.163,0.00220570791861477,"3","Cdt1"
8.68031789701707e-08,0.977122934427843,0.94,0.59,0.00280244063305196,"3","Cdk4"
8.86896099096596e-08,1.12248689947552,0.917,0.518,0.00286334405593336,"3","Nop56"
9.15717395436097e-08,0.89825831040884,0.935,0.577,0.00295639361116544,"3","Pa2g4"
1.0217525141666e-07,0.778098595029148,0.935,0.598,0.00329872799198686,"3","Impdh2"
1.13323554468227e-07,2.09466928099584,0.874,0.219,0.00365865095600671,"3","Hells"
1.3211347849009e-07,1.68315314621539,0.828,0.242,0.00426528365305255,"3","Mcm2"
1.84503338775526e-07,0.61696959644919,0.4,0.198,0.00595669029236785,"3","Gemin8"
1.94224010816871e-07,0.491790843331664,0.734,0.44,0.00627052218922269,"3","Mrpl13"
2.02990217215612e-07,1.40497284610291,0.892,0.38,0.00655353916280605,"3","Nasp"
2.51393185252869e-07,1.78640349028874,0.905,0.334,0.00811622898588888,"3","Cdca7"
2.65714288748447e-07,1.60974047333339,0.592,0.155,0.00857858581224362,"3","Chaf1a"
2.68179448105371e-07,1.28960355866487,0.735,0.269,0.00865817348208189,"3","Rpa2"
3.46302422362141e-07,1.46403837409455,0.677,0.174,0.0111803737059617,"3","Uhrf1"
4.04644407198917e-07,2.67334994998508,0.628,0.083,0.013063944686417,"3","Ung"
4.07784019959344e-07,1.18593959166287,0.907,0.449,0.0131653070843874,"3","Topbp1"
4.15479550264113e-07,0.498331735532061,0.708,0.416,0.0134137572802769,"3","Naa10"
5.33939752022816e-07,1.64883554360982,0.799,0.251,0.0172382448940566,"3","Mcm4"
6.58652224864822e-07,1.86617809921993,0.821,0.262,0.0212645870797608,"3","Dtl"
8.66306137358271e-07,0.652459887996038,0.829,0.463,0.0279686936446118,"3","Mrpl12"
9.6439200177206e-07,0.71302079998143,0.761,0.396,0.031135395777211,"3","Gart"
9.98581617264649e-07,0.961695744861099,0.985,0.732,0.0322392075133892,"3","Mif"
1.14911461809851e-06,0.884006161124386,0.881,0.472,0.0370991654453104,"3","Siva1"
1.16000249757795e-06,0.838498673632994,0.922,0.598,0.0374506806343042,"3","Slco3a1"
1.35234245007641e-06,0.994909706227258,0.967,0.64,0.0436603760007169,"3","Nop58"
1.65947539687513e-06,0.914611719972257,0.885,0.478,0.0535761631881136,"3","Dtymk"
1.77216121712607e-06,0.914929493290881,0.883,0.499,0.0572142248949153,"3","Dkc1"
1.78329922644844e-06,1.18323733074198,0.958,0.523,0.0575738155258879,"3","Dut"
1.8801611468835e-06,0.494387450317901,0.819,0.501,0.0607010026271338,"3","Uqcc2"
2.16637637259999e-06,1.20453833813008,0.616,0.252,0.0699414611893906,"3","Platr25"
2.58473249792294e-06,0.857807312938447,0.835,0.434,0.083448088695442,"3","Ipo5"
3.61697870400599e-06,0.783125779740059,0.983,0.713,0.116774157458833,"3","Hspd1"
4.13521830924969e-06,0.890254664244085,0.945,0.619,0.133505523114126,"3","Ybx3"
4.1571533133868e-06,1.04177258698691,0.821,0.425,0.134213694722693,"3","Wee1"
4.20837453542388e-06,0.428962440355714,0.858,0.565,0.13586737187616,"3","Eif1ax"
4.46251224176823e-06,0.767377307929621,0.926,0.582,0.144072207725487,"3","C1qbp"
4.63661674833998e-06,1.36794332239199,0.8,0.301,0.149693171720156,"3","Rad51b"
6.00344158118346e-06,0.901890360361176,0.997,0.788,0.193821111448508,"3","Stmn1"
6.67801089276574e-06,0.891848058011685,0.839,0.423,0.215599581672942,"3","Tfdp1"
6.69855537035131e-06,1.47030645047265,0.897,0.372,0.216262860131792,"3","Mcm7"
7.71719016238886e-06,0.126815205535357,0.949,0.69,0.249149484392724,"3","Tmem176b"
7.94124052754839e-06,1.99377629910978,0.617,0.142,0.2563829504319,"3","Timeless"
8.25572032746519e-06,0.714088948289907,0.788,0.442,0.266535930772214,"3","Egfl7"
8.29480122596378e-06,1.5110342631786,0.557,0.178,0.267797657580241,"3","Zmynd19"
8.32348224838472e-06,0.871581037178306,0.904,0.44,0.268723624389101,"3","Lmnb1"
8.41590973822518e-06,0.667470802134998,0.611,0.322,0.2717076458986,"3","Rrp15"
8.52472200054683e-06,0.568535574213743,0.969,0.713,0.275220649787654,"3","Ptges3"
8.545793181665e-06,0.805138207815407,0.683,0.355,0.275900932870055,"3","Mbnl3"
8.74686313182404e-06,0.202895580279786,0.452,0.244,0.282392476210939,"3","Slc35b2"
8.86084086415502e-06,0.880458945914574,0.823,0.431,0.286072247299245,"3","Casp8ap2"
8.9531047668654e-06,0.62065264064396,0.977,0.681,0.289050987398249,"3","Dek"
9.62315812458295e-06,1.61447215696283,0.824,0.238,0.31068366005216,"3","Mcm5"
1.03875563970849e-05,0.715269139699308,0.905,0.555,0.335362258279887,"3","Bzw2"
1.21247859089468e-05,0.566716399786138,0.94,0.66,0.391448713070348,"3","Supt16"
1.22382320452307e-05,0.618993618605014,0.895,0.568,0.395111321580272,"3","Idh2"
1.26972645847117e-05,0.706331970532468,0.819,0.461,0.409931187117417,"3","Mybbp1a"
1.26972645847117e-05,0.575143574298605,0.884,0.55,0.409931187117417,"3","Naa50"
1.34594333723022e-05,0.233396276693022,0.946,0.708,0.434537806424778,"3","Eif4b"
1.35725766315169e-05,0.333664021434615,0.684,0.421,0.438190636548524,"3","Ptov1"
1.44319934291268e-05,1.28675370378267,0.686,0.242,0.46593690785936,"3","Wdr76"
1.50211940007707e-05,1.12715301478065,0.887,0.451,0.484959248314882,"3","Dctpp1"
1.727213656429e-05,0.879037133627509,0.889,0.509,0.557630928978101,"3","Mcmbp"
1.7738424536676e-05,0.698465830135591,0.719,0.385,0.572685036166585,"3","Gtf3a"
1.7738424536676e-05,0.670127807183573,0.666,0.345,0.572685036166585,"3","Orc2"
1.79062165552769e-05,1.05719185666595,0.864,0.42,0.578102201487114,"3","Usp1"
1.82205932108548e-05,0.831998308526603,0.861,0.419,0.588251851812449,"3","Slbp"
1.86535632234091e-05,0.95651722927826,0.673,0.241,0.602230288667764,"3","Gmnn"
1.95770953413248e-05,0.272504655521541,0.976,0.772,0.632046523094673,"3","Gm10076"
2.02471333444734e-05,0.271232587472273,0.626,0.353,0.653678700026323,"3","Emc8"
2.06509428896928e-05,0.463945310028473,0.945,0.648,0.666715691193732,"3","Hdgf"
2.10888083264763e-05,0.396681426769838,0.51,0.276,0.680852176820286,"3","Mrpl50"
2.15891812782672e-05,0.514268271846137,0.971,0.734,0.697006717568857,"3","Smc1a"
2.18675504971291e-05,0.891067080487132,0.713,0.343,0.705993867799813,"3","Rnf168"
2.24861396191349e-05,0.926369902509368,0.842,0.462,0.725965017603769,"3","Prkdc"
2.33703687520842e-05,1.06332186075964,0.593,0.234,0.754512355161038,"3","Zfp367"
2.3559615924731e-05,0.423661238665608,0.858,0.548,0.760622200129939,"3","Atp10a"
2.40436139332823e-05,0.336037580481343,0.675,0.426,0.776248075836018,"3","Nvl"
2.51263601010432e-05,0.618243378504299,0.968,0.619,0.81120453586218,"3","Cd34"
2.75435946058012e-05,1.53566990645445,0.499,0.126,0.88924495184829,"3","Fignl1"
2.75466635922388e-05,1.39495590174261,0.962,0.483,0.889344034075431,"3","Pola1"
2.82872758867684e-05,0.878222706021319,0.69,0.323,0.913254702004319,"3","Smyd2"
2.85565276460821e-05,0.692648757385448,0.907,0.577,0.921947495053761,"3","Rfc1"
2.88061591673903e-05,0.601387779700595,0.922,0.598,0.930006848719195,"3","Hmgn1"
3.06452482427363e-05,0.858102507585386,0.872,0.508,0.989381839516741,"3","Nhp2"
3.08141059589197e-05,0.832982507182035,0.422,0.151,0.994833410883723,"3","Cenph"
3.11391551690382e-05,0.552269398607691,0.863,0.552,1,"3","Eif2s1"
3.57987126609584e-05,1.62925859680434,0.54,0.159,1,"3","Shmt1"
3.62240667432942e-05,0.231816987248333,0.836,0.574,1,"3","Ipo11"
3.70274140352888e-05,1.67784259569405,0.724,0.207,1,"3","Prim1"
3.76837997219113e-05,1.05226210955801,0.961,0.587,1,"3","Cbx5"
3.82261220201182e-05,0.621830848962705,0.521,0.259,1,"3","2410002F23Rik"
3.85208878472143e-05,0.409529270835351,0.883,0.594,1,"3","Suclg2"
3.88293623470324e-05,0.714164130603838,0.969,0.689,1,"3","Snrpd1"
3.93246394998084e-05,0.432813427429928,0.835,0.491,1,"3","Tuba4a"
4.17591297238432e-05,0.64531384203241,0.929,0.62,1,"3","Rsl1d1"
4.54980696809712e-05,0.377234195747949,0.714,0.446,1,"3","Brix1"
4.59867532624706e-05,0.486550518804169,0.878,0.577,1,"3","Larp4"
4.8638904546379e-05,0.959481878799121,0.576,0.258,1,"3","Shisa8"
4.86395970075194e-05,1.13073924813571,0.785,0.292,1,"3","Prim2"
4.9027534531823e-05,1.00813038185458,0.671,0.303,1,"3","Xndc1"
4.9717745511167e-05,0.719435543227686,0.852,0.518,1,"3","Bcl2"
4.99638697549276e-05,0.466199422156051,0.446,0.23,1,"3","Ntpcr"
5.12801432598679e-05,0.894205710538905,0.502,0.216,1,"3","Tubgcp2"
5.33604736729732e-05,0.459872777014287,0.936,0.633,1,"3","Hspa9"
5.49335577112549e-05,1.33893516778548,0.848,0.358,1,"3","Mms22l"
5.66402463137004e-05,0.370870241781955,0.943,0.659,1,"3","Coro2a"
6.26939554385558e-05,1.10565139877831,0.848,0.442,1,"3","A630089N07Rik"
6.29650018039806e-05,0.41373445204503,0.598,0.349,1,"3","Xrcc5"
6.32990472800803e-05,1.03671461296332,0.804,0.389,1,"3","Snhg4"
6.38893992032842e-05,0.962062805894056,0.598,0.265,1,"3","Nt5c3b"
6.52293295960778e-05,0.438213145516761,0.896,0.59,1,"3","Slc25a4"
6.91699760426089e-05,0.78944463262627,0.895,0.542,1,"3","Erh"
7.0907111012792e-05,1.49992049362442,0.339,0.093,1,"3","Exo1"
7.18682050705542e-05,0.525834093622454,0.968,0.759,1,"3","Park7"
7.22938964138567e-05,0.445069808399234,0.935,0.692,1,"3","Cct5"
7.33710782874963e-05,0.524145460351122,0.723,0.41,1,"3","Hmgb3"
7.60807286150651e-05,0.183949989200618,0.933,0.695,1,"3","Rab5if"
7.61041712465809e-05,0.814347609590027,0.825,0.444,1,"3","Atic"
7.69992842401364e-05,0.489186895952132,0.97,0.724,1,"3","Cbx3"
7.70532289260806e-05,1.54711594611764,0.547,0.156,1,"3","Pole2"
7.89822412769927e-05,0.208464391348615,0.676,0.451,1,"3","Ncoa5"
8.0090929479583e-05,0.619997594481504,0.974,0.723,1,"3","Smarcc1"
8.1774467485188e-05,0.640763277387067,0.727,0.404,1,"3","Nifk"
8.30637458547319e-05,0.800636401994394,0.603,0.28,1,"3","Haus4"
8.35307165425764e-05,0.467385898434171,0.936,0.674,1,"3","Cct8"
8.55129011763349e-05,1.0244726005608,0.497,0.191,1,"3","Rfc5"
8.56639554900956e-05,0.354428412873865,0.974,0.764,1,"3","Hnrnpa0"
8.59677997017548e-05,0.529927936631289,0.925,0.638,1,"3","Trp53"
8.69003760250718e-05,0.58671694490573,0.986,0.757,1,"3","Pebp1"
8.85802760081495e-05,0.338517678362359,0.739,0.458,1,"3","Cobll1"
9.17437986364988e-05,0.92798382401302,0.867,0.415,1,"3","Atad2"
9.42438570586425e-05,0.67981284094835,0.89,0.558,1,"3","Fkbp4"
9.97885586717194e-05,0.56091154813889,0.907,0.593,1,"3","Banf1"
0.000101934870193933,1.08886345659162,0.681,0.281,1,"3","Orc6"
0.000102919586363163,0.745320943976605,0.456,0.185,1,"3","Pvt1"
0.000105004957182581,0.327563813351913,0.943,0.695,1,"3","Tardbp"
0.000110828389025764,0.350928101442842,0.703,0.351,1,"3","Cks1b"
0.000115211754494044,0.296237931563491,0.851,0.581,1,"3","Imp3"
0.000117710761245565,0.876049916343066,0.991,0.774,1,"3","Ran"
0.000117710761245565,0.444404158481271,0.967,0.766,1,"3","Psmb8"
0.000118090538038104,0.374040562944842,0.972,0.766,1,"3","Psma7"
0.000118976572825746,0.169998349663736,0.76,0.525,1,"3","Ppp6r1"
0.0001196309970628,1.03526914884868,0.685,0.301,1,"3","Aarsd1"
0.000119764979248464,0.248182731715765,0.971,0.765,1,"3","Eef1d"
0.000120775075044817,0.53794830891383,0.619,0.315,1,"3","Idh3a"
0.000123420601437513,0.469007314382103,0.871,0.583,1,"3","Psmd7"
0.000125876368585587,1.13610616741155,0.753,0.328,1,"3","Srm"
0.000126637132958746,0.524825313732649,0.677,0.392,1,"3","Ddx1"
0.000126963591543066,0.938519033760874,0.956,0.62,1,"3","Rif1"
0.000130270937908601,0.286336800120442,0.854,0.584,1,"3","Rrp1"
0.000130770416320383,1.01651432205144,0.915,0.532,1,"3","Rfc2"
0.000131619223192731,0.472431912323883,0.866,0.568,1,"3","Phb2"
0.000131865156595276,0.455426349027557,0.886,0.597,1,"3","Tomm5"
0.000141123369833139,0.813977114341098,0.707,0.375,1,"3","Amd1"
0.000143061599338777,0.820166675188452,0.923,0.579,1,"3","Tpi1"
0.000144556464836456,0.727126230255836,0.951,0.629,1,"3","Nme1"
0.000147757613888959,1.07804727853754,0.675,0.293,1,"3","Dctd"
0.000149482555725704,0.708987292290272,0.892,0.573,1,"3","Lsm3"
0.000151801916705483,0.857783236944345,0.375,0.152,1,"3","Slfn9"
0.000156573287145344,0.686266292937819,0.829,0.47,1,"3","Noc2l"
0.000156579568889811,1.69020067988616,0.526,0.12,1,"3","E2f1"
0.000159466246815096,0.144993937335264,0.795,0.572,1,"3","Ints6"
0.000166601848124388,1.46532658001654,0.514,0.14,1,"3","Gins2"
0.000167602817905858,0.793243830043407,0.904,0.571,1,"3","Prmt1"
0.000172567084877402,0.527156357603886,0.825,0.485,1,"3","Nrgn"
0.000174448088505476,0.712527310967679,0.779,0.438,1,"3","Atm"
0.000175705929217228,1.30574274201182,0.56,0.189,1,"3","Brca2"
0.000179878899403926,0.452479766005896,0.799,0.489,1,"3","Lsm7"
0.000185396488456501,0.659473195294379,0.843,0.505,1,"3","Ipo7"
0.000191530262275612,1.47655667319866,0.575,0.174,1,"3","Pole"
0.000192568229159993,0.477625480187972,0.977,0.757,1,"3","Slc25a5"
0.000193192967521205,0.298978712554326,0.975,0.752,1,"3","Tkt"
0.000193205139014899,0.109080700760604,0.87,0.626,1,"3","Mrps33"
0.000194059481128374,1.0953020020214,0.794,0.375,1,"3","Apex1"
0.000198277704095283,0.926698886471067,0.917,0.558,1,"3","Phgdh"
0.000200673271163966,0.720581716768231,0.94,0.635,1,"3","Ppp1r14b"
0.000205896588879754,0.417602424807679,0.981,0.753,1,"3","Ifitm2"
0.000209247906188733,0.382745189106545,0.846,0.569,1,"3","Nfic"
0.000209785496811935,0.135786968236248,0.681,0.419,1,"3","Isoc1"
0.000210940225796711,0.494048884976543,0.52,0.262,1,"3","Timm50"
0.000214170219636631,0.934834663887083,0.821,0.442,1,"3","Ppa1"
0.000214329407372875,0.351392516012988,0.774,0.487,1,"3","Txn2"
0.000223374687655784,0.354847131177399,0.645,0.412,1,"3","D16Ertd472e"
0.000225498135331164,0.858733701533448,0.919,0.558,1,"3","Paics"
0.000230932225965572,0.965160336863835,0.848,0.442,1,"3","Slf1"
0.000235210407688604,0.245346787844759,0.753,0.504,1,"3","Akap8"
0.00023586129417392,0.63914156073545,0.965,0.679,1,"3","Cct6a"
0.000236288560207966,0.551543996167264,0.787,0.469,1,"3","Ppm1g"
0.000237166426754322,0.492943174838728,0.707,0.403,1,"3","Ide"
0.000242792765632919,0.631790461390456,0.927,0.626,1,"3","Tcerg1"
0.00025486171515504,0.757180255154528,0.823,0.458,1,"3","Ints7"
0.000256390508610139,0.755754545969131,0.555,0.265,1,"3","Sacs"
0.000261124380801801,0.895732577147903,0.697,0.317,1,"3","Mthfd1"
0.000264085913455324,0.404859939393552,0.563,0.307,1,"3","Pitrm1"
0.000270449581478947,0.651587018772064,0.951,0.644,1,"3","Rbbp7"
0.000272212556576463,0.799434269327998,0.815,0.457,1,"3","Rbmxl1"
0.000275371597831653,0.736902934223842,0.448,0.186,1,"3","Ifrd2"
0.000278454124818289,0.412614015262413,0.952,0.692,1,"3","Prdx6"
0.000280618220280389,0.626379900575937,0.842,0.512,1,"3","Ddx21"
0.00028278885121385,0.738546901994567,0.897,0.562,1,"3","Rad50"
0.000286261269185276,0.542656708146292,0.864,0.557,1,"3","Kpna3"
0.000290455904149824,0.711532325642905,0.937,0.557,1,"3","Ezh2"
0.000296914850760254,0.673853170230964,0.464,0.23,1,"3","Pter"
0.000298428018869974,0.588260669804346,0.886,0.58,1,"3","Cdv3"
0.000299935660616142,0.62408622519049,0.517,0.254,1,"3","Cnot9"
0.000300749391655455,1.58193138106801,0.664,0.189,1,"3","Wdhd1"
0.000306584392729607,0.134240809527053,0.866,0.602,1,"3","Bag1"
0.000318353285407476,1.40116771402372,0.571,0.19,1,"3","Cgas"
0.000322677100780247,0.431856914902946,0.663,0.382,1,"3","Pop5"
0.000325293222559291,0.517389527271088,0.966,0.721,1,"3","Snrpb"
0.00032607523596812,0.61886888744251,0.937,0.647,1,"3","Psip1"
0.000330461520042281,0.878241850316476,0.656,0.299,1,"3","Umps"
0.00035124744717811,0.78942522737013,0.596,0.283,1,"3","Serf1"
0.000355004450147622,0.331714178477291,0.974,0.763,1,"3","Prdx2"
0.000356480736701271,0.738583699467627,0.604,0.291,1,"3","Ppan"
0.000360376227731654,1.29062273182901,0.695,0.238,1,"3","Atad5"
0.000365107285017017,0.863189141451917,0.692,0.33,1,"3","Nxt1"
0.000365107285017017,0.626618899004014,0.709,0.396,1,"3","Tomm40"
0.000370142470601314,0.775686354994047,0.731,0.367,1,"3","Pold3"
0.000371093799497345,1.08802159133202,0.659,0.269,1,"3","Alms1"
0.000372470828973817,0.492661846163537,0.771,0.473,1,"3","Eif1a"
0.00038108933699694,0.234452373331676,0.948,0.736,1,"3","Atp5d"
0.00040269412385265,0.637166889949889,0.97,0.723,1,"3","Hnrnpd"
0.00040971612856864,0.680386232903327,0.741,0.322,1,"3","Rrm1"
0.000413763213927371,0.189561840335063,0.543,0.343,1,"3","Psmd3"
0.000423821415365393,0.3244396415183,0.631,0.406,1,"3","Smad1"
0.000424504916191665,0.439043601892997,0.67,0.406,1,"3","Trappc5"
0.000426785693270642,1.07994390878399,0.358,0.118,1,"3","Cdc7"
0.000427952218298785,0.405821472668542,0.543,0.3,1,"3","Fdx2"
0.000434274976108867,0.439529473692049,0.936,0.685,1,"3","Eif4g1"
0.000436164301624668,0.644822238258247,0.719,0.413,1,"3","Ftx"
0.000437197800335029,0.517500126270127,0.508,0.28,1,"3","Nufip1"
0.00043922289175146,0.283215774427842,0.6,0.376,1,"3","Fam98b"
0.000444799575122807,0.531577074322578,0.971,0.718,1,"3","Snrpf"
0.000457564611789036,1.59626151171742,0.298,0.071,1,"3","Dscc1"
0.000457858639877094,0.412188305375819,0.719,0.442,1,"3","Mettl16"
0.00046254186137259,0.258095825143837,0.523,0.305,1,"3","Tmem205"
0.000465772005110538,0.5627011527034,0.783,0.45,1,"3","Agpat5"
0.000488236815601595,0.416776736210059,0.977,0.76,1,"3","Pds5a"
0.000505217293838724,0.49470119956744,0.839,0.532,1,"3","Polr2e"
0.00050721656449776,0.384812276882783,0.522,0.298,1,"3","Zbed4"
0.000512637500255016,0.53668589483474,0.593,0.306,1,"3","Mrps6"
0.000532734230015137,0.380494723220065,0.612,0.347,1,"3","Npepl1"
0.000539362910163012,0.459309472219397,0.806,0.506,1,"3","Nup153"
0.000539368752820464,0.150462222136174,0.792,0.542,1,"3","Rer1"
0.000545315266518503,0.301763264279567,0.83,0.528,1,"3","Mrpl42"
0.000547706672560877,0.266778825843741,0.788,0.532,1,"3","Polr2j"
0.000557905228859398,0.340686711893807,0.849,0.577,1,"3","Ssbp1"
0.000564639705693285,0.476198002006675,0.614,0.343,1,"3","Uxs1"
0.000567447173943303,0.756577308835442,0.581,0.322,1,"3","Il12a"
0.000570668973873475,0.177378271450709,0.622,0.414,1,"3","Eif2ak4"
0.000575581453755147,0.524959455360849,0.479,0.247,1,"3","Gfer"
0.000577052489991037,0.6467260817655,0.78,0.457,1,"3","Zfp422"
0.000587137149773165,0.483906769572279,0.466,0.263,1,"3","Adprhl2"
0.000589234208193443,0.137975036607203,0.914,0.667,1,"3","Ndufb5"
0.000590478183512328,0.288787507485072,0.558,0.332,1,"3","Nup50"
0.000607177146715836,0.813418631215725,0.661,0.328,1,"3","Rnf219"
0.000631127993127538,1.02963038322784,0.531,0.206,1,"3","Rad18"
0.000639490175533968,1.04683077697893,0.531,0.227,1,"3","Fasn"
0.000646978058858125,0.626125172860679,0.617,0.328,1,"3","Npat"
0.000647243130712289,0.339090753003742,0.891,0.613,1,"3","Memo1"
0.000668210600381805,0.510918110334678,0.581,0.302,1,"3","Thap12"
0.000673546442496249,0.429516576653615,0.601,0.348,1,"3","Nob1"
0.000681089835487544,0.193850658724586,0.692,0.455,1,"3","Snhg12"
0.000685119195495363,0.693710264423392,0.525,0.263,1,"3","Abhd14a"
0.000689176098277479,0.474937808266351,0.633,0.378,1,"3","Tshz1"
0.000708032308198582,0.636163914530159,0.585,0.304,1,"3","Phb"
0.000710502039219876,0.341938458169247,0.787,0.486,1,"3","Uba2"
0.000711578392113067,0.512454519127254,0.721,0.403,1,"3","Pabpc4"
0.00071281094818571,0.837654847998095,0.785,0.378,1,"3","Cisd1"
0.000713993479650015,0.794173362902562,0.408,0.162,1,"3","Metrn"
0.000723541713603404,0.703953132602748,0.673,0.339,1,"3","Mrto4"
0.000727373820950184,0.356385419707556,0.642,0.354,1,"3","Arsb"
0.000728129906500982,0.189200197823811,0.593,0.376,1,"3","Mms19"
0.000736350618169576,0.479693363960144,0.705,0.409,1,"3","Tmem147"
0.00073977498223996,0.800715666881532,0.924,0.556,1,"3","Nsd2"
0.000774622284004878,0.36216396486549,0.535,0.31,1,"3","Gtf2f1"
0.000776428673377294,0.316493007222777,0.836,0.574,1,"3","Abcf1"
0.000780371807294644,0.964862496143753,0.827,0.439,1,"3","Myc"
0.000786586073241221,0.428166934881331,0.653,0.397,1,"3","Knop1"
0.000788382967639872,0.832640878553076,0.686,0.339,1,"3","Nme4"
0.000790494806214821,0.114231592499022,0.713,0.487,1,"3","Cmc1"
0.000801272586934614,0.986162416000358,0.32,0.115,1,"3","Cdc45"
0.000825497359000738,0.544211773759922,0.861,0.526,1,"3","Mrpl18"
0.000826068706116672,0.682412578963644,0.533,0.27,1,"3","Ppif"
0.000844737567069543,0.269875193212539,0.958,0.734,1,"3","Sf3b6"
0.000848463204292787,0.12552972473389,0.776,0.54,1,"3","Hhex"
0.00085982610452532,0.19842170379925,0.86,0.6,1,"3","Rad23b"
0.000862002618695852,0.369949152225569,0.479,0.178,1,"3","Ccnd1"
0.000864266921940374,0.518287691881526,0.8,0.473,1,"3","Hdac2"
0.000868544185343052,0.262342346195233,0.746,0.508,1,"3","Mob2"
0.000874982507563166,0.266007635596572,0.967,0.761,1,"3","Fxyd5"
0.0008853308772413,0.191488226374084,0.849,0.617,1,"3","Sgk3"
0.000890532101274594,0.610489430555981,0.982,0.736,1,"3","Srsf2"
0.000900092897664782,0.796491647253359,0.623,0.3,1,"3","Rnaseh2a"
0.000917277442186512,0.111656352340026,0.758,0.514,1,"3","Rnf187"
0.000923489143170708,0.289345475229695,0.624,0.399,1,"3","Csnk1e"
0.000937997002995709,0.391933868363717,0.842,0.523,1,"3","Selenoh"
0.000957619905658266,0.251510347192482,0.714,0.457,1,"3","Mrps17"
0.000960221814057126,1.14767388623275,0.477,0.158,1,"3","Cenpk"
0.000967234770736218,0.353047785813746,0.962,0.734,1,"3","Tomm20"
0.000973493829839583,0.235722474099618,0.966,0.765,1,"3","Atp5c1"
0.000977453134093959,0.616231819260966,0.899,0.589,1,"3","Cacybp"
0.000994585547668474,1.28243523679745,0.344,0.11,1,"3","Sox12"
0.000997735379844718,0.592858548895756,0.905,0.6,1,"3","Srsf10"
0.000997735379844718,0.209601939332616,0.834,0.582,1,"3","1110004F10Rik"
0.000999139905045259,0.279272863002412,0.762,0.491,1,"3","Psmg4"
0.00101919729324836,0.1248638635804,0.866,0.641,1,"3","Zfp106"
0.00102254445593028,0.473988607396758,0.969,0.622,1,"3","Tuba1b"
0.00103583559747137,1.23922618924982,0.519,0.201,1,"3","Ydjc"
0.00104118225659765,0.216662414381444,0.921,0.695,1,"3","Lrrfip1"
0.00105075463190736,0.934834783203645,0.897,0.505,1,"3","Gnl3"
0.0010601609536035,0.319249315695902,0.472,0.265,1,"3","Tcp11l1"
0.00106619425582478,0.674076104834001,0.536,0.265,1,"3","Haus6"
0.00107878981976681,0.847662983484128,0.641,0.307,1,"3","Pus7"
0.00108416900665609,0.493448975695852,0.455,0.242,1,"3","Noc3l"
0.00109536051697183,0.823318781849735,0.649,0.308,1,"3","Macrod1"
0.00110156118807723,0.636338175277618,0.682,0.367,1,"3","Prdm5"
0.00111171071717492,0.316893128880414,0.59,0.357,1,"3","Ppp5c"
0.00113718303867154,0.235969607541641,0.638,0.372,1,"3","Chn2"
0.00113798383283858,0.427687248882833,0.89,0.581,1,"3","Snhg1"
0.00114754581732799,0.409545959819705,0.98,0.779,1,"3","Ssb"
0.00114917669440253,1.62944676680763,0.556,0.148,1,"3","Dhfr"
0.00119480377093872,0.401574171517161,0.679,0.391,1,"3","Hspa14"
0.00121146329956541,0.505699983034994,0.736,0.426,1,"3","Ddx18"
0.00121171537730787,0.689512552795811,0.717,0.393,1,"3","Usp10"
0.00122998493222668,0.889482708052457,0.563,0.262,1,"3","Ankrd26"
0.00123163929494762,0.448863040999271,0.874,0.582,1,"3","Ndufa12"
0.00123333815084234,0.549617927479039,0.57,0.29,1,"3","Eif1ad"
0.00124678778093193,0.259007455233406,0.777,0.512,1,"3","Psmd12"
0.00124727373648898,0.376125587946678,0.647,0.417,1,"3","BC035044"
0.0012508521424303,0.580239952209496,0.92,0.614,1,"3","Sf3b3"
0.00125689489038817,0.475858261806167,0.683,0.405,1,"3","Atr"
0.00129557238482649,0.326896432279034,0.92,0.672,1,"3","Ddx39b"
0.00129899343901994,0.630639257295423,0.666,0.353,1,"3","Foxk2"
0.00131255816547183,0.827669216199071,0.485,0.214,1,"3","Nbn"
0.00131530469940813,0.62780594232743,0.601,0.308,1,"3","Cdk2ap1"
0.00132128924695949,0.412719325997291,0.885,0.599,1,"3","Vdac3"
0.00137401527600774,1.73473561135451,0.508,0.124,1,"3","Gins1"
0.00137996150613743,0.104255903665004,0.734,0.518,1,"3","Slc4a7"
0.00139323347924287,0.162470622377057,0.852,0.619,1,"3","Cdk8"
0.00141120365374239,0.505449266462697,0.788,0.485,1,"3","Pam"
0.00144108378295426,0.700422972268481,0.422,0.198,1,"3","Tsen2"
0.00144396833162701,0.901869297786246,0.772,0.405,1,"3","Hspbp1"
0.00144494958890271,0.497393564692477,0.911,0.638,1,"3","Emb"
0.00145076174908541,0.5539304568071,0.604,0.322,1,"3","Kars"
0.00145139318828173,0.531164194421177,0.813,0.472,1,"3","Sfxn1"
0.00146535050722146,0.302755524199291,0.797,0.529,1,"3","Atl3"
0.00147299753542249,0.404546447466531,0.942,0.674,1,"3","Cbfb"
0.00147987756306422,0.176038630185602,0.908,0.673,1,"3","Mga"
0.00149157752735326,0.277415171399602,0.683,0.431,1,"3","Zwint"
0.00149581532399059,0.478200319454778,0.933,0.661,1,"3","Tcp1"
0.00150343962614573,0.768112673786498,0.469,0.218,1,"3","Sh2d5"
0.00153183792494421,0.48650680033011,0.946,0.7,1,"3","Atp5g1"
0.00153873943715139,0.43155724022102,0.711,0.437,1,"3","Bmyc"
0.00154511393113212,0.889874885588926,0.641,0.279,1,"3","Timm8a1"
0.00156120441303311,0.281512072650457,0.848,0.581,1,"3","Hnrnpdl"
0.00156477595108914,0.834745751595873,0.828,0.46,1,"3","Msh2"
0.00160016707593108,0.376435832421566,0.465,0.256,1,"3","Nr2c2ap"
0.00160937984656668,0.322497399145417,0.679,0.424,1,"3","St3gal3"
0.00162949896702699,0.291987643782199,0.831,0.554,1,"3","Ppdpf"
0.00163047148045251,0.551356928256303,0.573,0.305,1,"3","Psmg1"
0.00163686164342611,0.593000879340538,0.631,0.345,1,"3","Mre11a"
0.00165204550718059,0.299541834375514,0.562,0.346,1,"3","Ppa2"
0.00166797359666451,0.969653382779834,0.582,0.215,1,"3","Rfc4"
0.00167441946623578,0.789141321081997,0.56,0.262,1,"3","Gcsh"
0.00167694172855952,0.900650617783247,0.695,0.356,1,"3","Zfp934"
0.00171060098851941,0.606134785560915,0.785,0.451,1,"3","Nsun2"
0.00173566712505689,1.04798779067347,0.306,0.105,1,"3","Thop1"
0.00176056452973627,1.02097441779259,0.543,0.202,1,"3","Nrm"
0.00176499051570601,0.144781303358306,0.736,0.517,1,"3","Ncoa6"
0.00178099315721389,1.34789386925115,0.492,0.162,1,"3","Dnph1"
0.00178436992392126,0.686942877481134,0.843,0.412,1,"3","Fam111a"
0.00178661715055081,0.871831445228051,0.779,0.408,1,"3","Igfbp4"
0.00178661715055081,0.613000379098874,0.688,0.382,1,"3","Ddx27"
0.00180332195049462,0.612956018398558,0.87,0.548,1,"3","Ubtf"
0.00180687063940625,0.679517768378149,0.461,0.214,1,"3","Snhg15"
0.00182550649408316,0.209416600452432,0.623,0.407,1,"3","Polr2c"
0.00183060288994681,0.601779644020735,0.708,0.395,1,"3","Tespa1"
0.00184966583579527,0.521578804099036,0.941,0.657,1,"3","Ldha"
0.00189318972898413,0.576045329768583,0.891,0.592,1,"3","Ankrd10"
0.00190447110010531,0.533380970243599,0.617,0.346,1,"3","1500011B03Rik"
0.00191903074884664,0.333306225994832,0.661,0.403,1,"3","Kansl2"
0.00193514646799672,0.281268994145867,0.444,0.241,1,"3","Arl2"
0.00195193571806313,0.538032714174415,0.958,0.707,1,"3","Snrpd2"
0.00195433023530871,0.572212267866627,0.953,0.673,1,"3","Rcc2"
0.00196095460602031,0.379159394036467,0.912,0.641,1,"3","Rdx"
0.00197820517014197,0.658554100737489,0.603,0.268,1,"3","Smco4"
0.00199909481293089,0.39821972510029,0.634,0.369,1,"3","Sf3a1"
0.00201568976547333,1.00950832605224,0.889,0.48,1,"3","Usp37"
0.00201582477792302,0.700316499416185,0.458,0.221,1,"3","Pms2"
0.00202198107455742,0.383703189622663,0.512,0.303,1,"3","Capn15"
0.00204102638791305,0.238904176991061,0.652,0.375,1,"3","Csrp1"
0.00204270713752167,0.433094837788004,0.648,0.38,1,"3","Ttc27"
0.00206166523020689,0.714824001501213,0.706,0.386,1,"3","Runx3"
0.00206166523020689,0.197354251452519,0.78,0.518,1,"3","Ndufa10"
0.00209542839049149,0.191367684403784,0.515,0.296,1,"3","Grsf1"
0.00210321001482136,0.382805871279333,0.88,0.582,1,"3","Flt3"
0.00212972385987012,0.423835766876223,0.987,0.762,1,"3","Tubb5"
0.00213829518033412,0.313783416196906,0.918,0.654,1,"3","Dhx15"
0.00216132092009741,0.452976084716442,0.963,0.709,1,"3","Pkm"
0.00217177935496686,0.807518070973497,0.515,0.241,1,"3","Pinx1"
0.00219218044348201,0.713767715493724,0.957,0.659,1,"3","Baz1b"
0.00221292356815933,0.480551151671981,0.823,0.509,1,"3","Fam162a"
0.00221311890111319,0.398395542982095,0.779,0.489,1,"3","Pdrg1"
0.00223074785045857,0.343401417156944,0.77,0.51,1,"3","Lars"
0.00226363085025893,0.250261745926752,0.634,0.414,1,"3","Gm11808"
0.00229019031381359,0.95987418707859,0.378,0.157,1,"3","Neto2"
0.00230054745034095,0.449615214513799,0.872,0.583,1,"3","Tspan5"
0.00231175470342758,0.390351460975038,0.972,0.724,1,"3","Pcbp1"
0.00232351010204422,0.143306161321361,0.81,0.576,1,"3","Aimp1"
0.00237616282321994,0.164221545962975,0.917,0.673,1,"3","Galnt1"
0.00243383702019151,0.999299161150024,0.815,0.424,1,"3","Nolc1"
0.00245262069641332,0.452923024715552,0.973,0.723,1,"3","Tagln2"
0.0024966425126424,1.15973252321251,0.609,0.235,1,"3","Pola2"
0.00252815469897624,0.288033326539051,0.673,0.42,1,"3","Acp1"
0.00256918872683621,0.25133386356633,0.501,0.3,1,"3","Il1r1"
0.00257144834998114,0.598441993701029,0.696,0.375,1,"3","Odc1"
0.0025719628783079,0.736516491572508,0.517,0.251,1,"3","Ptger3"
0.00257640026287786,0.656227601112026,0.973,0.713,1,"3","Hnrnpab"
0.00258700341217239,0.399838082129556,0.72,0.442,1,"3","Carnmt1"
0.00259481561957264,0.334559238203524,0.825,0.554,1,"3","Polr2m"
0.00261998109297098,0.697693719546924,0.49,0.253,1,"3","Paqr5"
0.00263018667241401,0.490659848409939,0.681,0.39,1,"3","Eri1"
0.00263214506871833,0.109426827915726,0.758,0.478,1,"3","Rnaseh2c"
0.00267300672629771,0.805579975132254,0.807,0.459,1,"3","Uck2"
0.00269720070672543,0.263979578135976,0.626,0.412,1,"3","Mtrex"
0.00270895727554567,0.29509120534163,0.83,0.579,1,"3","Smg7"
0.00271093872963282,0.253099027485186,0.922,0.678,1,"3","Bzw1"
0.00271532645485458,0.516274083001931,0.739,0.431,1,"3","Trim27"
0.00272343353777175,0.177524880137631,0.958,0.748,1,"3","Anp32a"
0.0027242199604329,0.32267892929777,0.599,0.369,1,"3","Cnot10"
0.00272573938021145,1.08111823442251,0.323,0.109,1,"3","Cdc6"
0.00273038177296042,0.200501164203619,0.581,0.377,1,"3","Osbpl3"
0.00273226389475464,0.606749879667803,0.83,0.499,1,"3","Npm3"
0.00274040602247639,0.44688945202537,0.891,0.576,1,"3","Aprt"
0.00274040602247639,0.299475467148229,0.904,0.646,1,"3","Psma1"
0.00275619994542097,0.754650292005338,0.587,0.286,1,"3","Ubr7"
0.00277963181818541,0.299179483677246,0.727,0.454,1,"3","Cyc1"
0.00278570871958437,0.307359018375282,0.986,0.775,1,"3","Vav3"
0.00279857411941712,0.372615250255493,0.547,0.317,1,"3","Rpf2"
0.00288330760535732,0.398099104763973,0.972,0.736,1,"3","Eml4"
0.00289465985033475,0.604309516469272,0.716,0.376,1,"3","Exosc8"
0.00294438840961333,1.17200707198186,0.509,0.166,1,"3","Pold1"
0.00294916003033803,0.24094764680227,0.847,0.575,1,"3","Psme2"
0.00296797059214121,0.116954933468961,0.937,0.727,1,"3","Ndufb9"
0.00297970196375171,0.750059935026201,0.936,0.61,1,"3","Fbl"
0.00298041865696353,0.482323407982825,0.955,0.698,1,"3","Larp1"
0.00299577262343575,0.242678069585195,0.888,0.625,1,"3","Kif2a"
0.00306565724944937,0.639896571949539,0.536,0.29,1,"3","Zfand4"
0.00308028405531187,0.689323968080117,0.33,0.128,1,"3","Tmem97"
0.00309338601876586,1.09386252475537,0.667,0.299,1,"3","Rrp1b"
0.00313044642296246,0.582749236513828,0.541,0.28,1,"3","Tdp2"
0.00313328588511795,0.280958787894008,0.956,0.733,1,"3","Scaf11"
0.00314433842284548,0.348124871437131,0.778,0.496,1,"3","Kras"
0.00315397296437035,0.493183546954278,0.502,0.274,1,"3","Psph"
0.00316442297778385,0.12618868385001,0.885,0.654,1,"3","Atp5o"
0.00318319810269858,0.252591622815441,0.598,0.36,1,"3","Cd48"
0.00321750737665916,0.736467846690916,0.823,0.466,1,"3","Trim37"
0.00323937008968911,0.564106569182363,0.622,0.337,1,"3","Nup155"
0.00327695103310697,0.642724358271179,0.66,0.359,1,"3","Exosc1"
0.00328995807916551,0.455947087512672,0.751,0.449,1,"3","2810004N23Rik"
0.00333278418251926,0.542912690514116,0.584,0.319,1,"3","Egln1"
0.00335215073978442,0.610962484264301,0.603,0.318,1,"3","Polr1a"
0.00337576149142697,0.634103177411619,0.58,0.302,1,"3","Znrd2"
0.00337660331084189,0.570718461829833,0.569,0.294,1,"3","Tsen15"
0.00341165147624768,0.108263420844263,0.676,0.473,1,"3","Atf1"
0.0035241470246464,0.302734737086519,0.629,0.382,1,"3","Zdhhc3"
0.00352595796465235,0.802629409904374,0.767,0.417,1,"3","Sinhcaf"
0.00352606856271638,0.323148066444667,0.658,0.405,1,"3","Cbx6"
0.00355041987270818,0.338643927732383,0.458,0.255,1,"3","Rasal2"
0.00356186525014447,0.471425448845808,0.972,0.745,1,"3","Nedd4"
0.00356186525014447,0.253874811767991,0.957,0.748,1,"3","Thrap3"
0.00358981344530143,0.900257557973094,0.88,0.496,1,"3","Hat1"
0.0035975054840283,0.327930476824713,0.789,0.531,1,"3","Ythdf2"
0.00360443290252418,0.385143061009508,0.711,0.425,1,"3","Snrpa"
0.00361581592230188,0.796894187801928,0.704,0.36,1,"3","Mtap"
0.00366536359871435,0.321931201370193,0.613,0.361,1,"3","Mrpl3"
0.00366731053337244,0.214794554486083,0.78,0.504,1,"3","Ndufa5"
0.00368271941853416,1.23694262287526,0.593,0.218,1,"3","Ctps"
0.00370162912894793,0.86814396653577,0.638,0.321,1,"3","Slc7a1"
0.00370906564602152,0.283557015844304,0.654,0.398,1,"3","Dnajc21"
0.00373589840339825,1.11157715942655,0.384,0.14,1,"3","D630045J12Rik"
0.00373589840339825,0.97878732728326,0.397,0.157,1,"3","Cad"
0.00378503792852327,0.664637580504243,0.594,0.288,1,"3","Mast2"
0.00380812978844999,0.788273487022207,0.47,0.202,1,"3","Rapgef5"
0.00384033997180391,0.62828943894791,0.502,0.252,1,"3","Tma16"
0.00384505666633511,0.311344188166426,0.586,0.353,1,"3","Tmem70"
0.0038806890404354,1.19911064997175,0.613,0.224,1,"3","Hirip3"
0.00391078457996465,0.387601514108928,0.648,0.379,1,"3","Stau2"
0.00395239388822914,0.225720591228186,0.88,0.631,1,"3","Ndufv2"
0.00395712412449446,0.355042021995296,0.612,0.346,1,"3","Cnih1"
0.00397640623493937,0.320178801406178,0.663,0.401,1,"3","Hadh"
0.00398506166668877,0.415587784043795,0.935,0.687,1,"3","Pnn"
0.00400630561049471,0.57155303125091,0.477,0.237,1,"3","Lin9"
0.00403608934130214,0.64865339206184,0.56,0.272,1,"3","Ftsj3"
0.00403608934130214,0.397315458609667,0.57,0.33,1,"3","Mrps5"
0.00404026958954743,0.334855714214069,0.911,0.635,1,"3","Llph"
0.00407792184098109,0.324090307542336,0.82,0.558,1,"3","B230219D22Rik"
0.00409817625861983,0.445114144134439,0.686,0.411,1,"3","Farsa"
0.00410414939459055,0.813160872214226,0.818,0.464,1,"3","Impa2"
0.00411315383601047,0.40455600959987,0.554,0.331,1,"3","Dock1"
0.00411395366964999,0.414691226225042,0.913,0.643,1,"3","Cdc37"
0.00412678189994267,0.382813315256525,0.601,0.368,1,"3","Gnl2"
0.00416186450445228,0.532449537699855,0.571,0.307,1,"3","Eif2b3"
0.00416364413466074,0.330945910262299,0.641,0.341,1,"3","Qdpr"
0.00420335537408231,0.744087078652547,0.524,0.238,1,"3","Nup93"
0.00425654920651063,0.390532460683182,0.657,0.389,1,"3","Osgep"
0.00425654920651063,0.116901178817207,0.617,0.413,1,"3","Chchd7"
0.00426393510532292,0.731651642480431,0.931,0.629,1,"3","Nudc"
0.00429735983162579,0.202725757695172,0.916,0.667,1,"3","Eif5b"
0.00434109030143435,0.619622343516591,0.903,0.56,1,"3","Sae1"
0.00436109626441115,0.172244847213045,0.555,0.348,1,"3","Htatsf1"
0.00436193111132889,0.701645330974404,0.6,0.303,1,"3","Utp20"
0.00436246912766481,0.346581440091875,0.964,0.751,1,"3","Hspa4"
0.00441823101365976,0.479638270062207,0.784,0.476,1,"3","Eif4a3"
0.0044184708516176,0.202597533053201,0.754,0.503,1,"3","Api5"
0.0044258538289117,0.238095411597348,0.6,0.366,1,"3","Mrps18a"
0.00445467551314479,0.485691296009374,0.88,0.574,1,"3","Raly"
0.00446798692974119,0.273069040540632,0.898,0.629,1,"3","Thoc7"
0.0045536991556562,0.362196471453699,0.727,0.424,1,"3","Stub1"
0.00456560264753105,0.18618802578911,0.823,0.576,1,"3","Psmd11"
0.00460227717741035,0.296932547402003,0.61,0.404,1,"3","Gm20342"
0.00460755892116053,1.00341209635645,0.369,0.155,1,"3","Dclk2"
0.00462216333021222,0.477714901126586,0.908,0.623,1,"3","Glrx3"
0.0046286386479506,0.413411176229768,0.438,0.215,1,"3","Cluh"
0.00465748132562493,0.561135539368037,0.552,0.297,1,"3","Dhrs4"
0.00466604295726856,0.14632462441485,0.907,0.663,1,"3","Psmb4"
0.00466735202293695,0.112629079887819,0.756,0.525,1,"3","Sdhb"
0.00467039849583603,0.478216820702845,0.407,0.181,1,"3","Skp2"
0.00467039849583603,0.392787008684585,0.463,0.246,1,"3","Tufm"
0.00471616363591216,0.805906662812304,0.948,0.594,1,"3","Kcnq5"
0.00471683999428722,0.966665076974883,0.801,0.369,1,"3","Dnajc9"
0.00473048585171817,0.55491795010486,0.816,0.49,1,"3","Ppid"
0.00473048585171817,0.174459295366221,0.856,0.572,1,"3","Tmem176a"
0.0047405994089023,0.196875678639021,0.791,0.538,1,"3","Hoxa9"
0.004744436695724,0.573899022061117,0.661,0.363,1,"3","Gid4"
0.004744436695724,0.6006694490169,0.602,0.327,1,"3","Utp18"
0.00474466693905615,0.530690496582722,0.818,0.507,1,"3","Abce1"
0.00475273005415483,0.348570212519002,0.858,0.585,1,"3","Atp2a2"
0.00477160280556995,0.474663076505154,0.573,0.322,1,"3","Cstf2"
0.00477547636035344,0.111725693125941,0.628,0.427,1,"3","Tmem223"
0.0048190118385856,0.331645426271014,0.651,0.282,1,"3","Fabp5"
0.0048697485260762,0.542958292796025,0.764,0.466,1,"3","Eif6"
0.0048757623190006,0.786995118315052,0.372,0.137,1,"3","Rad51"
0.00489347828500539,0.531585007161772,0.915,0.627,1,"3","Dhx9"
0.00497805477128209,0.236358396994048,0.917,0.656,1,"3","Matr3"
0.00497942771804374,0.888825622429757,0.718,0.322,1,"3","Rpa1"
0.00498389777936977,0.192904125149745,0.946,0.709,1,"3","Sptssa"
0.00498510684663804,0.163453506403571,0.839,0.554,1,"3","Tubb4b"
0.00499759165312917,0.591205397699177,0.614,0.307,1,"3","Timm10"
0.00501845150285879,0.986275625612287,0.582,0.246,1,"3","Pprc1"
0.0050332191295569,0.796503768739318,0.846,0.492,1,"3","Fkbp5"
0.00503510075354555,0.136989226673237,0.719,0.439,1,"3","Basp1"
0.00506225411020344,1.04857804200357,0.52,0.188,1,"3","Ulbp1"
0.00506225411020344,0.578298513010036,0.567,0.298,1,"3","Inip"
0.00509519953939804,1.14666251363824,0.821,0.386,1,"3","Mthfd1l"
0.00525239969965957,0.614218311831045,0.53,0.258,1,"3","Abcf2"
0.00531591723268551,0.251481918754352,0.558,0.343,1,"3","Afg3l2"
0.00537104302796714,0.136456072754336,0.948,0.716,1,"3","Gpi1"
0.0053811188329948,0.319728225909776,0.682,0.427,1,"3","Arl6ip4"
0.00540239549824412,0.128165692674897,0.714,0.489,1,"3","Tet1"
0.00540988944840484,0.494142561550365,0.854,0.55,1,"3","Gtpbp4"
0.00540988944840484,0.295940155934659,0.866,0.575,1,"3","Eid1"
0.005443873943286,0.425656330811729,0.481,0.258,1,"3","Hras"
0.0054559813525463,0.767389063743724,0.559,0.265,1,"3","Rrs1"
0.00551065374043531,0.758355344022405,0.582,0.288,1,"3","Hacd1"
0.00556205665526388,0.506783064586044,0.69,0.392,1,"3","Prpf19"
0.00563174880662543,0.90689303049908,0.607,0.284,1,"3","Galk1"
0.0056519816014265,0.585404023106019,0.791,0.47,1,"3","Stip1"
0.00574619838893732,0.246919323451127,0.885,0.629,1,"3","Sfr1"
0.00582261387738304,1.28864424254507,0.565,0.179,1,"3","Dna2"
0.00585254514060985,0.211231348857926,0.893,0.646,1,"3","Psma5"
0.00585572297917676,0.28298247182579,0.756,0.495,1,"3","Cyb5b"
0.00591494726571955,0.187395953308362,0.848,0.626,1,"3","Gm26917"
0.00593581936330206,0.536964065285373,0.755,0.444,1,"3","Actl6a"
0.00594235827091879,0.209647303522859,0.917,0.678,1,"3","U2surp"
0.0060015101787602,0.91346962633647,0.674,0.305,1,"3","Rnaseh2b"
0.00607170017462765,0.658695699043343,0.643,0.333,1,"3","0610010F05Rik"
0.00608819235297608,0.185637940653803,0.723,0.495,1,"3","Galnt2"
0.0061120133649565,0.7578151274495,0.869,0.512,1,"3","Bex3"
0.00629004168950429,0.179432294232501,0.933,0.683,1,"3","Samsn1"
0.00635340359086017,0.131954939505104,0.917,0.644,1,"3","Hprt"
0.00640623760597077,0.267492365238539,0.527,0.32,1,"3","Elp2"
0.00641037420427984,0.226268685897015,0.585,0.33,1,"3","Cenpb"
0.00641955516806493,1.12806659428904,0.786,0.359,1,"3","Ppat"
0.00646533475697279,0.931989454779569,0.839,0.456,1,"3","Cdca7l"
0.0065235764538941,0.286918199847958,0.883,0.629,1,"3","Psmb6"
0.00662503790919065,0.357524803402051,0.921,0.651,1,"3","Suz12"
0.00662856904474099,0.386203352642685,0.633,0.362,1,"3","Guk1"
0.00665390098858745,0.451215104658709,0.598,0.347,1,"3","Pdcd11"
0.00667831715708789,0.217017191040353,0.975,0.743,1,"3","Ifitm3"
0.00669502346246011,0.281402836741682,0.698,0.432,1,"3","Cand1"
0.00670111863118783,0.267211507172593,0.829,0.536,1,"3","Zfp521"
0.00671823406701599,0.538154361048767,0.556,0.288,1,"3","Itpa"
0.0068909873697657,0.47505237693258,0.794,0.491,1,"3","Snrnp40"
0.00691071298755218,0.495058006445125,0.493,0.267,1,"3","Ttll4"
0.00697455560260457,0.14411610205373,0.547,0.292,1,"3","Slc25a39"
0.00703860921448184,0.415653364566515,0.449,0.245,1,"3","Ddx31"
0.0072189727480421,0.480132660686276,0.769,0.458,1,"3","Pole4"
0.00722024658341535,0.243265703888941,0.884,0.607,1,"3","Sf3b5"
0.00722438697729706,0.488784271486318,0.58,0.331,1,"3","Prmt7"
0.0072794053101322,0.376953070507086,0.928,0.653,1,"3","Ndufab1"
0.00729099045584785,0.486681691943215,0.611,0.317,1,"3","Fnip2"
0.00732733803445907,0.716022758085791,0.439,0.207,1,"3","Tfap4"
0.00735012497527353,0.370719854021942,0.996,0.726,1,"3","Adgrl4"
0.00738222942150357,0.301867472414135,0.665,0.438,1,"3","Mcm9"
0.00739265774385242,0.419498679728062,0.922,0.644,1,"3","Snrpd3"
0.00743770080259771,0.152450827856348,0.596,0.389,1,"3","Tpm1"
0.00747085490146814,0.297047609199893,0.527,0.308,1,"3","Slc39a10"
0.00750016808593547,0.495188817152007,0.718,0.432,1,"3","Mtx2"
0.00755478019417763,0.296148905841197,0.588,0.356,1,"3","Utp6"
0.00762024789649365,0.345788008156293,0.618,0.376,1,"3","Mecr"
0.0076515589463497,0.360143341988256,0.797,0.524,1,"3","Mrps16"
0.0076531944217992,0.962470411988525,0.513,0.216,1,"3","Cd3eap"
0.00767090550243143,0.152707393048469,0.95,0.747,1,"3","Pbrm1"
0.00770732712138955,0.550093580565871,0.666,0.383,1,"3","Abcb1b"
0.00771832022469885,0.812276759526101,0.516,0.238,1,"3","Dis3"
0.00771832022469885,0.349668433289776,0.474,0.26,1,"3","B4galnt1"
0.00786399582819689,0.48336023357396,0.899,0.566,1,"3","Pgam1"
0.00792758347026422,0.299795979793694,0.952,0.732,1,"3","Tle5"
0.00793784358022603,0.239769709391099,0.805,0.536,1,"3","Gng10"
0.00802473176863767,0.212265825320225,0.566,0.354,1,"3","Thumpd3"
0.00804747562586404,0.786435328738715,0.475,0.219,1,"3","Aimp2"
0.00808530944482292,0.192921582019159,0.748,0.516,1,"3","Rest"
0.00809244138299572,0.318407445157191,0.975,0.771,1,"3","Srsf11"
0.00809705684346163,0.894753927111422,0.33,0.129,1,"3","Slc7a5"
0.00811843184909525,0.696416336421165,0.557,0.262,1,"3","Nudt19"
0.00815297897101612,0.364361078195558,0.561,0.338,1,"3","Trmt1"
0.00824233902958581,0.5470903672869,0.459,0.238,1,"3","Sh3rf1"
0.00825504083144853,0.621118589621267,0.638,0.335,1,"3","Chchd6"
0.00825668091563243,0.23432480616088,0.89,0.637,1,"3","Skp1a"
0.00826302709770392,0.135229959141171,0.928,0.702,1,"3","Polr1d"
0.00830479334847703,0.785878890965977,0.555,0.269,1,"3","Khdrbs3"
0.00831137814280204,0.63475590233665,0.957,0.684,1,"3","Fkbp3"
0.00834334923916597,0.197493603146197,0.716,0.425,1,"3","Tspan4"
0.00837773384444517,0.101439384554864,0.875,0.624,1,"3","G3bp2"
0.00840083302087384,0.425910655191959,0.785,0.486,1,"3","Tceal9"
0.00843320770561748,0.188166230735387,0.953,0.68,1,"3","Nucks1"
0.00844874535695881,0.224919614284047,0.941,0.722,1,"3","Ubap2l"
0.00850634803567396,0.820423319633573,0.612,0.318,1,"3","Hmga2"
0.00851491459754197,0.646473492238892,0.984,0.739,1,"3","Cdk6"
0.008610750862308,0.556137982668077,0.704,0.398,1,"3","Txnl4a"
0.008613971849525,0.578167613757707,0.484,0.247,1,"3","Mrps18b"
0.00868559829124258,0.813487434955672,0.566,0.242,1,"3","Nup62"
0.00870962320871156,0.681353697647362,0.925,0.595,1,"3","Ssrp1"
0.00875771204738466,0.19948303881677,0.729,0.498,1,"3","Rnf138"
0.00886350831156546,0.357365839537166,0.803,0.53,1,"3","Cuedc2"
0.00889638670293506,0.715144752777254,0.891,0.565,1,"3","Srpk1"
0.00895490945300687,0.469174358670947,0.801,0.503,1,"3","Otud4"
0.00902156643253723,0.383739754687591,0.738,0.456,1,"3","Pfdn6"
0.00908142531743242,0.319790864828533,0.623,0.317,1,"3","Pgp"
0.00910110137183224,0.516808135095032,0.49,0.258,1,"3","Polr3h"
0.00914968970702571,0.164177437194226,0.649,0.384,1,"3","Mrpl28"
0.00928738405609983,0.280543243309341,0.79,0.526,1,"3","Erap1"
0.00952095806163641,0.511604054358657,0.577,0.307,1,"3","Heatr3"
0.00968673291214075,0.447052922087713,0.432,0.215,1,"3","Cltb"
0.00969269270586198,0.138760311828289,0.778,0.508,1,"3","Emc6"
0.00976339120353784,0.249235939845384,0.742,0.478,1,"3","Irak1"
0.00977484747638157,0.432566396550121,0.903,0.631,1,"3","Nap1l4"
0.00977936591355636,0.459966940856411,0.612,0.346,1,"3","Fmc1"
0.00979649093603747,0.466409536593462,0.529,0.293,1,"3","Mrpl19"
0.00980422680552639,0.387284918824609,0.749,0.479,1,"3","Qser1"
0.00992448188596142,0.581114653200386,0.59,0.299,1,"3","Nop16"
1.1154120219157e-12,2.50865964843281,0.979,0.38,3.60110771275483e-08,"4","Plxdc2"
2.01858922587435e-11,1.68960846537754,0.999,0.611,6.51701531573534e-07,"4","Prkg1"
6.23899080547152e-11,2.88173968156228,0.926,0.343,2.01425818154648e-06,"4","Rora"
7.22893809725471e-11,2.80588381814207,0.872,0.299,2.33386266469868e-06,"4","Plcl1"
1.74660985203986e-10,2.75310117825279,0.785,0.19,5.63892990731069e-06,"4","Mmrn1"
2.81636779308764e-10,1.96774358830677,0.998,0.71,9.09264341998345e-06,"4","Mllt3"
2.81949125934461e-10,1.97446250491375,0.967,0.45,9.10272753079408e-06,"4","Itsn1"
3.16260435435209e-10,1.41851886083774,0.991,0.716,1.02104681580257e-05,"4","Sgms1"
3.87629656752717e-10,2.65525519800408,0.835,0.23,1.25146234682615e-05,"4","Pdzk1ip1"
4.57935581005576e-10,5.07460896159259,0.472,0.031,1.4784450232765e-05,"4","Ncam2"
4.88800035807343e-10,2.51197286663634,0.87,0.238,1.57809091560401e-05,"4","Nbea"
9.1154427571123e-10,2.49899729515112,0.766,0.182,2.9429206941337e-05,"4","Grb10"
1.01727118914007e-09,1.48693572806421,1,0.684,3.28426003413872e-05,"4","Mecom"
1.80854544117992e-09,2.7887869673075,0.71,0.189,5.83888895684938e-05,"4","C530008M17Rik"
2.25181258747259e-09,1.60103710453288,0.698,0.3,7.26997693865524e-05,"4","Serpina3g"
3.04309016391405e-09,2.64438186288049,0.949,0.292,9.82461659419651e-05,"4","Dlg2"
3.37068427709795e-09,1.07663748579294,0.999,0.778,0.000108822541886107,"4","Mctp1"
3.41171119689957e-09,1.6767143717324,0.913,0.431,0.000110147095991903,"4","Prdm16"
3.73059217146576e-09,2.31707001856612,0.799,0.266,0.000120442168255772,"4","Gng11"
4.38357747706355e-09,2.72499543071829,0.745,0.172,0.000141523798846997,"4","Pdgfd"
1.16627657072525e-08,1.64971050253641,0.908,0.407,0.000376532390858646,"4","Hacd4"
1.22471713906788e-08,1.52305518617423,0.89,0.52,0.000395399928348066,"4","Med12l"
1.81456337884993e-08,1.65759604490942,0.959,0.504,0.000585831786861701,"4","Csgalnact1"
1.83063164384789e-08,1.64884159375304,0.99,0.558,0.000591019426216291,"4","Samd12"
1.98569079900791e-08,3.04772589213839,0.628,0.124,0.000641080274459703,"4","Lhcgr"
2.76867286927346e-08,4.21464002874647,0.506,0.039,0.000893866035844937,"4","Mmp16"
3.04648335281586e-08,1.52880934779865,0.922,0.494,0.000983557150456601,"4","Eya2"
3.55743248460288e-08,1.92440942984194,0.894,0.358,0.00114851707765404,"4","Mpl"
3.71616472210251e-08,1.69711983983197,0.994,0.695,0.0011997637805308,"4","Tbxas1"
4.89463025939585e-08,1.88223109314221,0.712,0.253,0.00158023137924595,"4","Airn"
6.29663874268589e-08,1.00630928179455,0.945,0.67,0.00203286981807614,"4","Lncpint"
7.02967403117479e-08,1.93564417311321,0.73,0.243,0.00226953026096478,"4","Shank3"
1.6694182033231e-07,2.48702159329968,0.507,0.103,0.00538971666942863,"4","Plekhg1"
2.11321340359316e-07,2.37216904795405,0.493,0.104,0.00682250947350052,"4","Socs2"
2.55329073790742e-07,1.36137694938131,0.917,0.565,0.00824329914733411,"4","Plxnc1"
2.5597442178025e-07,0.958873167413489,0.988,0.752,0.00826413420717538,"4","Ifitm3"
2.57563691508084e-07,1.84420558604488,0.952,0.435,0.0083154437803385,"4","Trpc6"
2.87092211961777e-07,2.50099574942353,0.654,0.155,0.00926877206318597,"4","Fgd5"
3.06777864227716e-07,0.837522456282333,0.848,0.501,0.00990432334659182,"4","Dst"
4.28874753855197e-07,1.37411050986318,0.996,0.746,0.013846221428215,"4","Pbx1"
4.62655401464664e-07,1.75413099930715,0.488,0.088,0.0149368296362867,"4","Gda"
7.41710610962745e-07,1.47553164646587,0.718,0.326,0.0239461270749322,"4","Myof"
7.53090914984059e-07,1.50603821290957,0.99,0.684,0.0243135401902603,"4","Ifitm1"
1.03197337406959e-06,0.894898497133257,0.793,0.404,0.0333172603818369,"4","Arhgef12"
1.05641713411366e-06,2.6074991830907,0.565,0.151,0.0341064271748594,"4","Il1rapl2"
1.1027799648915e-06,1.36266974563427,0.77,0.394,0.0356032511665221,"4","Prkn"
1.18425997971438e-06,3.7936592854403,0.527,0.115,0.0382338334450787,"4","Magi2"
1.22096344049231e-06,1.04457356123524,0.999,0.738,0.0394188046762942,"4","Angpt1"
1.55024198768916e-06,1.49675648387476,0.896,0.443,0.0500495625725446,"4","Klf12"
1.55847404055566e-06,0.908022535453547,0.843,0.38,0.0503153343993395,"4","Abcg3"
1.72225047173136e-06,4.33365655713488,0.302,0.021,0.055602856479847,"4","Rarb"
1.97815123048032e-06,1.12558380990274,0.993,0.685,0.0638646124760571,"4","Cacnb2"
2.11682452203392e-06,1.30299430484736,0.877,0.539,0.0683416796938652,"4","St3gal1"
2.40322223095176e-06,2.06411408273901,0.426,0.121,0.0775880297262776,"4","Xkr6"
2.40956689199616e-06,1.44003254172933,0.817,0.45,0.0777928671080961,"4","Epb41l4b"
2.41426555656046e-06,2.03475599125787,0.545,0.17,0.0779445634935544,"4","Gucy1a1"
2.57891706239927e-06,1.16227676895026,0.754,0.405,0.0832603373595605,"4","Zfpm1"
2.67045159949381e-06,2.28856991663803,0.465,0.112,0.0862155298896576,"4","Ryk"
2.94581313468344e-06,1.29316988680124,0.539,0.236,0.0951055770532548,"4","Nav2"
3.18176066045634e-06,1.42024147364728,0.783,0.399,0.102723142922833,"4","Ube2e2"
3.65018452079074e-06,1.54678864175683,0.838,0.422,0.117846207253729,"4","Cdc42bpa"
3.71638100253957e-06,1.07349972330434,0.947,0.516,0.11998336066699,"4","Dach1"
3.91970113542103e-06,2.23088232029212,0.405,0.083,0.126547551157068,"4","Ptpn14"
4.08693536013781e-06,1.91265213440363,0.403,0.132,0.131946708102049,"4","Bex1"
4.6531185876378e-06,4.25419717101283,0.486,0.043,0.150225933601887,"4","Shisa9"
4.94393533722559e-06,3.21229528078133,0.504,0.08,0.159614952362328,"4","B3galt1"
4.98880348468287e-06,1.61068418912514,0.539,0.177,0.161063520502986,"4","Gm4951"
5.2403631018235e-06,1.63517850533212,0.722,0.305,0.169185122742372,"4","Gulp1"
5.25442627588757e-06,1.3378401483398,0.66,0.298,0.16963915231703,"4","Sox5"
5.57318555267303e-06,1.56229577186991,0.464,0.088,0.179930295568049,"4","Agbl1"
5.65871797079854e-06,1.23709590302721,0.754,0.413,0.182691709687231,"4","Cers4"
5.73754492135727e-06,2.34364221959657,0.672,0.186,0.18523663778602,"4","Prex2"
6.21776802778432e-06,0.782450506257735,0.896,0.606,0.200740640777017,"4","Dennd4a"
6.25752241252125e-06,1.32644160255153,0.392,0.171,0.202024111088249,"4","Gbp5"
6.38151649080881e-06,2.66145764513082,0.501,0.1,0.206027259905762,"4","Ghr"
6.63253422977969e-06,1.77718434767735,0.429,0.119,0.214131367608437,"4","Ophn1"
8.80936025964535e-06,0.946688808933428,0.935,0.654,0.28441019598265,"4","Exoc6b"
9.08899327828661e-06,1.72061170901563,0.575,0.16,0.293438147989483,"4","Myo1d"
9.77526939839293e-06,2.18161547675274,0.605,0.183,0.315594572527116,"4","Palld"
1.00691309603631e-05,2.68865246935686,0.358,0.064,0.325081893055322,"4","Nrk"
1.13265974330824e-05,0.971812124229143,0.673,0.409,0.365679198127067,"4","Gbp7"
1.18163668502952e-05,0.696141288294856,0.729,0.512,0.38149140376178,"4","Orai1"
1.31716367520533e-05,1.09607115646909,0.946,0.605,0.425246292540041,"4","Rab38"
1.33832852801225e-05,1.03762027988921,0.458,0.168,0.432079365268754,"4","Sbf2"
1.42522701384653e-05,1.20848311185427,0.985,0.665,0.460134541420352,"4","Pard3b"
1.590478480325e-05,0.84149143652773,0.88,0.589,0.513485977372926,"4","Gimap1"
1.59404479567909e-05,3.91734643346558,0.299,0.015,0.514637362284994,"4","Runx1t1"
1.63802472347741e-05,1.20791620254763,0.783,0.426,0.528836281974681,"4","Abcg2"
1.6602593190371e-05,0.81003629199988,0.981,0.753,0.536014721151129,"4","Nfat5"
1.78375682225637e-05,0.993102526634839,0.979,0.773,0.57588589006547,"4","Txnip"
2.05242775614034e-05,1.91016818401996,0.743,0.276,0.662626301069907,"4","Plscr4"
2.14255092744409e-05,1.72879302110647,0.562,0.165,0.691722566925323,"4","Thrb"
2.15017628095852e-05,0.505288819301737,0.952,0.734,0.694184412307457,"4","Prkce"
2.33703687520842e-05,1.7968246221123,0.51,0.179,0.754512355161038,"4","Gm973"
2.42140531462873e-05,2.68657206244052,0.298,0.051,0.781750705827884,"4","Slamf1"
2.72298707307991e-05,0.513201085969969,0.936,0.677,0.87911637654385,"4","Epb41"
2.85887365404861e-05,3.92627179812721,0.403,0.031,0.922987359209593,"4","Igf2bp2"
2.9724152226339e-05,1.90226374267681,0.522,0.186,0.959644254627356,"4","Kcnk5"
3.77585515825116e-05,1.32982246062765,0.631,0.318,1,"4","Tnip3"
3.78614569564722e-05,0.954570196707997,0.554,0.307,1,"4","Zfp532"
3.82163684664168e-05,1.07980209657989,0.822,0.488,1,"4","Mettl7a1"
3.95287332807684e-05,0.949022153295289,0.995,0.717,1,"4","Adgrg1"
4.05580756886325e-05,1.36418547506906,0.804,0.395,1,"4","Rbp1"
4.08606380777686e-05,2.37530787797002,0.718,0.209,1,"4","Mamdc2"
4.67536815346257e-05,1.29648655845468,0.487,0.217,1,"4","Iigp1"
4.7532280764894e-05,1.12767668574769,0.523,0.269,1,"4","Ormdl3"
4.75662306210983e-05,1.66502985913056,0.447,0.166,1,"4","Rhof"
4.85994584250927e-05,0.610724321630384,0.786,0.553,1,"4","Neat1"
4.91371633236009e-05,0.637450100939273,0.976,0.741,1,"4","Pde4d"
5.28631160257433e-05,1.87909362299311,0.604,0.198,1,"4","Scarf1"
5.2963560891986e-05,1.57085436221812,0.47,0.176,1,"4","Mboat2"
5.33144804167264e-05,0.245216880475504,0.773,0.562,1,"4","Por"
5.46260135590817e-05,1.27362249854014,0.52,0.251,1,"4","Usp54"
5.57692558239642e-05,3.03161804070592,0.386,0.063,1,"4","Cdkn1c"
5.7218485443654e-05,0.947835673715298,0.653,0.328,1,"4","Cdk14"
5.84607087333806e-05,2.3107245183992,0.335,0.073,1,"4","Art4"
5.84607087333806e-05,1.86814692272293,0.329,0.106,1,"4","Gm42962"
6.00098741885893e-05,1.53992002332124,0.583,0.254,1,"4","Arhgap31"
6.04629098340847e-05,1.495109192849,0.649,0.305,1,"4","Irak3"
6.04688764511192e-05,2.02806535407211,0.76,0.325,1,"4","Tmtc2"
6.06672521339433e-05,0.73122704728491,0.985,0.776,1,"4","Smyd3"
6.50475622222749e-05,2.29732236769348,0.311,0.034,1,"4","Sult1a1"
6.5127050656621e-05,1.57393921137001,0.617,0.263,1,"4","Vegfc"
6.53035758358641e-05,0.849236468015579,0.902,0.57,1,"4","Tox"
6.56068310601883e-05,2.91798950778484,0.378,0.052,1,"4","Thsd4"
7.02937961332076e-05,0.859655126441484,0.98,0.735,1,"4","Maml2"
7.04220515875931e-05,0.531542890184287,0.805,0.583,1,"4","AU020206"
7.14717932053839e-05,0.75855142570894,0.696,0.426,1,"4","Adgrl2"
8.43740408434172e-05,0.895118600117916,0.786,0.496,1,"4","Snap23"
8.869990887442e-05,2.28184062161782,0.539,0.109,1,"4","Setbp1"
0.000106548794598511,1.57761096524484,0.529,0.202,1,"4","Klf9"
0.000115176464542436,1.36501156949084,0.464,0.21,1,"4","Soga1"
0.000116612385351755,0.662691009503284,0.876,0.594,1,"4","Gimap6"
0.000119463753150974,1.5513399687284,0.846,0.393,1,"4","Cadps2"
0.000122007502244739,2.39100089458035,0.315,0.069,1,"4","Mpdz"
0.000127734517904323,1.95987924696111,0.681,0.228,1,"4","Procr"
0.000140991784229034,1.05048295523417,0.604,0.317,1,"4","Neurl3"
0.000147956727049132,0.773327251453247,0.676,0.425,1,"4","Acox1"
0.000157074151163486,1.84637297793978,0.546,0.187,1,"4","Col4a2"
0.000162516051963855,0.424380542038681,0.782,0.572,1,"4","Usp32"
0.00016253320435197,2.74450805368476,0.285,0.052,1,"4","Mtss2"
0.000168672853061994,0.606330453577851,0.731,0.517,1,"4","Akap8l"
0.000180900219436813,1.05801083198352,0.601,0.348,1,"4","Fggy"
0.000187956936564208,1.00860448359386,0.896,0.556,1,"4","Ppp1r9a"
0.000196988079093311,2.47041268876656,0.35,0.075,1,"4","Ifitm7"
0.000197532622083226,1.90529595614186,0.425,0.131,1,"4","Shroom4"
0.000198037449178401,0.816456001085974,0.859,0.572,1,"4","Eya1"
0.000206177430684768,1.29835072881933,0.582,0.251,1,"4","Gimap8"
0.000209342527540104,0.945233263488227,0.74,0.473,1,"4","Mrtfb"
0.000209825687629569,0.861129787103882,0.88,0.594,1,"4","Wls"
0.000212795220764791,1.91805487019622,0.422,0.103,1,"4","Selenom"
0.000247839605541268,1.01936278753954,0.764,0.368,1,"4","Gata2"
0.000247960006103466,0.71581912488118,0.774,0.447,1,"4","Dip2c"
0.000253976368838715,3.34232689968793,0.234,0.019,1,"4","Il4"
0.000256588614817088,2.82240510660953,0.522,0.097,1,"4","Phactr1"
0.000256849094765228,1.03822315794522,0.479,0.258,1,"4","Pbx3"
0.000284434653971968,0.833607264638681,0.583,0.35,1,"4","Asah2"
0.000285683958870102,3.47954706804718,0.284,0.024,1,"4","Rhoj"
0.000287444451819887,1.10949239661835,0.792,0.462,1,"4","Crim1"
0.000290603266233082,1.55846687106322,0.404,0.16,1,"4","Coq8a"
0.000290847220957841,3.55019924653919,0.302,0.041,1,"4","Vwf"
0.00029634205648072,1.54175735100295,0.508,0.201,1,"4","Rbfox2"
0.000299057077969817,1.50447782944326,0.522,0.246,1,"4","Mycn"
0.000306312990374744,0.67406588337333,0.803,0.519,1,"4","St6galnac3"
0.000307005228669335,0.390132809440895,0.765,0.492,1,"4","Hdac9"
0.000313466365833768,2.43610815174002,0.343,0.072,1,"4","Slc6a15"
0.000316844797004192,3.00029343858673,0.281,0.04,1,"4","Tcf15"
0.000333279777226691,1.27971562520571,0.409,0.181,1,"4","Vipr2"
0.00033942293900242,1.68449179782992,0.51,0.101,1,"4","Tgm2"
0.000339712157243164,0.885618630478478,0.655,0.351,1,"4","Sord"
0.000345513218455496,0.737023596692333,0.786,0.541,1,"4","Bmpr2"
0.000359828427688381,0.792783135550108,0.837,0.599,1,"4","Clec2d"
0.000359948095430302,2.64026706907452,0.323,0.047,1,"4","Magi1"
0.0003642995062208,1.00168583299535,0.546,0.303,1,"4","Hmgn3"
0.00038689355974565,1.17555178851078,0.68,0.384,1,"4","2310001H17Rik"
0.000398834852566649,1.01006279506318,0.658,0.374,1,"4","4931422A03Rik"
0.000399453902654427,2.65152982328669,0.449,0.068,1,"4","Cpne8"
0.000408560863694433,1.05769566228507,0.609,0.317,1,"4","Srgap3"
0.000408951443102424,0.576791249985615,0.692,0.473,1,"4","Tns1"
0.000424303339349278,0.957327914282852,0.985,0.753,1,"4","Nedd4"
0.000443330614191328,0.753506362688254,0.753,0.516,1,"4","Rbl2"
0.00045104163632885,0.945005958312539,0.846,0.547,1,"4","Zfp521"
0.000483018725020246,0.580256168875649,0.965,0.743,1,"4","Gse1"
0.000488019088955902,1.89866885058625,0.517,0.164,1,"4","Tie1"
0.000489999186948011,0.947856427627993,0.84,0.539,1,"4","Ica1"
0.000499694084580023,0.641648480414533,0.922,0.668,1,"4","Ccnd2"
0.000514438128371904,0.910207805349209,0.499,0.287,1,"4","Letm2"
0.000516744485179269,0.923973676942867,0.577,0.358,1,"4","Agap2"
0.000532422403044355,1.34414139844419,0.879,0.46,1,"4","Myct1"
0.000532810362435227,0.212489648341094,0.843,0.56,1,"4","Lst1"
0.000552615715345109,2.89745267988929,0.306,0.055,1,"4","Plcb1"
0.000554904958262081,2.12216480522264,0.425,0.12,1,"4","Fstl1"
0.000558572851348205,1.71320892468665,0.767,0.288,1,"4","Slc18a2"
0.000570406341756748,1.66961819608269,0.622,0.233,1,"4","Mill2"
0.000571686184468101,0.480500881840261,0.979,0.75,1,"4","Erg"
0.000573454864114839,0.614890669793624,0.41,0.169,1,"4","Slc16a9"
0.000575707277067304,0.928924177415104,0.825,0.524,1,"4","Ttc28"
0.00059368740625347,0.815761775730667,0.63,0.402,1,"4","Nipsnap2"
0.000595862934938516,1.47024661660726,0.691,0.248,1,"4","Tgfbr3"
0.000611883982711482,2.26486553845686,0.424,0.101,1,"4","Tek"
0.000614290473549313,0.84777153088656,0.834,0.56,1,"4","Plekha5"
0.000623826707234627,0.716041056368129,0.686,0.425,1,"4","Smpdl3a"
0.000645700141883084,1.62564485279608,0.491,0.182,1,"4","Col4a1"
0.000654030072650178,0.44427464351954,0.746,0.539,1,"4","Slc25a36"
0.000666605639638288,0.749463951609669,0.978,0.74,1,"4","Cpq"
0.000668474903431214,1.09722295588749,0.771,0.41,1,"4","Adam22"
0.000688130824392661,0.850620798889057,0.837,0.561,1,"4","Zbtb38"
0.000689080449026488,1.47165221481402,0.417,0.173,1,"4","Pcdh7"
0.000715283882837366,0.866674451797911,1,0.74,1,"4","Meis1"
0.000761876672639924,0.999312285952604,0.622,0.362,1,"4","Fam171a1"
0.000761923210602725,1.29330855967788,0.605,0.295,1,"4","Nkx2-3"
0.000761923210602725,0.633513447403251,0.656,0.449,1,"4","Tom1l2"
0.000767951872122051,1.96351325839561,0.528,0.162,1,"4","Nr3c2"
0.000786394094791022,0.530335090789254,0.663,0.404,1,"4","Slc8a1"
0.000800785314600423,0.784602302726077,0.876,0.59,1,"4","Prkch"
0.000857094398318969,2.09923906660442,0.436,0.113,1,"4","Esam"
0.000860246379700883,0.727975497004484,0.893,0.629,1,"4","Stat4"
0.000861528733881403,0.198754106739689,0.506,0.277,1,"4","Ptgs1"
0.000879626924427559,1.49545361613548,0.464,0.167,1,"4","Rin2"
0.000892171235514339,1.45046558137076,0.508,0.208,1,"4","Pde1c"
0.000935772719096337,1.023120526668,0.782,0.48,1,"4","Fnbp1l"
0.000952837102882783,0.808500968435635,0.798,0.495,1,"4","Nt5c3"
0.00095400450855436,0.726488336266268,0.803,0.562,1,"4","2610035D17Rik"
0.000977204890150088,1.36682977833591,0.488,0.233,1,"4","Fads2"
0.00104533649813647,1.43461630002339,0.478,0.197,1,"4","F11r"
0.00108484953404232,1.32129201848279,0.426,0.174,1,"4","Fam219a"
0.00112218428516151,2.01344160473966,0.304,0.083,1,"4","Cavin3"
0.00119005995044986,2.65482280046681,0.403,0.08,1,"4","Gm17276"
0.00121597624592354,3.58634015940835,0.28,0.032,1,"4","Meg3"
0.00126697557685757,1.44223873773224,0.724,0.33,1,"4","Dock1"
0.00126945746242182,0.661857464407817,0.886,0.664,1,"4","Diaph2"
0.00127161084831199,1.00872020933642,0.696,0.396,1,"4","Nadk2"
0.0013051691036477,1.04427608376249,0.473,0.214,1,"4","Ptk2"
0.0013112664998497,2.26715351364453,0.274,0.059,1,"4","Jam3"
0.00132301041046929,1.10623493939138,0.671,0.381,1,"4","Prdm5"
0.00135297724846447,1.9173259694296,0.359,0.107,1,"4","Cish"
0.00135897086106481,0.863690632359479,0.853,0.592,1,"4","Mpp7"
0.00136876041372869,0.624677524152493,0.915,0.711,1,"4","Ptk2b"
0.0013817991883805,1.65814268535647,0.617,0.254,1,"4","Krt18"
0.00146276566437482,0.603768793850933,0.765,0.557,1,"4","Smc5"
0.00151619511691166,1.34401145350537,0.619,0.308,1,"4","Tmem40"
0.00153830150694953,3.66092713669459,0.278,0.022,1,"4","Clec1a"
0.00157595865037177,1.03356096090357,0.759,0.467,1,"4","Hivep3"
0.00161331329987271,0.330165735811997,0.926,0.612,1,"4","Cd63"
0.00172424118813899,1.60616857338026,0.549,0.225,1,"4","Eepd1"
0.00174699406537235,1.04501344103241,0.893,0.574,1,"4","Nceh1"
0.00181011236052939,1.9900267311365,0.516,0.165,1,"4","Trim47"
0.00187898916047035,1.19546083234253,0.857,0.508,1,"4","Eng"
0.00197917253411843,0.869767938153768,0.622,0.392,1,"4","Stau2"
0.00199408230688007,0.435124676836023,0.919,0.691,1,"4","Camk2d"
0.00204868365986061,0.467196918111029,0.877,0.673,1,"4","Dnmt3a"
0.00206163876524045,0.774179740130294,0.67,0.43,1,"4","H2-Q6"
0.0020691419940477,0.865337230607093,0.998,0.685,1,"4","Hlf"
0.00231997691142924,0.829036255115865,0.663,0.434,1,"4","Ext2"
0.00232220408646074,0.494699150655496,0.9,0.659,1,"4","Atp2b4"
0.00233966995436438,1.01985749446072,0.56,0.292,1,"4","Zfp467"
0.0023568404631709,1.26559217412013,0.413,0.186,1,"4","Deptor"
0.00242016733213375,0.81196895265595,0.955,0.693,1,"4","Rgs18"
0.00242770226373763,0.594376389721684,0.756,0.528,1,"4","Large1"
0.00249971459325301,1.89764064494739,0.36,0.106,1,"4","Cavin1"
0.00251771570295182,1.4383547987374,0.69,0.349,1,"4","Uba7"
0.00258708283817695,0.68009707367458,0.768,0.545,1,"4","Ptpn4"
0.00260108893419932,1.02864342899903,0.881,0.524,1,"4","Nfia"
0.00266587495678245,0.921451255483843,0.63,0.374,1,"4","Patj"
0.00266953037810899,0.801213807508092,0.701,0.455,1,"4","Gm12216"
0.00268876570020571,1.7825422840272,0.564,0.206,1,"4","Ccdc112"
0.00286593604788478,0.693340287261358,0.699,0.488,1,"4","Dgkg"
0.0028710401883323,1.02530469880462,0.535,0.314,1,"4","Spata13"
0.0029137129183021,0.621544873593993,0.797,0.58,1,"4","Enox2"
0.00308304594224158,0.229242464024273,0.527,0.292,1,"4","App"
0.0031969836060425,1.85328529252353,0.336,0.102,1,"4","Gm46515"
0.00331278668138852,1.18447952051543,0.736,0.393,1,"4","Nwd1"
0.00337841748933227,0.806049783128647,0.707,0.48,1,"4","Pced1b"
0.0033995275278039,2.04054347672454,0.335,0.088,1,"4","Ccdc60"
0.00379235308997457,1.26479448746684,0.404,0.18,1,"4","Ppic"
0.00379731620256709,2.00982988007344,0.347,0.085,1,"4","Rab27b"
0.00381938656209765,1.09524832744441,0.504,0.266,1,"4","Rai14"
0.00403858937494178,0.699473884054812,0.701,0.488,1,"4","Cited2"
0.00416722748825386,0.777314700360632,0.561,0.358,1,"4","Erc1"
0.00417300813811059,0.883603068238272,0.432,0.187,1,"4","Ankrd33b"
0.00421166703488206,1.4376163884731,0.394,0.163,1,"4","0610043K17Rik"
0.00421754887835026,0.994687050156952,0.539,0.3,1,"4","Emcn"
0.00430951853871631,0.76148980541727,0.586,0.315,1,"4","Mitf"
0.00441595121890341,0.556075995336214,0.962,0.728,1,"4","Kit"
0.00475698338628602,0.774913145106982,0.87,0.606,1,"4","Nfix"
0.00477417679724519,0.564391835015815,0.89,0.686,1,"4","Stxbp5"
0.00482009392648954,1.00017854352577,0.438,0.234,1,"4","Sgce"
0.00489961231859771,0.752436172850254,0.728,0.469,1,"4","Tsc22d3"
0.00518224194666228,0.753314309506727,0.822,0.534,1,"4","Afap1l1"
0.00544580910191845,0.490776190835094,0.912,0.704,1,"4","Pnrc1"
0.00578656244928823,0.694899932672879,0.588,0.371,1,"4","Ski"
0.00585555425722809,0.788496029689516,0.651,0.346,1,"4","Ctnnd1"
0.00616466010163433,2.15817568773561,0.312,0.082,1,"4","Klhl4"
0.00629867843881539,0.683597087071375,0.449,0.244,1,"4","Ell2"
0.00636602883301157,0.813716750338975,0.97,0.749,1,"4","Smarca2"
0.00644057875040442,1.86373924024925,0.289,0.083,1,"4","Vdr"
0.00649321665170532,0.923397583477406,0.73,0.458,1,"4","Pik3ip1"
0.00656072852090775,0.836655083201578,0.449,0.235,1,"4","Ifi44"
0.00661631320679193,1.5518981713878,0.408,0.165,1,"4","Slc24a5"
0.00744070666022931,1.68475779103186,0.402,0.152,1,"4","Rnf125"
0.0074427173209754,1.0988250726786,0.612,0.348,1,"4","Adamts6"
0.007640270177126,2.00293214403872,0.286,0.083,1,"4","Mylk"
0.00793208632499423,1.10861991989902,0.674,0.368,1,"4","Ehbp1"
0.00834224934737317,1.20920647567352,0.524,0.266,1,"4","Sorbs1"
0.00850601097672152,0.69292425698326,0.969,0.766,1,"4","Cdk17"
0.00882008773186913,2.45667604737284,0.287,0.058,1,"4","Ndn"
0.00888851756168137,1.14447092503732,0.651,0.37,1,"4","Gm19590"
0.00892343975507625,1.5743674338231,0.407,0.154,1,"4","Casp12"
0.00897827679143373,0.457883599477007,0.954,0.753,1,"4","Ttc3"
0.00907981730501625,1.70268067137664,0.311,0.082,1,"4","Pdzd2"
0.00927068824943106,1.0389208770102,0.542,0.268,1,"4","Ttc39b"
0.0095486781370962,0.758268286859769,0.67,0.445,1,"4","Zfp395"
0.00958055726133167,0.622964090929205,0.88,0.64,1,"4","Aig1"
0.00960981533835409,0.598946490899163,0.985,0.75,1,"4","Car2"
0.00976331712664577,0.9735404469815,0.59,0.345,1,"4","Zc3h12b"
3.95493902359137e-14,2.91425970085905,0.822,0.14,1.27685206376648e-09,"5","Cenph"
5.87267655425132e-14,2.08087893420736,0.985,0.452,1.89599362554004e-09,"5","Cep128"
1.77717453994902e-13,3.46083785263757,0.785,0.098,5.73760800222543e-09,"5","Brca1"
1.92415656127203e-13,3.50076141417716,0.772,0.085,6.21213945806675e-09,"5","Kntc1"
2.19861239845718e-13,3.31615099788081,0.935,0.175,7.098220128419e-09,"5","Cenpp"
5.26372469684469e-13,1.9126023174018,0.846,0.184,1.69939351837631e-08,"5","Ncapg2"
6.2106225549072e-13,3.59353943524,0.875,0.106,2.00509949185179e-08,"5","Kif15"
6.6986653496898e-13,3.14001124538563,0.829,0.118,2.16266410814735e-08,"5","Cit"
6.7786645163464e-13,3.13128655449881,0.99,0.294,2.18849183910244e-08,"5","Top2a"
1.21658636707676e-12,2.56359119274043,0.777,0.191,3.92774908610731e-08,"5","Uhrf1"
1.24005299256028e-12,1.77393188063876,0.991,0.571,4.00351108648085e-08,"5","Ezh2"
1.52136507298055e-12,3.09799471976665,0.759,0.106,4.9117271381177e-08,"5","Zwilch"
2.00621305094037e-12,2.93913902364462,0.989,0.312,6.47705883496097e-08,"5","Rad51b"
2.57701432010423e-12,3.26553728621402,0.875,0.156,8.31989073245651e-08,"5","Brip1"
2.82092979010721e-12,3.84034330997395,0.849,0.08,9.10737182736113e-08,"5","Neil3"
4.9816185831502e-12,2.1874987714534,0.942,0.43,1.60831555957004e-07,"5","Atad2"
1.78470089624618e-11,2.02287315546732,0.904,0.332,5.76190684353078e-07,"5","Rrm1"
2.04218802352214e-11,2.78957407104546,0.837,0.133,6.59320403394122e-07,"5","Pclaf"
2.64579154313734e-11,1.26794273059941,0.963,0.695,8.54193799701891e-07,"5","Dek"
2.73756710305173e-11,3.0638911442671,0.782,0.124,8.83823539220251e-07,"5","Rad51"
3.55267823459339e-11,3.32959333742492,0.85,0.115,1.14698216803848e-06,"5","Knl1"
4.3526193019954e-11,3.1752188702084,0.824,0.121,1.40524314164921e-06,"5","Clspn"
4.70157329010448e-11,2.98885047928899,0.691,0.103,1.51790293671023e-06,"5","Bard1"
6.02359011680591e-11,1.29337919300817,0.892,0.512,1.94471606921079e-06,"5","Hat1"
8.18498420711445e-11,2.34536039223136,0.767,0.193,2.6425221512669e-06,"5","Brca2"
8.59297492214451e-11,2.40756715748252,0.745,0.18,2.77424195361436e-06,"5","Zgrf1"
9.81188630541212e-11,3.69769936635546,0.516,0.04,3.1677674937023e-06,"5","Melk"
1.14028816522783e-10,2.00087881561364,0.98,0.456,3.68142034143805e-06,"5","Lmnb1"
1.16222126719135e-10,3.62099018083693,0.708,0.075,3.75223136112727e-06,"5","Rad54b"
1.47931412925358e-10,2.33372119296351,0.655,0.161,4.77596566629518e-06,"5","Dhfr"
1.60352619849984e-10,2.36987605815191,0.731,0.119,5.17698433185672e-06,"5","Birc5"
1.72422169676796e-10,1.58114548225412,0.746,0.286,5.56664974801535e-06,"5","Haus4"
1.91309132435704e-10,2.20548993691621,0.838,0.236,6.17641534068669e-06,"5","Blm"
2.19079104293464e-10,3.61385976974915,0.678,0.06,7.0729688821145e-06,"5","Ttk"
2.4586138914105e-10,2.15858421984943,0.795,0.253,7.93763494841881e-06,"5","Hells"
3.40660113108532e-10,2.89269561182086,0.834,0.152,1.0998211751709e-05,"5","Cenpk"
3.57820884828027e-10,1.72316101226441,0.991,0.602,1.15522472666728e-05,"5","Cbx5"
3.77417193181563e-10,1.50640392290729,0.922,0.469,1.21849140818668e-05,"5","Topbp1"
4.97215686588251e-10,2.9524753246407,0.791,0.116,1.60526084415017e-05,"5","Spc24"
5.37223786934999e-10,2.6115926265012,0.835,0.215,1.73442699611964e-05,"5","Tyms"
5.4677605518709e-10,3.31555932777914,0.634,0.065,1.76526649417152e-05,"5","Shcbp1"
5.51334844814836e-10,1.58694036934181,0.658,0.249,1.7799845464847e-05,"5","Pola2"
6.95519427617408e-10,2.91746968163813,0.917,0.204,2.2454844720628e-05,"5","Mki67"
7.70370977044487e-10,2.89843425336721,0.703,0.102,2.48714269938813e-05,"5","Tk1"
8.14042411949944e-10,1.48605636530907,0.858,0.386,2.6281359269804e-05,"5","Rbl1"
8.26308815327087e-10,2.91014135101593,0.843,0.232,2.6677380102835e-05,"5","Lockd"
8.33091171358657e-10,3.04514690530704,0.678,0.101,2.68963484673142e-05,"5","Cenpm"
8.72469869705575e-10,3.55401016732087,0.69,0.064,2.81676897434445e-05,"5","Kif4"
1.04099493972332e-09,2.47353911775727,0.801,0.202,3.36085216289675e-05,"5","Zranb3"
1.08264323231195e-09,2.11624904075381,0.812,0.288,3.49531367551912e-05,"5","Dtl"
1.11421744730189e-09,2.27707239740928,0.96,0.505,3.59725102861416e-05,"5","Pola1"
1.12311458543675e-09,1.47707771246952,0.826,0.399,3.62597543908254e-05,"5","Mcm7"
1.19843962966969e-09,3.28165324446556,0.575,0.057,3.86916234438858e-05,"5","Fancd2"
1.46754325470188e-09,1.36196807969948,0.972,0.691,4.73796339780502e-05,"5","Nucks1"
1.83848942022868e-09,2.56343878911788,0.761,0.181,5.9355630932083e-05,"5","Pole"
2.00703184058754e-09,2.09712590412335,0.688,0.175,6.47970229733686e-05,"5","Ndc1"
2.20801429981853e-09,2.54146259622471,0.832,0.158,7.12857416696413e-05,"5","Cdk1"
3.05008221263434e-09,2.53964586648912,0.84,0.213,9.84719042348996e-05,"5","Ncapd2"
3.43649621528375e-09,3.49386648255754,0.569,0.055,0.000110947280310436,"5","Mastl"
3.70836611559285e-09,3.43769081070012,0.685,0.063,0.000119724600041915,"5","Bub1"
4.42579146927227e-09,1.90034337918643,0.716,0.224,0.000142886677585455,"5","Rfc4"
4.49370510165098e-09,3.20961980206434,0.624,0.069,0.000145079269206802,"5","Mcm10"
4.76777398392861e-09,2.08329908296789,0.739,0.206,0.000153927583071135,"5","Wdhd1"
5.2378478972587e-09,2.06264968576461,0.777,0.316,0.000169103919362997,"5","H2afx"
5.24398608327433e-09,3.31658183807735,0.825,0.118,0.000169302090698512,"5","Kif11"
5.82406041333884e-09,1.7129725639196,0.585,0.166,0.000188029790444644,"5","Timeless"
5.97274976734369e-09,3.30495542093829,0.695,0.092,0.000192830226238691,"5","Mis18bp1"
6.47890132365908e-09,2.16413925837901,0.627,0.144,0.000209171329234333,"5","Fbxo5"
6.61983772264453e-09,3.10982176404682,0.686,0.068,0.000213721460875579,"5","Pbk"
6.66298637868093e-09,1.51965062737705,0.883,0.576,0.000215114515235714,"5","Pcna"
6.7846902428874e-09,3.58587863869197,0.602,0.053,0.00021904372449162,"5","E2f7"
7.90477292305891e-09,1.43552159088416,0.859,0.439,0.000255205593820957,"5","Slbp"
8.08059275600964e-09,2.0512319010524,0.532,0.115,0.000260881937127771,"5","Cenps"
9.03666435647446e-09,1.69708261815812,0.982,0.61,0.000291748708748778,"5","Smc4"
9.44352245098843e-09,2.33054958608368,0.818,0.257,0.000304884122330162,"5","Lig1"
1.0649754727792e-08,2.32710433500597,0.648,0.134,0.000343827331386763,"5","Fignl1"
1.11084220250258e-08,2.09113240956004,0.984,0.495,0.000358635405077958,"5","Diaph3"
1.17955761904373e-08,1.50563844609815,0.979,0.63,0.000380820177308267,"5","Tmpo"
1.21943842979066e-08,1.67036187799617,0.89,0.448,0.000393695697057915,"5","Dnmt1"
1.22913560140787e-08,2.89690573165096,0.653,0.079,0.000396826428914531,"5","Spc25"
1.3194967368727e-08,2.13325689115308,0.951,0.359,0.000425999521499351,"5","Smc2"
1.66025380145309e-08,1.62903895818884,0.701,0.234,0.000536012939799129,"5","Lin9"
1.78189246395893e-08,2.7200118724176,0.551,0.09,0.000575283981989139,"5","Fanca"
1.84681482200221e-08,1.6810323722129,0.866,0.376,0.000596244165283413,"5","Ncapd3"
2.13195762351863e-08,1.2650926981669,0.865,0.44,0.00068830251875299,"5","Usp1"
2.18023364855668e-08,3.10010711797522,0.612,0.081,0.000703888433436525,"5","Fanci"
2.32495648305979e-08,1.09989323731165,0.902,0.592,0.000750612200555854,"5","Rfc1"
2.49631745640459e-08,1.62845385261904,0.968,0.57,0.000805936090800222,"5","Nsd2"
2.53561026940535e-08,2.75764263772548,0.612,0.069,0.000818621775477518,"5","Aurkb"
2.53883610484127e-08,1.23645811197676,0.496,0.195,0.000819663236448005,"5","Nmral1"
2.56339478288041e-08,2.57576294801848,0.855,0.201,0.000827592005652941,"5","Rad18"
2.76167211600569e-08,1.95511869682415,0.65,0.102,0.000891605842652436,"5","Rrm2"
2.90301740137431e-08,2.03269214627512,0.789,0.256,0.000937239168033697,"5","Wdr76"
2.96273769387484e-08,1.91346116559512,0.719,0.208,0.000956519864467492,"5","Fen1"
2.96590982101226e-08,2.33190345855184,0.852,0.25,0.000957543985713809,"5","Atad5"
3.32224018679508e-08,2.22028010858629,0.751,0.183,0.00107258524430679,"5","Incenp"
3.44753685982254e-08,3.34197011183208,0.759,0.095,0.00111303727519371,"5","Polq"
3.49906814534542e-08,1.83382369284932,0.385,0.121,0.00112967415072477,"5","Ung"
4.06598731761732e-08,2.34994135801281,0.666,0.148,0.00131270400549275,"5","Rmi2"
4.23505646104096e-08,1.63917490066591,0.981,0.77,0.00136728797844707,"5","Hmgb2"
4.43813575777772e-08,1.20332837913564,0.801,0.337,0.00143285212939854,"5","Rbbp8"
5.01493335175695e-08,2.82525262354798,0.732,0.115,0.00161907123261473,"5","Ndc80"
5.0690910601227e-08,2.97721763153219,0.804,0.141,0.00163655604876061,"5","Kif24"
5.2648980489747e-08,3.18782341869802,0.677,0.076,0.00169977233511148,"5","Ncapg"
5.30132559611093e-08,2.23003335282085,0.559,0.117,0.00171153296870441,"5","Cdc7"
5.33926082170844e-08,2.70741547155391,0.772,0.122,0.00172378035628857,"5","Cdca8"
5.56667606382624e-08,1.59298989516363,0.647,0.211,0.0017972013672063,"5","Nrm"
6.33583049412578e-08,3.84491619805849,0.67,0.06,0.00204552287502851,"5","Efcab11"
6.76403445483419e-08,0.942121472295842,0.842,0.452,0.00218376852374322,"5","1700025G04Rik"
7.4027106214632e-08,2.22907308556032,0.65,0.14,0.0023899651241394,"5","Mad2l1"
7.48222494367995e-08,2.75606121417061,0.533,0.075,0.00241563632306707,"5","Cip2a"
7.59127176252824e-08,1.99474042697546,0.807,0.253,0.00245084208853224,"5","Gmnn"
7.90468804757203e-08,1.6353508908259,0.917,0.48,0.00255202853615863,"5","Hjurp"
8.08012559884898e-08,2.62353312016684,0.804,0.194,0.00260866854958839,"5","Kif20b"
8.13962043037071e-08,1.19020645183106,0.943,0.737,0.00262787645594518,"5","H2afv"
8.98291393613929e-08,2.90778425849712,0.493,0.056,0.00290013376428257,"5","Cdca5"
9.99905134172937e-08,3.09623827344544,0.765,0.108,0.00322819372567733,"5","Tpx2"
1.05666436029274e-07,3.17018529329201,0.733,0.114,0.00341144088720513,"5","Prc1"
1.13323554468227e-07,1.6192999761165,0.747,0.269,0.00365865095600671,"5","Mcm5"
1.18567291981442e-07,1.46373739912133,0.829,0.385,0.00382794502162084,"5","Mcm3"
1.27998275708641e-07,1.96214352227331,0.585,0.145,0.00413242433125347,"5","Arhgap11a"
1.4084095414459e-07,1.50479830422318,0.864,0.405,0.00454705020455808,"5","Nasp"
1.43838825643018e-07,1.61324520293415,0.92,0.64,0.00464383648588482,"5","Tuba1b"
1.4973799035469e-07,0.763136057244712,0.864,0.551,0.00483429101860116,"5","Cep83"
1.61412950517934e-07,3.14815001797144,0.574,0.048,0.00521121710747151,"5","Esco2"
1.61453085091195e-07,1.84435381213055,0.632,0.187,0.00521251285216924,"5","Cdt1"
1.77581415558074e-07,1.05702974955356,0.646,0.32,0.00573321600129241,"5","Fxn"
1.82940691405039e-07,1.3938281382286,0.69,0.247,0.00590624022201168,"5","Slc43a3"
1.83615076819065e-07,1.92957311933093,0.912,0.376,0.00592801275510351,"5","Mms22l"
1.85451004047971e-07,1.67515840058443,0.911,0.545,0.00598728566568873,"5","Dut"
1.96841942514606e-07,3.0172339104862,0.628,0.087,0.00635504211408405,"5","Exo1"
2.13855637778904e-07,0.953596295026559,0.799,0.45,0.00690432926569192,"5","Casp8ap2"
2.23349555335849e-07,2.90817500635683,0.56,0.078,0.00721084039401787,"5","Ticrr"
2.54582320154629e-07,1.79153643759778,0.568,0.172,0.00821919020619219,"5","Pole2"
2.56339814998586e-07,0.832618863319884,0.919,0.646,0.00827593092722934,"5","Anapc5"
2.6121934692967e-07,2.87384363267401,0.504,0.066,0.0084334666156244,"5","Mybl2"
2.84358949858439e-07,2.03581297908226,0.753,0.241,0.00918052869617971,"5","Zfp367"
2.89254481375949e-07,3.06054557316362,0.7,0.091,0.00933858093122252,"5","Nusap1"
2.9150246029942e-07,1.60103928325373,0.822,0.36,0.00941115693076678,"5","Cks1b"
3.27971508186404e-07,2.55031848886343,0.622,0.106,0.010588560141798,"5","Cdc45"
3.34470463576952e-07,2.1521875593423,0.771,0.227,0.0107983789165819,"5","Prim1"
3.47415409100816e-07,1.65544227995207,0.659,0.215,0.0112163064828198,"5","Lin54"
3.48979185719872e-07,1.27783436945007,0.678,0.277,0.0112667930109661,"5","Mcm2"
3.54080123324623e-07,1.73059083146703,0.874,0.359,0.0114314767815355,"5","Tipin"
3.63526075018093e-07,3.13848391582812,0.548,0.052,0.0117364393319591,"5","Nuf2"
4.05639147134357e-07,0.779483751484351,0.853,0.618,0.0130960598652327,"5","Impdh2"
4.13836614271898e-07,2.25522204366584,0.658,0.132,0.0133607150917682,"5","Plk4"
4.1670652116059e-07,2.10333446755377,0.545,0.083,0.0134533700356696,"5","Asf1b"
4.30750222092874e-07,0.576739322596781,0.808,0.592,0.0139067709202684,"5","Raly"
4.54673574431855e-07,2.99532221505038,0.732,0.141,0.0146791363505324,"5","Ect2"
4.5677466614708e-07,0.796801512771923,0.679,0.381,0.0147469700965585,"5","Hmgxb4"
5.17433748476928e-07,2.57380848965929,0.663,0.12,0.0167053485695776,"5","Racgap1"
5.31242802871161e-07,0.912115008681327,0.843,0.431,0.0171511738906954,"5","Fam111a"
6.0198970744888e-07,2.91002804862821,0.679,0.114,0.0194352377049871,"5","Cenpf"
6.84476925140732e-07,2.95063316888019,0.567,0.064,0.0220983375281685,"5","Sgo1"
7.29525740882309e-07,2.01659275349303,0.889,0.308,0.0235527385443853,"5","Prim2"
7.76017758967223e-07,2.99737773128172,0.517,0.069,0.0250537333482568,"5","Hmmr"
8.221685474925e-07,2.44106612656606,0.635,0.135,0.0265437115557954,"5","Cenpe"
8.90529699883846e-07,2.06890246642485,0.678,0.17,0.02875075136075,"5","Chaf1a"
9.03941475242704e-07,1.92026262205356,0.519,0.153,0.0291837505282107,"5","Slfn9"
9.53673295307852e-07,2.66614780458446,0.612,0.111,0.030789342339014,"5","Rad54l"
9.62619561676907e-07,3.07890350521703,0.685,0.097,0.0310781725487389,"5","Anln"
1.0042509727241e-06,1.6005475627443,0.532,0.175,0.0324222426543976,"5","Dnph1"
1.01055162512241e-06,1.9099238450465,0.678,0.15,0.0326256592170771,"5","Mns1"
1.09580009772848e-06,1.36189217674919,0.403,0.145,0.035377906155164,"5","Alg6"
1.12670474596819e-06,0.88910314184525,0.808,0.476,0.036375662723583,"5","Ints7"
1.1404957866559e-06,2.52234360080517,0.581,0.105,0.0368209064721856,"5","Trip13"
1.17509859296876e-06,2.21868799720216,0.506,0.108,0.0379380580739964,"5","Cdc6"
1.18925723229275e-06,0.835098916923511,0.985,0.77,0.0383951697445713,"5","Pds5a"
1.2037765729806e-06,2.57233595401987,0.493,0.064,0.0388639266586787,"5","Ncaph"
1.24829480718202e-06,1.25396261645983,0.677,0.319,0.0403011978498715,"5","Xndc1"
1.40450899576698e-06,2.12028191331788,0.699,0.188,0.045344572928337,"5","Dna2"
1.43605321147543e-06,1.53983904015438,0.871,0.385,0.0463629779324841,"5","Rfwd3"
1.44778086250826e-06,1.53989305509993,0.511,0.178,0.0467416051460792,"5","Shmt1"
1.53617265259733e-06,0.897371499647688,0.888,0.612,0.0495953340891048,"5","Ssrp1"
1.57001623486331e-06,3.52175001752961,0.615,0.059,0.050687974142562,"5","Cep55"
1.61551342001814e-06,1.6366602452822,0.601,0.176,0.0521568507652855,"5","Pold1"
1.64316029071978e-06,1.81773932895898,0.672,0.201,0.0530494299858882,"5","Cgas"
1.68415083858513e-06,1.29577360305416,0.817,0.406,0.0543728098237209,"5","Mthfd1l"
1.72501378124959e-06,1.61876379888451,0.568,0.151,0.0556920699276429,"5","Cenpw"
1.73477341071469e-06,1.05227548485336,0.767,0.398,0.0560071595649239,"5","Eri1"
1.80488058765101e-06,3.52034034651563,0.567,0.052,0.0582705697723129,"5","Spag5"
1.92739983934329e-06,3.11837333656253,0.618,0.072,0.062226103813198,"5","Stil"
2.03471503152353e-06,2.53092465114008,0.477,0.081,0.0656907747927373,"5","Ccne2"
2.0454827758127e-06,0.992999307503436,0.959,0.672,0.0660384114171131,"5","Baz1b"
2.05000006390952e-06,1.32185827766951,0.679,0.282,0.066184252063319,"5","Mcm4"
2.09268794171475e-06,1.81765083686517,0.729,0.234,0.0675624301982607,"5","Hirip3"
2.22478106307872e-06,1.90956003769643,0.505,0.139,0.0718270566214964,"5","E2f1"
2.37297313758685e-06,2.91426794605857,0.459,0.048,0.0766114377469914,"5","Ska1"
2.60521397605986e-06,1.61944890882592,0.617,0.214,0.0841093332170924,"5","Cep152"
2.62684275987997e-06,3.10685828262483,0.656,0.081,0.0848076185027249,"5","Rad51ap1"
2.64505423328732e-06,1.2633654039873,0.727,0.318,0.0853955759216812,"5","Rnaseh2b"
2.91524203705404e-06,2.47215675699014,0.62,0.091,0.0941185891662897,"5","E2f8"
2.91524203705404e-06,2.70817366541678,0.539,0.087,0.0941185891662897,"5","Dlgap5"
2.94798403776488e-06,1.34350046792019,0.709,0.295,0.0951756646592391,"5","Mast2"
3.13978368162948e-06,1.07143022361535,0.803,0.474,0.101367916161408,"5","Lsm2"
3.2191220122911e-06,0.562500610363269,0.802,0.523,0.103929354166818,"5","Camkk2"
3.43043939125402e-06,1.55855191216063,0.326,0.098,0.110751735746636,"5","Orc1"
3.50065280566099e-06,2.34598452993321,0.661,0.129,0.113018575830765,"5","Tacc3"
3.589450417141e-06,2.87495403420685,0.718,0.144,0.115885406717397,"5","Cdca2"
3.67540837848642e-06,3.1246679975341,0.542,0.061,0.118660559499434,"5","Cenpn"
3.75616428276003e-06,1.66376295034807,0.821,0.319,0.121267763868908,"5","Ccdc34"
3.76318864512165e-06,1.13052758274762,0.846,0.498,0.121494545407752,"5","Dtymk"
4.1667089330888e-06,0.355315998900123,0.892,0.654,0.134522197904772,"5","Hnrnpl"
4.19492351887332e-06,2.88790795427309,0.672,0.094,0.135433105806825,"5","Bub1b"
4.28153140469272e-06,0.824472545069946,0.929,0.704,0.138229241400505,"5","Snrpd1"
4.30147709449601e-06,0.984237565242181,0.851,0.589,0.138873187995804,"5","Lsm3"
4.62530786665974e-06,3.60698691645402,0.589,0.047,0.14932806447511,"5","Cenpi"
4.77826651593177e-06,2.45520360820196,0.584,0.134,0.154266334466857,"5","Kif18a"
4.88708649457441e-06,2.46253005193285,0.395,0.062,0.157779587477335,"5","Gen1"
5.08646843101912e-06,1.87410542757877,0.366,0.082,0.164216633295452,"5","Tmem107"
5.25150572332612e-06,1.52555177795508,0.793,0.335,0.169544862277584,"5","Rpa1"
5.35533935823783e-06,3.26326365592735,0.611,0.064,0.172897131180708,"5","Ckap2l"
5.68166700910173e-06,0.663737027460502,0.777,0.546,0.183432619388849,"5","Mrpl18"
5.69167219502662e-06,0.547249223965556,0.478,0.249,0.183755636816435,"5","Prelid3b"
6.14895813361993e-06,1.55096290342107,0.599,0.18,0.198519113343919,"5","Skp2"
6.17009524848432e-06,0.753932836711816,0.857,0.616,0.199201525097316,"5","Hmgn1"
6.71872561761417e-06,2.47853819973402,0.633,0.21,0.216914056564673,"5","Hist1h2ap"
6.90256352217891e-06,1.33428986215217,0.617,0.22,0.222849263313546,"5","Cmc2"
7.74381868112701e-06,1.06962553549328,0.859,0.553,0.250009186120185,"5","Rfc2"
7.99861147873957e-06,3.75142812199803,0.4,0.025,0.258235171591107,"5","BC030867"
8.16178856087632e-06,0.983652222163306,0.929,0.612,0.263503343687892,"5","Slco3a1"
9.61959732863102e-06,1.27668256044904,0.791,0.356,0.310568699754852,"5","Sclt1"
9.7236546263866e-06,1.48432902487995,0.806,0.388,0.313928189612892,"5","Dnajc9"
9.9781925650313e-06,2.48698762951606,0.483,0.073,0.322145946962036,"5","Pkmyt1"
9.9793728671521e-06,0.901176534928687,0.915,0.595,0.322184053016005,"5","Smc6"
1.0351226840317e-05,1.50788008313535,0.722,0.283,0.334189358539634,"5","Alms1"
1.13942391512729e-05,3.79648639456746,0.492,0.036,0.367863010998846,"5","Kif14"
1.16363297829435e-05,3.20989828485197,0.437,0.054,0.375678907042331,"5","Aspm"
1.1785502686743e-05,2.02956237556944,0.543,0.122,0.380494954241497,"5","Chek1"
1.1870196437494e-05,2.38837096855776,0.723,0.242,0.383229291984495,"5","Kif23"
1.19925376161853e-05,1.14834570514295,0.833,0.442,0.387179076938543,"5","Tfdp1"
1.21873164191506e-05,1.52203922416026,0.513,0.167,0.393467510592276,"5","Cenpo"
1.24845211743059e-05,0.274102250979824,0.702,0.494,0.403062766112466,"5","Ssr2"
1.26526623996609e-05,3.22903746330931,0.475,0.045,0.408491205573051,"5","Aunip"
1.32476977876108e-05,1.51629794714009,0.926,0.482,0.427701923073015,"5","Cntln"
1.34982030103985e-05,2.39221929157753,0.289,0.048,0.435789484190715,"5","Tube1"
1.35676099877447e-05,0.775486555469395,0.969,0.745,0.438030288454339,"5","Smc1a"
1.45985235913056e-05,1.18565925695393,0.682,0.319,0.4713133341453,"5","Zfp808"
1.496630156078e-05,0.383255711577648,0.642,0.408,0.483187045889783,"5","Prpf19"
1.51533302580716e-05,1.7104322058085,0.524,0.151,0.489225267381841,"5","Ttf2"
1.57553505701924e-05,1.2035167140861,0.865,0.516,0.508661493158662,"5","Mcm6"
1.58667817507396e-05,1.64270602655227,0.52,0.156,0.512259048822628,"5","Gins2"
1.59404479567909e-05,2.51671704504435,0.35,0.051,0.514637362284994,"5","Wdr62"
1.66290230049037e-05,2.48658296779042,0.355,0.056,0.536868007713315,"5","Tedc1"
1.69244072198943e-05,3.66055680172529,0.474,0.047,0.546404487094287,"5","Parpbp"
1.70126651253628e-05,1.1176230178633,0.835,0.467,0.549253893572339,"5","Cep57l1"
1.74747999734391e-05,1.30683042914137,0.794,0.38,0.56417391714248,"5","Pold3"
1.78620614074405e-05,0.369198740095744,0.713,0.484,0.576676652539216,"5","Cops5"
1.8150517615786e-05,0.863938630402469,0.831,0.484,0.58598946122565,"5","Map3k20"
1.81944765953238e-05,0.896374555592992,0.559,0.261,0.587408676880029,"5","Cdk2"
1.82792498325414e-05,2.15946465305883,0.6,0.261,0.590145580843599,"5","Hist1h2ae"
1.88000197284484e-05,0.819990183327107,0.469,0.226,0.606958636932957,"5","D030056L22Rik"
1.90125127201531e-05,0.716106519696187,0.532,0.281,0.613818973170143,"5","Lnpk"
1.92949880729154e-05,1.79919683165449,0.578,0.177,0.622938689934073,"5","Ska2"
1.98261400624465e-05,1.19354886562361,0.713,0.245,0.640086931916084,"5","Pmf1"
2.02223925440421e-05,0.831914064730772,0.848,0.578,0.652879943284399,"5","Paics"
2.03001769979484e-05,1.08038614750138,0.633,0.298,0.655391214378763,"5","Ppil1"
2.05605291847975e-05,1.97254988844833,0.655,0.198,0.663796684731186,"5","Mtfr2"
2.12559202592235e-05,1.1442123055852,0.871,0.465,0.686247385569032,"5","Spidr"
2.12598345758574e-05,1.11478821163531,0.781,0.496,0.686373759281555,"5","Siva1"
2.19437039914785e-05,2.28295274105715,0.572,0.118,0.708452483364884,"5","Knstrn"
2.23387828078556e-05,1.1428215632977,0.765,0.372,0.721207602951619,"5","Ipo9"
2.28872120488378e-05,0.323190128341752,0.891,0.688,0.738913640996729,"5","Mrpl33"
2.40507198089114e-05,1.65801627177646,0.725,0.262,0.776477489030706,"5","Platr25"
2.43464346393613e-05,1.42021703804963,0.583,0.219,0.78602464233178,"5","Ccdc15"
2.4604877814286e-05,2.76452099624442,0.482,0.061,0.794368480234222,"5","Sgo2a"
2.50178462278469e-05,2.88604371436945,0.362,0.05,0.807701165466037,"5","Kifc5b"
2.56167854101258e-05,1.41670653435905,0.599,0.219,0.827037916965911,"5","Ctc1"
2.56681402302118e-05,0.93460287494449,0.934,0.66,0.828695907332389,"5","Psip1"
2.57194925128633e-05,1.36463858882122,0.711,0.303,0.830353815777793,"5","Cdk5rap2"
2.612280091402e-05,0.650105599674444,0.499,0.255,0.843374627509137,"5","Cryl1"
2.81422580726493e-05,0.950793297206338,0.852,0.513,0.908572801875482,"5","Hpf1"
3.13860653839736e-05,0.889150436438669,0.975,0.723,1,"5","Smchd1"
3.18222375420557e-05,3.69338149893529,0.479,0.033,1,"5","Espl1"
3.202249301909e-05,0.69936724038206,0.94,0.698,1,"5","Cbx1"
3.33789927235949e-05,1.1364932724537,0.429,0.172,1,"5","Zdhhc15"
3.34386359574913e-05,2.54667548931373,0.312,0.038,1,"5","Lrr1"
3.36482488744815e-05,0.553921281774377,0.758,0.471,1,"5","Psmd13"
3.44203379508085e-05,2.79406480226216,0.566,0.081,1,"5","Kif22"
3.44415510777416e-05,2.07488922429482,0.664,0.182,1,"5","Hist1h1b"
3.55305756827524e-05,2.10278761757913,0.529,0.088,1,"5","Cdca3"
3.56912866453135e-05,0.61816223771624,0.724,0.438,1,"5","Stub1"
3.62781354210201e-05,1.49495375864425,0.694,0.26,1,"5","Sass6"
3.66056710014401e-05,1.05461670901782,0.784,0.438,1,"5","Pcnt"
3.84137153946822e-05,2.73487920285535,0.245,0.032,1,"5","Mybl1"
3.84913012560277e-05,0.918837179990142,0.798,0.481,1,"5","Impa2"
4.18092941188798e-05,1.59055015199308,0.749,0.278,1,"5","Tbc1d31"
4.29365564294434e-05,0.91162370612396,0.575,0.27,1,"5","Timm50"
4.46027510144655e-05,0.937925331701101,0.553,0.282,1,"5","Khdrbs3"
4.46251932245213e-05,0.844356026404333,0.446,0.187,1,"5","Cpd"
4.55840506438379e-05,2.80066136200491,0.435,0.063,1,"5","Spdl1"
4.58857901730109e-05,1.47639480502086,0.343,0.109,1,"5","Ccdc14"
4.60001801918458e-05,0.55473635914626,0.671,0.412,1,"5","Tomm40"
4.69244739692332e-05,0.982632240672303,0.661,0.348,1,"5","Nxt1"
4.93300301218511e-05,3.52455927272724,0.388,0.032,1,"5","Kif18b"
4.95464117498707e-05,2.15281725699838,0.44,0.091,1,"5","Gins3"
4.99162550979361e-05,1.39751770362773,0.72,0.287,1,"5","Chek2"
5.06818350574435e-05,1.663122420173,0.426,0.117,1,"5","Palb2"
5.08903930990451e-05,0.739690170280783,0.96,0.685,1,"5","Cbfb"
5.1485321207723e-05,1.69184558145039,0.458,0.104,1,"5","Nt5dc2"
5.24722496855931e-05,2.08398410329542,0.36,0.071,1,"5","Ercc6l"
5.39473528760131e-05,0.318320965155504,0.617,0.345,1,"5","Me2"
5.42742349449844e-05,0.341874388377712,0.741,0.504,1,"5","Galnt2"
5.50927800560422e-05,0.947086059352783,0.958,0.661,1,"5","Suz12"
5.76627409076552e-05,2.41376291230578,0.59,0.074,1,"5","Ccna2"
5.7982131719329e-05,1.44621476053701,0.59,0.227,1,"5","Ccdc138"
5.93931954052447e-05,1.40610339714722,0.737,0.361,1,"5","Syce2"
5.97145729035605e-05,0.76147700793621,0.814,0.512,1,"5","Senp1"
6.03302229388744e-05,0.493530810921449,0.68,0.419,1,"5","Rbm10"
6.30324925959558e-05,0.479338832761555,0.885,0.642,1,"5","Dhx9"
6.37216674933763e-05,1.09337440018666,0.723,0.359,1,"5","Rnf168"
6.42699818306162e-05,0.708930747418793,0.623,0.355,1,"5","Trmt2b"
6.49105691456874e-05,0.537587821736503,0.581,0.33,1,"5","Aifm1"
6.49778955725018e-05,1.66510509670713,0.745,0.289,1,"5","Rpa2"
6.67746222061036e-05,2.55381351748546,0.431,0.075,1,"5","Hist1h1a"
6.79590870677354e-05,1.00047497417572,0.915,0.576,1,"5","Rad50"
6.92419027474754e-05,3.26679092422862,0.388,0.037,1,"5","Iqgap3"
7.24077873447909e-05,0.504804049795384,0.59,0.35,1,"5","Nacc1"
7.27166907995265e-05,1.18132519368618,0.444,0.182,1,"5","Mboat1"
7.33496991288512e-05,0.776677241522535,0.929,0.633,1,"5","Dleu2"
7.63913145921171e-05,3.10439002647806,0.461,0.049,1,"5","Nsl1"
7.91250547671357e-05,0.70698399649155,0.8,0.536,1,"5","Dpy30"
9.04246434963707e-05,0.61116828404455,0.912,0.642,1,"5","Lcorl"
9.13418644714511e-05,1.05754905524886,0.474,0.214,1,"5","Tex9"
9.22428117342126e-05,0.93263370363017,0.563,0.285,1,"5","Chaf1b"
9.32044155812282e-05,0.529789600538938,0.422,0.176,1,"5","Anapc15"
9.50601533531018e-05,2.21285604618001,0.346,0.062,1,"5","Wdr90"
9.67168542728622e-05,1.24506740109084,0.562,0.221,1,"5","Nemp1"
9.93462945569624e-05,1.19859246653157,0.548,0.237,1,"5","Ctps"
9.96400488771719e-05,0.560995001831313,0.958,0.729,1,"5","Rsrc1"
0.000104732210937758,1.39243032007471,0.807,0.367,1,"5","BC052040"
0.000106894188287294,1.25980314911469,0.587,0.243,1,"5","Jpt2"
0.000107642187142921,1.2966606635049,0.579,0.213,1,"5","Nup85"
0.00010827343581634,0.524805518272501,0.621,0.381,1,"5","Dnmt3b"
0.000109448672590128,0.632495048442906,0.678,0.39,1,"5","Odc1"
0.000109857074339333,1.09864095272191,0.88,0.545,1,"5","E2f3"
0.000110829584021223,2.79810016861637,0.57,0.091,1,"5","Ccnf"
0.000112720188563506,1.41557960406184,0.87,0.565,1,"5","Tubb4b"
0.000114358338141289,0.420075200690122,0.604,0.366,1,"5","Emc8"
0.0001147127927483,1.43125289648533,0.456,0.163,1,"5","Gm16091"
0.000116049544215848,0.311994425122899,0.61,0.402,1,"5","Dlst"
0.000118491117158328,1.08303461215928,0.624,0.296,1,"5","Zfand4"
0.000122391490234814,0.241337108202324,0.724,0.516,1,"5","Tor1aip2"
0.000122973518647783,1.19871120261067,0.521,0.209,1,"5","Ddb2"
0.00012393010293872,0.568262485367682,0.934,0.674,1,"5","Ankrd28"
0.000124035043894815,1.8761615542737,0.583,0.163,1,"5","Ube2t"
0.000124166536768835,1.61224656081039,0.576,0.194,1,"5","Dbf4"
0.00012719863616521,0.530282723970643,0.787,0.536,1,"5","Rnps1"
0.000128529768920004,1.99674116545903,0.373,0.09,1,"5","1500009L16Rik"
0.000132869146271592,2.18611748814587,0.49,0.097,1,"5","Cenpu"
0.000133493021506611,1.20276177762933,0.878,0.459,1,"5","Slf1"
0.000134007434541611,0.880959561694457,0.66,0.355,1,"5","Meaf6"
0.000134972379350228,1.20608304750571,0.947,0.573,1,"5","Sae1"
0.000140984347650956,0.346449555247151,0.62,0.393,1,"5","Emc3"
0.000141358396893892,0.886959471961766,0.919,0.594,1,"5","Nup210"
0.000143148727158823,0.760962710644215,0.759,0.459,1,"5","Egfl7"
0.000143855059524742,0.636914468239763,0.77,0.483,1,"5","Tap1"
0.000144246367385199,0.968784320389038,0.733,0.393,1,"5","Hmgn5"
0.000146900177236532,0.480272732695968,0.581,0.235,1,"5","Slc29a1"
0.000154867716268225,0.943397616191669,0.43,0.202,1,"5","Zmynd19"
0.000155756802954873,0.658958144196194,0.837,0.54,1,"5","Cnot6"
0.000156757981101643,0.404461068653439,0.834,0.575,1,"5","Bzw2"
0.000156917171251947,1.80774387232926,0.357,0.077,1,"5","Rnf227"
0.000157419909559075,1.18790826875002,0.353,0.123,1,"5","Lmnb2"
0.000162983139250987,3.65151855400632,0.525,0.048,1,"5","Eldr"
0.000163997956995222,0.847429227718386,0.566,0.299,1,"5","Timm8a1"
0.000164057068581002,0.766488806280679,0.823,0.6,1,"5","Tpi1"
0.00016557410422799,0.493578380680733,0.567,0.35,1,"5","Mrps25"
0.000166026719696581,0.542023845257936,0.679,0.421,1,"5","Dcps"
0.000166067838165228,0.361803152397049,0.96,0.759,1,"5","Ssh2"
0.000172652079063484,0.861578335464088,0.955,0.691,1,"5","Smc3"
0.000175365346982897,1.06257223092981,0.81,0.539,1,"5","Selenoh"
0.000177288354406049,0.436827954975495,0.873,0.596,1,"5","Flt3"
0.000179088326702957,0.866600928997148,0.474,0.23,1,"5","Tubgcp2"
0.00018514332887043,0.758638235635961,0.824,0.503,1,"5","Snrnp40"
0.000186236328677898,0.782858951068736,0.94,0.672,1,"5","Supt16"
0.000191179629629391,2.00117732011072,0.41,0.094,1,"5","Haus5"
0.000192646218986772,1.2074153285078,0.77,0.477,1,"5","Dctpp1"
0.000200680152711106,2.08159206984345,0.458,0.099,1,"5","BC055324"
0.000202576942481064,3.09067408166579,0.255,0.024,1,"5","Ankle1"
0.000203300708270304,0.604201132609732,0.885,0.56,1,"5","Oxct1"
0.000204144833115852,0.975601646903279,0.899,0.564,1,"5","Ctdspl2"
0.00021135353340823,1.17527053510054,0.729,0.37,1,"5","Cdca7"
0.000212327344286099,0.593554410247702,0.789,0.501,1,"5","Taf1"
0.000216388518723071,1.0447773711008,0.829,0.462,1,"5","A630089N07Rik"
0.000218479896744859,2.33023159543892,0.438,0.083,1,"5","Mcm8"
0.000226245051096624,0.939586243375059,0.721,0.386,1,"5","Ttll5"
0.000230208436950443,2.50333020775303,0.425,0.074,1,"5","Dscc1"
0.000232136729206947,0.829524134116784,0.558,0.263,1,"5","Pole3"
0.000232383499838936,1.584122690793,0.443,0.075,1,"5","E2f2"
0.000240798226684362,0.453631042114343,0.83,0.621,1,"5","Bcl7c"
0.000243476452391076,0.571529534055832,0.487,0.27,1,"5","Sestd1"
0.000246315975185977,0.978842741592851,0.732,0.385,1,"5","Itgb3bp"
0.000254441219188053,0.693946893073623,0.938,0.702,1,"5","Faf1"
0.000257831631795574,0.474321233199201,0.797,0.525,1,"5","Lrrc8c"
0.000260686670062216,1.41739753600113,0.469,0.153,1,"5","Hist1h4i"
0.000268545594320565,0.217452675992863,0.658,0.439,1,"5","Asrgl1"
0.00027390342297144,0.946789442329271,0.644,0.33,1,"5","Naa40"
0.000277045848809986,0.907351423818244,0.5,0.228,1,"5","Nudt1"
0.000279889630119013,0.76542514302486,0.6,0.328,1,"5","Slc20a2"
0.000280287968061427,0.686307838297447,0.703,0.414,1,"5","Nsmce1"
0.000284434653971968,1.48904080803991,0.719,0.297,1,"5","Orc6"
0.000287915237013123,0.538587520389913,0.486,0.271,1,"5","Cdkn2aipnl"
0.00028853240387661,0.674845004038516,0.734,0.445,1,"5","Atrnl1"
0.000289304289150526,0.710664843127116,0.925,0.64,1,"5","Tcerg1"
0.00029228633955849,1.0907115728185,0.424,0.14,1,"5","Haus8"
0.000305508036424312,0.498502099998306,0.691,0.439,1,"5","Got2"
0.000312873903912772,0.723380297628923,0.962,0.736,1,"5","Cbx3"
0.00031702251139793,0.379482516634172,0.638,0.411,1,"5","Kcnk12"
0.000326943941643125,1.26778271711688,0.776,0.354,1,"5","Nup205"
0.000333228778944108,0.457439405139818,0.611,0.382,1,"5","Slc9a1"
0.000339266646139188,2.94759289835724,0.579,0.089,1,"5","Depdc1b"
0.000344194269858291,1.06589036512064,0.438,0.171,1,"5","Metrn"
0.000345378870735605,0.494116477953567,0.557,0.341,1,"5","Prr14"
0.000349242557881869,1.2580443851022,0.738,0.343,1,"5","Nup155"
0.00035212871514757,0.684879950756922,0.514,0.248,1,"5","Bckdk"
0.000359022590830376,0.399262217036312,0.689,0.438,1,"5","Sinhcaf"
0.000359413851360448,0.368079723984477,0.604,0.398,1,"5","Emd"
0.000364773020127554,0.814398768629419,0.793,0.468,1,"5","Xpo4"
0.000364990650013975,0.411659927374675,0.657,0.427,1,"5","Pphln1"
0.000375591173051357,1.07882471985033,0.465,0.188,1,"5","Cenpj"
0.000397161210289012,0.914900178462609,0.728,0.383,1,"5","Nup160"
0.000403006922688398,1.29729733190643,0.615,0.246,1,"5","Nup93"
0.000417058719799148,2.77975160016226,0.344,0.041,1,"5","Kif2c"
0.000426389794817904,1.05956522792912,0.585,0.258,1,"5","Etaa1"
0.000432580593990982,2.18488527199746,0.289,0.048,1,"5","Plk1"
0.000436947780141141,0.550799288571407,0.867,0.584,1,"5","Ipo11"
0.000443029172471909,0.604092180517541,0.686,0.411,1,"5","Slx4ip"
0.000451571769344517,0.800619831076103,0.655,0.36,1,"5","Orc2"
0.000455948758685431,0.652651755070945,0.779,0.518,1,"5","Cdc27"
0.000461925753432643,0.508719336506053,0.912,0.629,1,"5","Zfp704"
0.000475573180851497,3.53182597528559,0.323,0.029,1,"5","Rtkn2"
0.000480098099424226,0.298122593134462,0.555,0.333,1,"5","Tsen34"
0.000482443083213886,3.45345860944884,0.325,0.028,1,"5","Eme1"
0.000482443083213886,2.61035719078057,0.326,0.046,1,"5","Kif20a"
0.000485693689551632,1.15518146507288,0.887,0.498,1,"5","Cep192"
0.000488236815601595,1.14358458607001,0.944,0.636,1,"5","Rif1"
0.000515882842145238,1.05253501050496,0.49,0.219,1,"5","Exosc2"
0.000520498007973005,0.566853956631567,0.945,0.736,1,"5","Smarca5"
0.00052065050344755,1.37362905635824,0.566,0.221,1,"5","Ccdc57"
0.000520996988173726,0.706945433931399,0.82,0.505,1,"5","C2cd3"
0.000523275367083842,0.778112950168464,0.717,0.384,1,"5","Csrp1"
0.000524595870708162,1.06528431920915,0.544,0.246,1,"5","Rgs12"
0.000530617009550018,1.07668335463156,0.665,0.323,1,"5","Prdx4"
0.000549677525629425,0.48847315223083,0.89,0.676,1,"5","Tcp1"
0.000552701254652495,1.27000992580217,0.493,0.19,1,"5","Spata24"
0.000553658576401273,0.971914893222879,0.364,0.15,1,"5","Zw10"
0.000558572851348205,1.39477710899513,0.688,0.268,1,"5","Haus6"
0.00055967836382819,0.663456300198795,0.647,0.358,1,"5","Phtf1"
0.00055970334008634,0.444073378508152,0.625,0.381,1,"5","Sf3a1"
0.00056230999912325,0.528065743586449,0.78,0.558,1,"5","Satb1"
0.000569992674149767,0.507484580827795,0.352,0.125,1,"5","Tmem109"
0.000575619897125215,0.995862071422063,0.515,0.23,1,"5","Lrrc8b"
0.00058003105791218,0.965346116838332,0.691,0.355,1,"5","Mre11a"
0.000607783793824858,1.3529437996923,0.71,0.317,1,"5","Aarsd1"
0.000608122951675519,0.718357953970112,0.775,0.483,1,"5","Ppm1g"
0.000639490175533968,0.75113128828121,0.51,0.277,1,"5","Shisa8"
0.000641529951979387,0.425954874588186,0.523,0.293,1,"5","Rnf141"
0.000662182919338882,0.791976306026022,0.609,0.318,1,"5","Umps"
0.000672291518451789,1.94338278794586,0.468,0.101,1,"5","Ccnb2"
0.000703615599829648,0.898845057947581,0.693,0.346,1,"5","Chchd6"
0.000708032308198582,0.841147410172804,0.589,0.313,1,"5","Arl6ip6"
0.000708867210130529,0.618682987610771,0.906,0.69,1,"5","U2af1"
0.000712792124280329,0.616598416417339,0.918,0.653,1,"5","Rdx"
0.000727059406390069,0.565743330339363,0.494,0.285,1,"5","Thoc3"
0.000727059406390069,0.556275726531901,0.428,0.22,1,"5","Alad"
0.000766634140333281,0.80852900650967,0.81,0.508,1,"5","Tuba4a"
0.000771550915997609,0.65661996389463,0.853,0.567,1,"5","Naa50"
0.000772489314619858,0.557394567213571,0.646,0.368,1,"5","Cd48"
0.000774011017550768,0.320218700339617,0.741,0.519,1,"5","Mob2"
0.000781011923698065,1.49389883450684,0.51,0.192,1,"5","Foxd2os"
0.000781078204567846,0.985675832692709,0.781,0.422,1,"5","Ctdspl"
0.000786394094791022,0.279510625389957,0.659,0.451,1,"5","Map4"
0.000790764129312187,0.39128071364681,0.858,0.603,1,"5","Casp8"
0.000798639788176016,0.594919566251812,0.941,0.708,1,"5","Uhrf2"
0.000814413433538028,0.70388719449466,0.601,0.344,1,"5","Mfsd10"
0.000817935030529755,0.882922169409591,0.897,0.563,1,"5","Ubap2"
0.000817935030529755,0.659160593986376,0.865,0.581,1,"5","Srpk1"
0.000838637982836427,1.13147497657052,0.881,0.531,1,"5","Bcl2"
0.00084522019650018,0.198671678822069,0.677,0.475,1,"5","Mapkapk2"
0.000886402700516076,2.09810436527354,0.43,0.085,1,"5","Mnd1"
0.000887646471444443,1.12974967135834,0.47,0.185,1,"5","Suv39h1"
0.000889132222963816,0.73623221789658,0.463,0.207,1,"5","Cinp"
0.000895557127420098,1.69926267150337,0.62,0.198,1,"5","Rfc5"
0.000897241678773904,0.683848611807472,0.783,0.503,1,"5","Nrgn"
0.00089846471556611,1.28194506110931,0.479,0.189,1,"5","Pold2"
0.00090466604644879,0.541135444426561,0.652,0.394,1,"5","Nmt2"
0.000905919685793028,0.449754003956815,0.836,0.598,1,"5","Atp2a2"
0.000907957785919625,1.51831065375477,0.881,0.537,1,"5","Ckap5"
0.000913856464809922,0.657705515126168,0.512,0.298,1,"5","Dntt"
0.000921339551157611,0.935048338579971,0.629,0.314,1,"5","Rnaseh2a"
0.000927506395423097,3.01266586625164,0.389,0.04,1,"5","Ska3"
0.000933116724389185,2.02527070603683,0.563,0.168,1,"5","H1fx"
0.000937470318762966,0.340280524243426,0.692,0.449,1,"5","Elovl5"
0.000938658740789413,0.355865294343246,0.759,0.522,1,"5","Lars"
0.000938722028920754,1.66345605329847,0.585,0.191,1,"5","Mtbp"
0.000940127339455981,1.83263086858053,0.411,0.099,1,"5","Traip"
0.000941248251756998,1.68264039190769,0.503,0.141,1,"5","Gins1"
0.000942622349109444,0.269778366018172,0.834,0.594,1,"5","Hnrnpul1"
0.000946312202513451,0.648555623795885,0.513,0.298,1,"5","Tubgcp4"
0.000950687732748756,0.74961370709499,0.821,0.492,1,"5","Tiam1"
0.000981940987621908,1.53828653927919,0.341,0.104,1,"5","Rtel1"
0.000988861055436631,1.10086115391569,0.741,0.378,1,"5","Dgcr8"
0.00100365398760036,1.0819006527199,0.627,0.286,1,"5","Ppih"
0.00100857737497129,2.56125666011434,0.284,0.038,1,"5","Chtf18"
0.00101376711420727,1.07560405554944,0.848,0.501,1,"5","Usp37"
0.00101650909704747,0.829444064069671,0.831,0.547,1,"5","Jpt1"
0.0010167494519492,0.170705126389104,0.765,0.564,1,"5","Rapgef1"
0.00101722244600633,3.55525515193474,0.453,0.04,1,"5","Depdc1a"
0.00102061990570385,1.04174173192128,0.719,0.3,1,"5","Pkp4"
0.00103430142600222,1.37725255804118,0.579,0.219,1,"5","Pdss1"
0.00103726599051296,0.560375955236968,0.668,0.395,1,"5","Mrpl28"
0.00104429660351122,3.40391398033807,0.255,0.024,1,"5","Cdc25c"
0.00104986208496652,0.662650085718244,0.675,0.402,1,"5","Runx3"
0.00105359932093438,0.988491454596124,0.616,0.298,1,"5","Ubr7"
0.00108809135651774,2.83272336148595,0.362,0.041,1,"5","Foxm1"
0.00109380849164534,0.830226751624175,0.74,0.401,1,"5","Sept11"
0.00109460956874731,0.201339090930017,0.584,0.375,1,"5","Minpp1"
0.00111097999601702,0.572130680175467,0.622,0.301,1,"5","Fabp5"
0.00112173810879451,2.86848125160733,0.346,0.042,1,"5","Tcf19"
0.00114917669440253,0.851432368044059,0.409,0.184,1,"5","Ass1"
0.00116736669445513,0.584802332638843,0.895,0.629,1,"5","Sf3b3"
0.00120281018273815,0.836483267500835,0.644,0.349,1,"5","Msh3"
0.00121691654790131,1.77282281812895,0.469,0.154,1,"5","Cep112"
0.00121980254265539,2.31820451212845,0.588,0.139,1,"5","Ccdc18"
0.00124304421989901,0.761558298554548,0.852,0.598,1,"5","Pa2g4"
0.00124693834846599,1.71461143350094,0.47,0.161,1,"5","Ranbp17"
0.00124727373648898,0.972434555408417,0.753,0.383,1,"5","Ncaph2"
0.00125843967314852,0.720815379554004,0.779,0.489,1,"5","Rnaseh2c"
0.00129042356987643,0.887732240535989,0.617,0.33,1,"5","Msh6"
0.00129102058012834,0.552973663035449,0.529,0.32,1,"5","Utp20"
0.0013112664998497,1.97034818939476,0.299,0.065,1,"5","Tonsl"
0.00133867758928792,1.12978471610394,0.344,0.121,1,"5","Crybg3"
0.00134179496187872,0.808147375079305,0.562,0.301,1,"5","Galk1"
0.00136076824626602,1.96564738434352,0.334,0.073,1,"5","Haspin"
0.00136757857576715,1.13584824423551,0.463,0.199,1,"5","Odf2l"
0.00136860630461199,0.50943821597305,0.929,0.684,1,"5","Myo5a"
0.00136939439514227,0.249951902483588,0.674,0.459,1,"5","E130308A19Rik"
0.00137996150613743,0.757799029502298,0.756,0.455,1,"5","Atm"
0.00139250156445597,0.862583917208253,0.697,0.368,1,"5","Rpa3"
0.00139385920058611,1.4208948700218,0.298,0.093,1,"5","Jazf1"
0.00140878374771887,0.522438246012886,0.787,0.527,1,"5","Pias2"
0.00144726286558273,0.452146300632373,0.564,0.349,1,"5","Asf1a"
0.00145237235256039,0.854025502213784,0.781,0.44,1,"5","Nudt5"
0.00145869144604933,0.555843406739346,0.664,0.411,1,"5","Usp10"
0.00146718269117962,3.07625783464634,0.339,0.033,1,"5","Pimreg"
0.00148822618312091,0.854000092162599,0.862,0.646,1,"5","Nudc"
0.0014912978313605,1.00625906018927,0.805,0.5,1,"5","Alyref"
0.0015074195045445,0.756166861079894,0.893,0.56,1,"5","Atp10a"
0.00151628915876072,0.388758891984058,0.825,0.591,1,"5","Smg7"
0.00152506933903964,1.22930509880653,0.543,0.231,1,"5","Rnf157"
0.0015737020742245,1.06983461956988,0.498,0.199,1,"5","Mis12"
0.0015890791753044,0.875320228365943,0.562,0.283,1,"5","Net1"
0.00159763518994861,0.428623349218905,0.61,0.392,1,"5","Mrps26"
0.00160449113773042,0.972526669129314,0.842,0.481,1,"5","Trim37"
0.00161799272142542,2.39647319780727,0.522,0.187,1,"5","Gm42047"
0.00161799272142542,1.27728576440015,0.439,0.156,1,"5","Aaas"
0.00162894907460494,0.43165115695306,0.812,0.578,1,"5","Arpp19"
0.00163869276055368,0.583622672030174,0.771,0.49,1,"5","Qser1"
0.00165478346648877,0.182219405450558,0.714,0.462,1,"5","Tm6sf1"
0.00173566712505689,1.13682851655518,0.437,0.176,1,"5","Usp49"
0.00174955259488157,0.508500784808744,0.776,0.533,1,"5","Parp1"
0.00174955259488157,0.542501162467488,0.764,0.529,1,"5","Cenpx"
0.00177015415316756,0.951237466949637,0.749,0.389,1,"5","Exosc8"
0.00177837892215476,0.707091870795755,0.756,0.457,1,"5","Actl6a"
0.00183016604153257,0.526953238038094,0.735,0.495,1,"5","Phf5a"
0.00183874598329226,1.81616979619066,0.365,0.097,1,"5","Slfn3"
0.00185347571534446,1.27657607513441,0.768,0.34,1,"5","Rttn"
0.00186315259943008,0.686930486007574,0.946,0.678,1,"5","Mtf2"
0.00189181951429655,1.37348347486822,0.77,0.333,1,"5","Rangap1"
0.0018927374547008,0.928760910948539,0.801,0.472,1,"5","Brip1os"
0.00190754593529478,1.67349043490413,0.357,0.097,1,"5","Dsn1"
0.00190872336742641,0.655451429181254,0.555,0.221,1,"5","Dck"
0.00192473678777942,1.24261520246648,0.332,0.118,1,"5","Plekhg3"
0.00195345467486046,0.766949159137982,0.453,0.217,1,"5","Hmces"
0.00197093349587405,0.487611423550356,0.866,0.607,1,"5","Ankrd10"
0.00199566055281525,1.31807345389136,0.512,0.195,1,"5","Psat1"
0.00201756117200647,0.785641720247527,0.968,0.735,1,"5","Smarcc1"
0.00203712353445572,0.563263576134399,0.71,0.439,1,"5","Sf3a3"
0.002049574289589,0.172067174811527,0.788,0.585,1,"5","Usp48"
0.00210105818817799,0.579375653286585,0.643,0.387,1,"5","Zdhhc6"
0.00218258644690209,1.40317436092446,0.585,0.22,1,"5","Alg8"
0.00219517039541295,2.34457125223071,0.32,0.049,1,"5","Hist1h3c"
0.00220019173890059,0.576273798167814,0.499,0.284,1,"5","Ppif"
0.002214071731342,1.29802304678128,0.463,0.179,1,"5","Nup43"
0.00229019031381359,0.822854936541093,0.391,0.176,1,"5","Zmym1"
0.00229506963078432,0.630258382843337,0.732,0.478,1,"5","Rbmxl1"
0.00233716327271004,0.35969028384748,0.612,0.383,1,"5","Cebpg"
0.00237717902406501,0.539173639327666,0.612,0.339,1,"5","Arhgap10"
0.00239264885262419,0.525820335430768,0.713,0.497,1,"5","Mrpl14"
0.00239808451503538,0.858563711823084,0.875,0.552,1,"5","Uchl5"
0.00239977521031096,0.44430251879869,0.774,0.534,1,"5","Gtf2a2"
0.00242212317543146,1.12995054117367,0.904,0.514,1,"5","Mcph1"
0.00244870875708464,0.551250446420671,0.8,0.578,1,"5","Fkbp4"
0.00253020862569893,0.642435383840706,0.672,0.392,1,"5","3110082I17Rik"
0.00255841147101081,0.326995210753953,0.646,0.414,1,"5","Dcp2"
0.00259857441244316,1.47594186850745,0.656,0.269,1,"5","2610020C07Rik"
0.00263000795620896,1.29705499824238,0.593,0.242,1,"5","Pfas"
0.00265062836085567,1.32266904730121,0.451,0.227,1,"5","Hist1h4d"
0.00265429586373876,0.956581465101322,0.394,0.176,1,"5","Epha7"
0.00265645379208437,0.802695273171026,0.452,0.237,1,"5","Slc25a40"
0.0026851744540457,0.666725695500709,0.763,0.474,1,"5","Htt"
0.00269480331782077,0.423805500549937,0.507,0.306,1,"5","Hace1"
0.00270112897224466,0.319505201071809,0.865,0.652,1,"5","Tap2"
0.00276191660760333,0.264993102024889,0.825,0.608,1,"5","Smarcc2"
0.00276519430105063,0.54087094878344,0.754,0.47,1,"5","Kmt5a"
0.00281104811676271,0.49327797846652,0.941,0.707,1,"5","Chchd3"
0.00282967755841597,1.59462444960797,0.586,0.225,1,"5","Bora"
0.00284595233432639,0.573813610012625,0.632,0.394,1,"5","Amd1"
0.0028716874209901,1.10934210779867,0.531,0.236,1,"5","Fntb"
0.00289151660447247,0.817067408433754,0.887,0.569,1,"5","Kpna3"
0.00289465985033475,0.397241455345226,0.648,0.383,1,"5","Chn2"
0.00289465985033475,0.495153335346741,0.602,0.36,1,"5","Ppp1r7"
0.00295930741138042,0.501249155141457,0.559,0.338,1,"5","Katnbl1"
0.00306565724944937,0.53439936997832,0.522,0.302,1,"5","Itpa"
0.00307592022794206,0.572834095402803,0.894,0.664,1,"5","Hdgf"
0.00310192457164686,0.718786533748372,0.749,0.456,1,"5","Yeats2"
0.0031351995164411,0.719405102696774,0.716,0.417,1,"5","Pigu"
0.00314208841748219,0.480982553969388,0.602,0.356,1,"5","Uxs1"
0.00316258660915505,1.21643112865118,0.403,0.15,1,"5","4930503L19Rik"
0.00317474196195225,0.976044655411717,0.424,0.195,1,"5","Saal1"
0.00318286509073451,0.745663170298604,0.542,0.28,1,"5","Nedd1"
0.00320352354520556,0.328157145437143,0.797,0.541,1,"5","Vrk2"
0.00321523467111919,3.467243686182,0.248,0.021,1,"5","Troap"
0.00325724477025137,0.918431927238989,0.644,0.344,1,"5","Casp7"
0.00327110515894604,0.250680905720223,0.705,0.499,1,"5","Slc44a2"
0.0032784347204151,0.698214550392026,0.604,0.342,1,"5","Tyw1"
0.00338166123325714,0.723488792641487,0.405,0.196,1,"5","Shmt2"
0.00344642037971542,0.408347961221799,0.627,0.414,1,"5","Exosc3"
0.00347408847392865,1.21908810467551,0.795,0.389,1,"5","Mad1l1"
0.00348933229367162,0.619224679945063,0.997,0.784,1,"5","Rnf220"
0.00350798410428814,1.42880273489503,0.57,0.204,1,"5","Haus1"
0.00351114119156405,0.577728029250282,0.654,0.4,1,"5","Arhgap35"
0.00356845116775717,0.957570759628645,0.562,0.264,1,"5","Cnot9"
0.00363845954559078,0.420872777613168,0.429,0.195,1,"5","Gatm"
0.00373252455629712,0.259064947195514,0.845,0.641,1,"5","Dnajc8"
0.00373636101140317,0.660692531642581,0.835,0.552,1,"5","Pank2"
0.00377441924543837,0.486771559041302,0.604,0.365,1,"5","Hnrnpll"
0.00377743671805464,0.717243528359038,0.708,0.413,1,"5","Snhg4"
0.00379966327919614,0.525144303221432,0.642,0.401,1,"5","Osgep"
0.00383332978922226,1.08678510021711,0.931,0.547,1,"5","Xpo1"
0.00386281906071052,1.09446767659642,0.83,0.452,1,"5","Sfmbt1"
0.00388949192157457,0.569494260224692,0.782,0.516,1,"5","Slf2"
0.00389703946679085,0.634605184833683,0.856,0.55,1,"5","Taf3"
0.00401343065955723,1.42882087818626,0.836,0.421,1,"5","Cks2"
0.00408439590542852,0.332874510912819,0.715,0.473,1,"5","Dnm1l"
0.0040863625590415,0.597845959248553,0.742,0.453,1,"5","Eed"
0.00409980244888472,0.954775660116158,0.36,0.147,1,"5","Adamts3"
0.00410403216126805,0.66018948175073,0.769,0.486,1,"5","Stip1"
0.00412678189994267,0.194932138784883,0.63,0.429,1,"5","Plaa"
0.00414803432241967,1.27860037554575,0.626,0.251,1,"5","Nup107"
0.00415470732731569,1.00054267744508,0.613,0.304,1,"5","Dhrs4"
0.00415501558150382,0.813204200766303,0.866,0.568,1,"5","Anp32e"
0.00417084714619738,0.457997985678996,0.784,0.543,1,"5","Nfx1"
0.0042883435720422,0.641905554969191,0.567,0.357,1,"5","Srm"
0.0043243615151459,0.717709183696371,0.917,0.655,1,"5","Rbbp4"
0.00440084822096318,0.762506777570483,0.829,0.521,1,"5","Trim28"
0.00454191160956516,0.563858848782683,0.482,0.261,1,"5","Usp39"
0.00457755018066809,0.399614533936602,0.703,0.459,1,"5","Ap1s3"
0.00460305471948089,0.854558792872212,0.84,0.528,1,"5","Naa16"
0.00461554389287109,1.15635664859074,0.756,0.366,1,"5","Mbnl3"
0.00462892743289347,0.478150686259426,0.942,0.716,1,"5","Pcm1"
0.0046948295244569,0.770389552565162,0.838,0.579,1,"5","Phgdh"
0.00475589581275116,0.488120834124137,0.782,0.574,1,"5","Magoh"
0.00480373793332219,1.2508930570789,0.547,0.2,1,"5","Nup133"
0.00482230224848675,0.527479155632657,0.703,0.424,1,"5","BC035044"
0.0048929058807005,0.649573200004016,0.431,0.229,1,"5","Fmnl3"
0.00491873551566789,0.656252452448431,0.568,0.307,1,"5","Tsen15"
0.00495367918216986,0.324308962964459,0.768,0.554,1,"5","Rer1"
0.0050449410044977,0.693572895722855,0.483,0.247,1,"5","Gins4"
0.00509519953939804,0.580638280522731,0.747,0.474,1,"5","Dcaf1"
0.0051589056498968,0.914794477062933,0.526,0.243,1,"5","Tex30"
0.00516285981085349,0.471767558584182,0.926,0.718,1,"5","Nono"
0.00517073035678971,0.606802353720292,0.561,0.31,1,"5","Inip"
0.00533115289503215,1.13548387519976,0.585,0.271,1,"5","Rfc3"
0.00534638110672278,0.563577891818818,0.654,0.404,1,"5","Abi2"
0.00535275404828974,0.685596863230874,0.596,0.326,1,"5","Ccdc82"
0.00535555408158088,0.605904109711109,0.885,0.615,1,"5","Srsf10"
0.00537430573968686,0.540909275252672,0.893,0.592,1,"5","Arhgap32"
0.00538230718365568,0.403987992997395,0.816,0.581,1,"5","Hdac1"
0.00538230718365568,0.304656545808985,0.76,0.536,1,"5","Scaf4"
0.00538465873380688,0.815314197863466,0.488,0.247,1,"5","Sh3rf1"
0.00543209116665947,0.219498159208965,0.839,0.63,1,"5","Cdk8"
0.00547982972959533,0.582701907768188,0.856,0.588,1,"5","Gm4258"
0.00556022661109422,1.70297243543475,0.513,0.158,1,"5","Gas2l3"
0.00558357662301152,0.754111435115005,0.717,0.413,1,"5","Cep57"
0.00560426852881735,0.16555479679144,0.906,0.693,1,"5","Ankrd44"
0.00563662775982982,0.62168775636443,0.924,0.657,1,"5","Nop58"
0.00567848610702776,0.703920685947667,0.964,0.711,1,"5","Pds5b"
0.00570069319650252,0.324573813273961,0.753,0.525,1,"5","Xpo6"
0.00575621919013186,0.323490228448188,0.71,0.495,1,"5","Cops4"
0.00576979001678971,0.444272749549752,0.75,0.508,1,"5","Ppid"
0.0057796751594291,0.531231911835398,0.606,0.301,1,"5","Nkg7"
0.00580438007739835,0.363365104507277,0.632,0.417,1,"5","Larp7"
0.00580785881421277,0.461613220875407,0.82,0.597,1,"5","Cdv3"
0.00587296939117582,2.59218014763343,0.327,0.044,1,"5","Oip5"
0.00587497632830079,1.27098212543276,0.48,0.184,1,"5","Ddx11"
0.0058953971712687,0.339213667022164,0.742,0.502,1,"5","Sik2"
0.00599710579419069,0.57313788876695,0.509,0.286,1,"5","Sgf29"
0.00601323369026811,2.68958251558973,0.56,0.104,1,"5","Ckap2"
0.00604190621580725,1.1674445512451,0.566,0.244,1,"5","Nde1"
0.00606266706568544,0.50488664987508,0.908,0.665,1,"5","Srsf1"
0.00609183356204673,0.158362114613775,0.871,0.66,1,"5","Pdia6"
0.00618401305195448,0.557291162672851,0.468,0.259,1,"5","Plp2"
0.00620498102660732,2.19045844448528,0.261,0.053,1,"5","Neurl1b"
0.00626194514173854,0.915097950156728,0.588,0.28,1,"5","Cdc25a"
0.00626502127464271,0.640056941542385,0.758,0.481,1,"5","Msh2"
0.00632912246988832,0.547335797038353,0.558,0.334,1,"5","Cstf2"
0.00634531414312513,0.876960557632093,0.381,0.164,1,"5","Samd1"
0.00635340359086017,0.528419487395553,0.874,0.61,1,"5","Scmh1"
0.00636602883301157,0.593732816959327,0.954,0.749,1,"5","Srsf2"
0.00636865597555068,0.280731242469273,0.844,0.59,1,"5","Hmgn2"
0.00642137600904623,2.39026396886473,0.368,0.068,1,"5","Aurka"
0.00644658344390271,1.77788564494057,0.332,0.091,1,"5","Cenpl"
0.00647178055838345,0.513112008051009,0.609,0.378,1,"5","Kansl3"
0.0065567008693587,1.00037831575604,0.784,0.455,1,"5","Ipo5"
0.006640894682482,1.17079410472212,0.538,0.229,1,"5","Pms1"
0.006640894682482,0.73708462900951,0.595,0.318,1,"5","Oser1"
0.00666196602189065,0.12798027373817,0.849,0.645,1,"5","Sdha"
0.00671911130775981,1.33411548237239,0.443,0.163,1,"5","Neto2"
0.00676473297948057,0.24150662876662,0.886,0.65,1,"5","Ccdc88a"
0.00676639992105,0.134114179298907,0.849,0.645,1,"5","Slk"
0.00679382761021395,0.201469064740986,0.528,0.294,1,"5","Bcl7a"
0.00681659384986424,0.367059812312574,0.759,0.506,1,"5","Cyb5b"
0.0069731588108836,0.36390957574426,0.717,0.479,1,"5","Camta1"
0.0069731588108836,0.555689549499125,0.732,0.498,1,"5","Exosc5"
0.00698605598146105,0.77262881719359,0.482,0.252,1,"5","Dis3"
0.0070905013219292,0.184586156688536,0.791,0.584,1,"5","Polr2a"
0.00709311042682645,0.956121079014,0.804,0.444,1,"5","Wee1"
0.00713155535163954,0.698042410004019,0.931,0.728,1,"5","Hspd1"
0.00722105752164079,0.698789435305256,0.717,0.428,1,"5","Igfbp4"
0.00727471012874488,0.462546326466286,0.956,0.742,1,"5","Elf2"
0.00740810316144463,0.634866812303411,0.924,0.685,1,"5","Ctcf"
0.0077107570031808,0.280867308844044,0.809,0.575,1,"5","Fbxw7"
0.00771628878222201,0.756390785799993,0.447,0.223,1,"5","L2hgdh"
0.00776473594714193,0.834987818311098,0.627,0.338,1,"5","Mthfd1"
0.00776524544361631,0.688731304646469,0.829,0.572,1,"5","Brd8"
0.00783697898237917,1.25540812251606,0.37,0.127,1,"5","Hist1h1d"
0.00795199014156826,0.235227612002211,0.607,0.407,1,"5","Gcn1"
0.00813915207148883,0.90831058863656,0.571,0.271,1,"5","Mogs"
0.00813940489902891,0.669100086806177,0.531,0.276,1,"5","Sart3"
0.0081427416723138,0.479559227828158,0.766,0.485,1,"5","Khsrp"
0.0081442783136426,1.42233207273431,0.329,0.106,1,"5","Zc3hav1l"
0.00816692650227293,0.528466135834253,0.959,0.734,1,"5","Prkce"
0.00818052052335765,0.284931919780845,0.777,0.537,1,"5","Ncoa7"
0.00821905505015517,0.159327561428125,0.686,0.426,1,"5","Azin1"
0.00827650941952857,0.40594952060822,0.61,0.401,1,"5","S100pbp"
0.00830869784041062,1.07933228077674,0.466,0.192,1,"5","Mlkl"
0.00831082904364331,0.446178168463541,0.878,0.607,1,"5","Ivns1abp"
0.008360623207394,0.248520450149676,0.868,0.659,1,"5","Hprt"
0.0084044503576766,0.344252088734482,0.954,0.748,1,"5","Phf20l1"
0.00841856512005876,2.72568249419772,0.344,0.049,1,"5","Pask"
0.00854994340658023,0.392814890992345,0.928,0.728,1,"5","Srrm1"
0.00863168303368046,0.251906895095569,0.702,0.482,1,"5","Lsm5"
0.00868559829124258,0.541328137885345,0.605,0.359,1,"5","1500011B03Rik"
0.00868946103667725,0.869807341730153,0.699,0.389,1,"5","Nav1"
0.00881363480535508,0.349604193932012,0.642,0.426,1,"5","Farsa"
0.00883235207337576,0.574300245810919,0.471,0.269,1,"5","Wdr18"
0.00886204033523605,0.372958371212592,0.471,0.264,1,"5","Uap1"
0.00890338787092488,0.679766410308188,0.647,0.377,1,"5","Cnot10"
0.00890388595077877,0.442180031306925,0.847,0.611,1,"5","Ubn1"
0.00891406839281866,0.743776417801312,0.74,0.455,1,"5","Acaca"
0.00894795255728659,0.164771876499696,0.813,0.565,1,"5","Atp13a3"
0.00897430407443341,1.02135500163871,0.71,0.37,1,"5","Zfp934"
0.00904666644798383,0.62202798959617,0.835,0.514,1,"5","Srgap2"
0.0090745747171582,0.187781845990671,0.731,0.491,1,"5","Ppp1r12b"
0.00909052514008608,0.518042770646586,0.539,0.318,1,"5","Slc35a3"
0.00910248755308151,0.431224469139537,0.875,0.579,1,"5","AU020206"
0.00911356670079452,0.362760557586003,0.727,0.49,1,"5","Cnih4"
0.0092612083312539,0.649336652370688,0.647,0.362,1,"5","Slc22a3"
0.00930064644808694,0.272346948121882,0.672,0.435,1,"5","Nin"
0.00947922284326576,0.425649484128555,0.752,0.511,1,"5","Iws1"
0.00953692443107908,1.11827954312574,0.522,0.227,1,"5","Pms2"
0.00958027657738264,0.515023696969954,0.852,0.593,1,"5","Adk"
0.00958818628609325,1.35128301279719,0.715,0.325,1,"5","Cep295"
0.00964063159957952,2.24137280728735,0.42,0.078,1,"5","Poc1a"
0.00968102579838497,0.431048819484986,0.933,0.689,1,"5","Srek1"
0.00968673291214075,0.636421547509423,0.5,0.267,1,"5","Vps16"
0.00977578332662547,0.609361645049332,0.695,0.434,1,"5","Depdc5"
0.00983423122614084,2.23383780416017,0.357,0.067,1,"5","Cchcr1"
0.00989096480790558,0.595393796215496,0.626,0.369,1,"5","Cep97"
0.00995223191522417,0.262037847157935,0.521,0.298,1,"5","Oat"
1.75842092212127e-12,2.10029253541237,0.994,0.516,5.67706194706852e-08,"6","Slc9a9"
7.77145820531615e-12,2.10145365145483,0.999,0.592,2.50901528158632e-07,"6","Flt3"
1.87149417456619e-09,2.1256417514543,0.817,0.316,6.04211894258693e-05,"6","Cracr2a"
2.08544583038489e-09,2.68159416408468,0.69,0.141,6.73286186339761e-05,"6","Arpp21"
2.14583702687121e-09,3.65779114073557,0.655,0.099,6.9278348412537e-05,"6","Cmah"
2.58065507993025e-09,4.13653340171382,0.494,0.041,8.33164492555482e-05,"6","Slc18a1"
3.3361298218587e-09,2.15177524857089,0.826,0.23,0.000107706951298708,"6","Ncf1"
3.52268626620126e-09,1.74085571521726,1,0.77,0.000113729926104308,"6","Maml3"
8.06803131497996e-09,3.29730189270707,0.702,0.081,0.000260476391004128,"6","Gm30948"
1.30881775084969e-08,1.38440747044512,1,0.791,0.000422551810861823,"6","Mef2c"
1.59267083896859e-08,1.96358726578014,0.815,0.344,0.00051419378036101,"6","Notch1"
1.80471117303929e-08,1.17522419355186,0.977,0.748,0.000582651002215733,"6","Uvrag"
2.38308135216039e-08,1.94356375511749,0.977,0.55,0.000769377814544983,"6","Satb1"
3.43765866262904e-08,5.90960920745602,0.491,0.014,0.00110984809922978,"6","Gm19331"
4.1062694360655e-08,1.43820864059864,0.909,0.57,0.00132570908743375,"6","Peak1"
4.5716756363853e-08,3.44812985753089,0.382,0.04,0.00147596547920699,"6","Gm11342"
7.16476478197324e-08,1.10044424028618,0.855,0.502,0.00231314430986006,"6","Stk10"
1.11040203046163e-07,2.39978797334394,0.528,0.121,0.00358493295534538,"6","Ephb2"
1.11437091705638e-07,3.00355711922758,0.559,0.093,0.00359774650571654,"6","AA467197"
1.41076445274164e-07,1.20724551318238,0.962,0.692,0.0045546530356764,"6","Ankrd44"
1.41671390996367e-07,4.53683475275168,0.5,0.038,0.00457386085831772,"6","Ctnnd2"
1.50836931274137e-07,1.62648733893117,0.985,0.649,0.00486977032618552,"6","Emb"
1.66384757332373e-07,2.88369399957266,0.886,0.281,0.00537173189047565,"6","Dntt"
2.53290944272618e-07,2.39700317587546,0.679,0.186,0.00817749813584146,"6","Sema3d"
2.70527092614798e-07,2.2220116635879,0.816,0.394,0.00873396718506877,"6","Lztfl1"
2.77083328907199e-07,1.86945040026445,0.541,0.091,0.00894563527376891,"6","Tlr7"
3.28073862537333e-07,1.39623312186069,0.534,0.139,0.0105918646520178,"6","Sdc4"
3.52185015269026e-07,1.65250286390603,0.841,0.491,0.0113702932179605,"6","Hdac9"
4.08856566028938e-07,1.19247032081482,1,0.786,0.0131999342342443,"6","Rnf220"
4.55659440343656e-07,1.20948872816199,0.975,0.717,0.0147109650314949,"6","Mef2a"
5.4060873126516e-07,1.25950441432453,0.928,0.586,0.0174535528888957,"6","Pecam1"
6.46303456058854e-07,2.52656782669117,0.458,0.112,0.0208659070788601,"6","Fgf13"
7.14787592701673e-07,1.28667175991438,0.924,0.596,0.0230769174303735,"6","Esr1"
7.66670677302688e-07,0.876585513492642,0.984,0.761,0.0247519628167173,"6","Zmiz1"
7.71551956605071e-07,2.25390815595384,0.494,0.122,0.0249095549189947,"6","Ppm1e"
9.94183989241437e-07,1.19127951403872,0.761,0.358,0.0320972300926598,"6","Rbm47"
9.95546474435613e-07,2.21604485826662,0.867,0.371,0.0321412179271538,"6","Smad7"
1.49217822737907e-06,1.43172897068459,0.372,0.144,0.0481749740709333,"6","Baiap2"
1.51122395538447e-06,3.53476523576802,0.368,0.042,0.0487898653995876,"6","Mrvi1"
1.87929028652957e-06,1.15752828222441,0.972,0.728,0.0606728869006073,"6","Pip4k2a"
1.9372931595596e-06,2.03090440929753,0.836,0.344,0.0625455096563818,"6","Wfdc17"
2.14792976796794e-06,2.92908556321421,0.628,0.107,0.0693459125588448,"6","Cd33"
2.77869240128482e-06,0.878253139268127,0.857,0.504,0.0897100841754803,"6","Pou2f2"
3.52839906168558e-06,1.18952116945395,0.85,0.419,0.113914363706519,"6","BC035044"
5.82132149878179e-06,1.85811522150898,0.884,0.427,0.18794136458817,"6","Mctp2"
6.40897687851673e-06,1.80590641405281,0.612,0.243,0.206913818522913,"6","Pgr"
7.39044739317625e-06,1.07987618600736,0.675,0.221,0.238600594088695,"6","Evl"
8.19847476123302e-06,1.72737453435115,0.924,0.545,0.264687757666408,"6","Hoxa9"
8.2295887297636e-06,1.89520596433275,0.895,0.479,0.265692272140418,"6","Arhgef3"
8.84661673918614e-06,1.24688131490516,0.939,0.671,0.285613021424625,"6","Snx29"
1.0493565446196e-05,1.65863474749302,0.468,0.156,0.338784760430439,"6","Kynu"
1.17953377726054e-05,1.28281773865012,0.97,0.699,0.380812479988564,"6","Pag1"
1.40187630772694e-05,1.31898801187532,0.352,0.11,0.452595765949644,"6","Camsap2"
1.42062279175851e-05,0.694692818141134,0.761,0.473,0.458648068319235,"6","Mylip"
1.51216233997653e-05,0.779455058398209,0.902,0.607,0.488201611461424,"6","Cd37"
1.59404479567909e-05,5.8644730809436,0.36,0.017,0.514637362284994,"6","Gria2"
1.66779764132968e-05,2.5177026294414,0.907,0.319,0.538448468503289,"6","Il12a"
1.83523660275538e-05,1.42856377119162,0.816,0.42,0.592506137199575,"6","Rnf150"
2.07616775893359e-05,1.08647343661842,0.829,0.5,0.670290760971709,"6","Pstpip1"
2.29544346448641e-05,1.34590808886655,0.617,0.253,0.741083922509437,"6","Itgal"
2.57563837640216e-05,0.334040251598643,0.615,0.378,0.831544849821436,"6","Tbcel"
2.74869928277436e-05,0.780457923725546,0.706,0.431,0.887417563443703,"6","Fam214a"
2.82872758867684e-05,2.65745766238592,0.795,0.205,0.913254702004319,"6","Mn1"
2.95220611094458e-05,0.985481027074043,0.869,0.57,0.953119742918458,"6","Wdfy2"
3.17187571189596e-05,0.508358557024016,0.781,0.553,1,"6","Aim2"
3.53219725272481e-05,1.37372095365557,0.474,0.13,1,"6","Bank1"
3.66056710014401e-05,1.68334591695293,0.787,0.346,1,"6","Lax1"
3.93808786993046e-05,1.65063729965056,0.907,0.402,1,"6","Tespa1"
3.96978328304326e-05,1.3734370683297,0.792,0.417,1,"6","Klf3"
4.11248868445239e-05,0.971678961151362,0.736,0.456,1,"6","Xrcc6"
4.25088285586074e-05,0.242185954486879,0.818,0.554,1,"6","Rasgrp2"
4.44660024532533e-05,2.12775096504105,0.8,0.296,1,"6","Il1r1"
5.75046231375836e-05,2.19413925286434,0.398,0.109,1,"6","Sdc1"
5.90804377083988e-05,1.05670406283466,0.85,0.518,1,"6","Mgat1"
6.11302707577588e-05,4.32312175425094,0.365,0.031,1,"6","Ccr9"
6.34216635290536e-05,1.2934150464495,0.863,0.59,1,"6","Gm4258"
6.50475622222749e-05,2.79020047449184,0.277,0.043,1,"6","C030013G03Rik"
6.71021577811678e-05,0.976232737075494,0.496,0.272,1,"6","Ttc13"
6.77354278525766e-05,0.778600136320963,0.528,0.281,1,"6","Ppp3cc"
7.0907111012792e-05,1.30631062249854,0.375,0.159,1,"6","Gbp6"
7.20325882997256e-05,1.63391378920741,0.43,0.172,1,"6","Tshz3"
7.29291233651656e-05,3.2570085285699,0.513,0.079,1,"6","Actn2"
7.31846874013256e-05,2.45762193181861,0.342,0.08,1,"6","Ccl3"
7.44223940940952e-05,0.997940070632732,0.417,0.157,1,"6","Tpm4"
7.71034465839422e-05,0.961416060148046,0.763,0.407,1,"6","Cyth4"
7.98871471757322e-05,1.84172015999783,0.391,0.132,1,"6","Glis3"
8.61067905982704e-05,1.26193892248961,0.611,0.301,1,"6","Gm5111"
9.35436124076178e-05,1.09462084317512,0.988,0.779,1,"6","Tcf4"
9.4783511059148e-05,0.790866733921247,0.855,0.597,1,"6","Wipf1"
9.49677051248926e-05,1.16681502703201,0.341,0.114,1,"6","Card11"
0.000101687423378626,1.06844877784558,0.951,0.687,1,"6","Ifnar2"
0.000107291815877551,1.48453584624816,0.958,0.661,1,"6","St8sia4"
0.000113565297447586,0.735232407896081,0.704,0.308,1,"6","Rgl1"
0.000114424401441959,0.757818847032891,0.72,0.459,1,"6","Epb41l4b"
0.000120355289701006,2.17548317736251,0.261,0.059,1,"6","Spef2"
0.000122406968316213,1.00926969923589,0.68,0.367,1,"6","Il21r"
0.000126226969065105,1.03840800349386,0.977,0.728,1,"6","Phactr2"
0.000129208146895081,4.00290153785569,0.259,0.02,1,"6","Ighv1-77"
0.000130151224217956,2.42434088195707,0.603,0.152,1,"6","Ddx4"
0.000131818046076485,3.00040586999371,0.38,0.062,1,"6","Sstr2"
0.000136245047060717,0.620295522447985,0.83,0.597,1,"6","Rab3gap1"
0.000144009995793023,0.612338628902952,0.933,0.682,1,"6","Arhgap30"
0.000148535730712295,3.16342030730739,0.59,0.1,1,"6","Gm32554"
0.000151315739390426,1.79977866621993,0.412,0.14,1,"6","Bex6"
0.000164014724920389,1.00659013236343,0.998,0.75,1,"6","2610307P16Rik"
0.000166668643412444,0.824127604574487,0.937,0.722,1,"6","Itpr1"
0.000168948798082908,2.75382193416847,0.454,0.115,1,"6","Ankrd6"
0.000179233938008519,0.861799373814125,0.571,0.287,1,"6","Slc9a7"
0.000184687849341422,0.794388533015259,0.563,0.261,1,"6","Abi3"
0.000197799799340819,0.684284121484953,0.898,0.627,1,"6","Smap2"
0.000212527137377382,1.60104499478625,0.584,0.251,1,"6","Gab3"
0.00022460829854263,1.78085828728101,0.699,0.275,1,"6","Il18rap"
0.000240012961093292,1.49481123797268,0.464,0.2,1,"6","Btbd3"
0.000251064104091991,0.857107090702493,0.959,0.744,1,"6","Plac8"
0.000251609513831869,1.10583316646045,0.797,0.429,1,"6","Fbxw4"
0.000257277066853425,1.16199383286967,0.914,0.58,1,"6","Il17ra"
0.000274508646313532,2.03383710317985,0.271,0.056,1,"6","Sorcs2"
0.000277471588646898,0.739982764076585,0.548,0.292,1,"6","Rtp4"
0.000280287968061427,1.2565976902922,0.788,0.427,1,"6","Ggta1"
0.000284310646435983,0.581703097507728,0.793,0.556,1,"6","Rnf13"
0.000328126304309109,4.0883916609172,0.382,0.032,1,"6","St8sia1"
0.000330471070653403,0.738561971875486,0.821,0.526,1,"6","Chd3"
0.000334326734531572,1.60705944997904,0.269,0.055,1,"6","Il7r"
0.000336588297664562,1.43539396105233,0.733,0.447,1,"6","Ctr9"
0.000338890321572375,0.834440888080945,0.76,0.424,1,"6","Ablim1"
0.000342043724540833,1.9791556912822,0.483,0.202,1,"6","Ccl4"
0.000349437893817425,3.73436421615731,0.369,0.039,1,"6","Pacsin1"
0.000359948095430302,1.73704472784321,0.274,0.074,1,"6","Abtb2"
0.000390721255220093,0.586866402220969,0.639,0.406,1,"6","Runx3"
0.000396367465530155,3.2641118897293,0.377,0.052,1,"6","Pdzd4"
0.000429808931109216,0.542105109882091,0.638,0.417,1,"6","Pdk1"
0.000432055264474356,0.80473134268022,0.784,0.528,1,"6","Lrrc8c"
0.000492264871195461,1.0142723388782,0.995,0.728,1,"6","Runx2"
0.000534041281891479,1.02962800778453,0.906,0.605,1,"6","Rhoh"
0.000560657764539497,0.460380309817673,0.835,0.63,1,"6","Acap2"
0.000570592269719312,1.0225832784966,0.668,0.317,1,"6","Fgd2"
0.000617325739294926,0.83091167720731,0.667,0.354,1,"6","Rhoq"
0.000652300455335284,2.68389753258793,0.508,0.088,1,"6","Emp1"
0.000670384612740587,1.04676683746346,0.585,0.251,1,"6","Dhrs3"
0.000671003361535496,0.713918397404115,0.859,0.599,1,"6","Zfhx3"
0.000671032541101658,3.15770343981033,0.461,0.13,1,"6","Tmem158"
0.000716277352507224,1.28415837920695,0.439,0.171,1,"6","Milr1"
0.000721663781222248,0.877004120882526,0.667,0.326,1,"6","9930111J21Rik2"
0.00073282338390126,1.2627502061398,0.489,0.242,1,"6","Gm12064"
0.000739947822258245,0.709707377885935,0.429,0.227,1,"6","Cyb561a3"
0.00075526419415147,2.39004825364687,0.285,0.063,1,"6","Hlx"
0.000758415331157208,0.225363952714202,0.836,0.613,1,"6","Fyb"
0.000853210503367826,0.502001831712718,0.785,0.485,1,"6","Pik3ap1"
0.000866861925990817,0.806308125924221,0.588,0.339,1,"6","Slc16a7"
0.000882081260397397,1.31548535133462,0.685,0.371,1,"6","Ift57"
0.000889132222963816,1.54059955083193,0.534,0.228,1,"6","Sntb1"
0.000919548039474895,0.747869538914193,0.864,0.615,1,"6","Hmg20a"
0.000967137622670697,2.36195590540107,0.323,0.066,1,"6","Gprin3"
0.000976932107796091,0.771485522820635,0.714,0.417,1,"6","Rel"
0.00100191270097703,0.896586469388046,0.896,0.621,1,"6","Slc39a11"
0.00105226888906965,0.902785187841536,0.526,0.318,1,"6","Tanc1"
0.00108080551605563,0.481192936800383,0.709,0.496,1,"6","Itpr2"
0.00109309754983092,1.08182871239119,0.981,0.768,1,"6","Cdk19"
0.00111061906812896,0.697858111885768,0.94,0.692,1,"6","Rcsd1"
0.00113458491983884,0.483423325835989,0.774,0.545,1,"6","Cxxc5"
0.00114750640571406,0.795918743363937,0.982,0.766,1,"6","Plcg2"
0.00120823672807494,0.841442134815277,0.566,0.346,1,"6","Rpgrip1"
0.00121146329956541,0.934366973282076,0.734,0.473,1,"6","Cobll1"
0.0012189573952452,1.05995910023639,0.55,0.293,1,"6","Camk2a"
0.0012881723947639,0.927655412111257,0.522,0.301,1,"6","Cabcoco1"
0.00139237790881307,0.522101641481622,0.918,0.704,1,"6","Zmynd8"
0.00139559546827609,1.25515014176045,0.488,0.147,1,"6","Btla"
0.00142580964537659,1.08080169678026,0.884,0.587,1,"6","Tapt1"
0.00143379078000156,0.341512275704808,0.838,0.57,1,"6","Tcf7l2"
0.00145035058646206,1.9049301836583,0.343,0.076,1,"6","Ifi206"
0.00145237235256039,1.25234143606442,0.755,0.434,1,"6","Sema4d"
0.00145869144604933,0.982733321156636,0.733,0.464,1,"6","Tcof1"
0.00146969666878789,1.31490534769837,0.574,0.321,1,"6","Acvr2a"
0.00148148751326548,1.91276721484521,0.379,0.11,1,"6","Cnn3"
0.00148148751326548,0.812437665580698,0.391,0.162,1,"6","Rgs10"
0.0015074195045445,0.861636317369514,0.909,0.592,1,"6","Lsp1"
0.00152506933903964,1.56380252510021,0.66,0.257,1,"6","Jakmip1"
0.00155470335482756,0.709398429109996,0.972,0.745,1,"6","Arhgef18"
0.00159495453663656,0.562787556281009,0.361,0.159,1,"6","Tmcc3"
0.00167216495030195,2.83920792992177,0.401,0.088,1,"6","Wdr49"
0.00169964480617063,0.977914796665102,0.95,0.706,1,"6","Ern1"
0.00176997194107667,0.828257632568736,0.857,0.6,1,"6","Mta3"
0.00177010580840417,1.23579903954867,0.543,0.235,1,"6","Lat2"
0.00177428096974923,1.14682171877223,0.648,0.362,1,"6","Frmd6"
0.00182204848906454,0.783975618825353,0.942,0.722,1,"6","Map2k5"
0.00184505887371645,0.687153815934621,0.956,0.752,1,"6","Bbx"
0.00189134148763878,0.775470314336281,0.947,0.7,1,"6","Arhgap18"
0.00191017752343185,0.923481533430981,0.488,0.169,1,"6","Cd180"
0.00196522113698432,0.735131352705252,0.855,0.622,1,"6","Rfx3"
0.00201749817768665,1.07098955296483,0.963,0.687,1,"6","Map4k4"
0.00210920330683131,1.22193451764128,0.853,0.485,1,"6","Gpr171"
0.00217066511351837,0.838569195067824,0.949,0.744,1,"6","Zfand5"
0.00217904476863857,0.274760938704483,0.855,0.533,1,"6","Cd53"
0.00218347162360519,2.106276328296,0.315,0.102,1,"6","Vegfa"
0.00219799037066939,1.53342397263171,0.604,0.285,1,"6","Ppm1l"
0.00225261586042185,1.13230568860578,0.993,0.783,1,"6","Bcl11a"
0.00225342968762656,0.604553148932409,0.787,0.453,1,"6","Slc43a2"
0.00230062360789093,0.602048231280786,0.502,0.296,1,"6","Rnf141"
0.00232358284017184,0.923689079471894,0.615,0.331,1,"6","5031439G07Rik"
0.00233195677176225,3.70545963427343,0.331,0.035,1,"6","Lpar1"
0.00233307956236766,0.629731916014428,0.896,0.677,1,"6","Sp100"
0.0023710780570103,0.667773992432739,0.528,0.254,1,"6","Slc29a3"
0.00241048701339346,0.726508648784038,0.709,0.465,1,"6","Itpk1"
0.00246296531518861,0.823410135179781,0.786,0.502,1,"6","Ptp4a3"
0.00256372701650107,1.278398729032,0.374,0.165,1,"6","Sla2"
0.00257247695278907,1.98538849921832,0.352,0.107,1,"6","5830418P13Rik"
0.00259655270069727,0.966290503511806,0.949,0.633,1,"6","Ccser1"
0.00265002717588925,0.667282341814554,0.899,0.632,1,"6","Stat4"
0.00265483539724974,0.487437228900629,0.812,0.57,1,"6","Ppdpf"
0.00272533917614202,0.480225933802677,0.765,0.545,1,"6","Camk2g"
0.0027494799475641,1.44211173015548,0.392,0.145,1,"6","Haao"
0.00281107140057586,0.795480839116524,0.783,0.461,1,"6","Tm6sf1"
0.00282854907879107,1.24562930806626,0.654,0.309,1,"6","Tle3"
0.00286358929060269,0.383121646705646,0.687,0.469,1,"6","Arl8b"
0.00298230684058005,0.241239685026292,0.813,0.591,1,"6","Slc6a6"
0.00298476690522574,1.19944030510636,0.362,0.161,1,"6","Nim1k"
0.00299180243257156,1.53094703640117,0.678,0.293,1,"6","Ralgps1"
0.003024580671328,0.6925630808119,0.538,0.326,1,"6","Fyco1"
0.00333834060845814,0.159267924329406,0.886,0.527,1,"6","Cd52"
0.0033912715918932,0.977449788545228,0.631,0.342,1,"6","Rasa4"
0.00341720241067128,0.880411166710293,0.976,0.728,1,"6","Ramp1"
0.00349729598617142,0.614678110737121,0.961,0.751,1,"6","Mndal"
0.00358323118220008,3.42003731029833,0.271,0.031,1,"6","1700003C15Rik"
0.00376575866641364,1.50936712217245,0.495,0.187,1,"6","Ubash3a"
0.00395239388822914,0.446293245337916,0.844,0.605,1,"6","Napsa"
0.00395712412449446,0.425129366001378,0.635,0.43,1,"6","Chm"
0.00398896670021707,0.549170944591185,0.849,0.6,1,"6","Tnrc18"
0.00409601609129389,1.84767996648179,0.314,0.092,1,"6","Pygm"
0.00411395366964999,0.65077841645926,0.918,0.685,1,"6","Usp3"
0.00426188411522812,0.476320679541555,0.681,0.405,1,"6","Ppp1r18"
0.00479316550180736,1.27429146760091,0.542,0.249,1,"6","Vamp1"
0.0047992589443412,0.690407179490657,0.623,0.397,1,"6","Amd1"
0.0048474478692377,0.913765448185369,0.821,0.55,1,"6","L3mbtl3"
0.00490880075124188,0.897185881768666,0.795,0.443,1,"6","Mtss1"
0.00493625836166784,3.35395993731407,0.244,0.032,1,"6","Cmya5"
0.00520191483588159,0.429191486532709,0.919,0.693,1,"6","Camk2d"
0.00521754600185721,1.47910864929682,0.362,0.159,1,"6","Dennd2a"
0.00529172041348509,1.07410325284826,0.991,0.751,1,"6","Parp8"
0.00552916307306333,1.23473146647293,0.397,0.162,1,"6","Arhgef10"
0.00563174880662543,0.971212616836504,0.686,0.374,1,"6","Rasal3"
0.00585083911221806,1.39061443541821,0.388,0.13,1,"6","Rara"
0.00585292787361661,0.572896142848743,0.958,0.754,1,"6","Sik3"
0.00585307602583801,1.08021906412655,0.955,0.697,1,"6","Calcrl"
0.00585952639778496,0.858141476811117,0.674,0.403,1,"6","Dusp2"
0.00599904815132069,0.448195571660526,0.789,0.573,1,"6","Sirt3"
0.00601176784311444,0.836107029507797,0.732,0.445,1,"6","Ldlrad4"
0.00616109246864478,0.65399822754083,0.662,0.432,1,"6","Adamts10"
0.00638165508358201,0.633069361720598,0.741,0.516,1,"6","Atf6"
0.00640301777124714,0.664598451189258,0.625,0.37,1,"6","Npc1"
0.00680106909970512,0.697130533775083,0.632,0.413,1,"6","Kcnk12"
0.0068374352972517,0.261949193487085,0.574,0.347,1,"6","Otulinl"
0.00692571392523456,0.564923799502343,0.872,0.638,1,"6","Notch2"
0.00703549089271443,0.470222005795694,0.778,0.543,1,"6","Tnik"
0.0070905013219292,0.938799682394822,0.727,0.423,1,"6","Abr"
0.00729191568127738,0.65246214730091,0.712,0.45,1,"6","Rnf114"
0.00732530951397046,0.964754722112044,0.533,0.281,1,"6","Sh2d3c"
0.00747441250651689,5.95045831346918,0.234,0.008,1,"6","Ntng1"
0.00751203683930041,0.723471487801558,0.813,0.539,1,"6","Adcy7"
0.00803301273828831,0.440801648571657,0.692,0.473,1,"6","Mfng"
0.00813974586790023,0.824335141988358,0.551,0.303,1,"6","Il6ra"
0.00815882605334331,2.0182043172303,0.533,0.161,1,"6","Tbxa2r"
0.00819802900700872,0.481063022567656,0.863,0.595,1,"6","Myl10"
0.0083863401019128,1.0212165330758,0.626,0.337,1,"6","Slfn8"
0.00851605634078746,0.845834240481863,0.443,0.22,1,"6","Tecpr1"
0.00879254923198391,1.99440845220845,0.353,0.142,1,"6","Npas2"
0.00905379505737328,0.43289699511137,0.835,0.619,1,"6","Lyst"
0.00948245271442803,1.13050630707997,0.433,0.189,1,"6","Nlrc3"
0.00948245271442803,1.00634920131545,0.452,0.223,1,"6","Slc49a4"
0.00973212858358882,2.95837053923929,0.452,0.088,1,"6","Wfdc18"
0.00987551342376773,1.79007259121799,0.246,0.044,1,"6","Rag2"
0.00991229441915041,0.359461521647664,0.81,0.61,1,"6","Golgb1"
2.28819613193394e-10,1.45113612768937,0.99,0.722,7.38744121194872e-06,"7","Nrxn1"
1.13378233569117e-09,1.35910648071127,0.983,0.689,3.66041627077896e-05,"7","Mecom"
1.93504993323031e-09,1.38559194112121,0.936,0.685,6.24730870943405e-05,"7","Mir99ahg"
4.57814152656844e-08,1.37559309289768,0.994,0.744,0.00147805299185262,"7","Meis1"
5.26196276478002e-08,1.1870495265168,0.983,0.719,0.00169882467860923,"7","Gcnt2"
6.59021010314504e-08,1.40915513176136,0.992,0.742,0.00212764933180038,"7","Angpt1"
9.31189870079488e-08,1.26601169746926,0.988,0.741,0.00300634649555163,"7","Adgrl4"
1.13287220368793e-07,1.25125533736888,0.904,0.684,0.00365747790960648,"7","Ikzf2"
3.40688019623947e-07,2.19356913646036,0.769,0.551,0.0109991127135591,"7","Gm16599"
3.85558345638828e-07,1.12857284985128,0.936,0.731,0.0124477511889496,"7","Runx2"
6.2259343637157e-07,1.28269480828884,0.942,0.691,0.0201004290932561,"7","Cacnb2"
1.09175711675314e-06,1.14827374394456,0.981,0.751,0.035247378514375,"7","2610307P16Rik"
1.31376627652031e-06,0.924288978423703,0.938,0.692,0.0424149442374581,"7","Hlf"
1.88959359960256e-06,1.21610597996236,0.871,0.637,0.0610055293631687,"7","Ccser1"
5.13767236515154e-06,1.37377374495559,0.893,0.621,0.165869752308918,"7","Prkg1"
1.50298649703223e-05,1.31120671349676,0.9,0.673,0.485239190566855,"7","Pard3b"
2.95187380726347e-05,1.3528345556339,0.819,0.571,0.953012458675012,"7","Samd12"
0.000314997833886417,2.65526707585258,0.496,0.282,1,"7","Gm15261"
0.00516145904154442,1.49810665225313,0.663,0.456,1,"7","Trpc6"
4.1833631110675e-19,5.07935868912954,0.916,0.041,1.35059878040814e-14,"8","Igsf6"
8.64730755105888e-19,4.71336961481528,0.928,0.074,2.79178324285936e-14,"8","Anxa3"
2.89991667474295e-18,6.89311990737376,0.878,0.011,9.36238098440761e-14,"8","C3"
4.04772632424968e-17,7.78587759054705,0.89,0.009,1.30680844378401e-12,"8","Trem3"
6.94531790484573e-17,9.47136094051153,0.82,0.044,2.24229588557944e-12,"8","Lcn2"
8.36445757099838e-17,5.08215601106612,0.94,0.081,2.70046512679683e-12,"8","Ly6c2"
9.33684989006009e-17,7.71695482314735,0.951,0.025,3.0144019870059e-12,"8","Hp"
2.16655879600785e-16,4.73192946052825,0.868,0.075,6.99473507291134e-12,"8","Cebpd"
2.28779886810124e-16,8.10282816175714,0.844,0.011,7.38615864566485e-12,"8","Cebpe"
2.32055867721614e-16,3.01868342220152,0.956,0.465,7.49192368939232e-12,"8","Lta4h"
3.1504397388451e-16,6.65072783851821,0.824,0.026,1.01711946968614e-11,"8","Rflnb"
5.11245240666419e-16,6.80408967500794,0.804,0.017,1.65055525949153e-11,"8","Ncam1"
6.12899712677446e-16,3.95939794386529,0.908,0.153,1.97874672237914e-11,"8","F630028O10Rik"
7.36836833460663e-16,8.94133370818202,0.841,0.02,2.37887771682775e-11,"8","Wfdc21"
7.36836833460663e-16,9.30806645733403,0.819,0.003,2.37887771682775e-11,"8","Abca13"
7.36836833460663e-16,5.92851793302136,0.844,0.042,2.37887771682775e-11,"8","Ltb4r1"
1.41967904291316e-15,2.71816582176086,0.951,0.193,4.58343379004514e-11,"8","Clec12a"
2.06949482571356e-15,4.11097181502113,0.831,0.172,6.68136404481623e-11,"8","Adpgk"
2.32129917195101e-15,9.31758239009779,0.782,0.006,7.49431437664383e-11,"8","Fcnb"
2.96411061690253e-15,9.28948874304637,0.813,0.039,9.56963112666982e-11,"8","Chil3"
3.6529348163004e-15,2.73666534068856,0.986,0.773,1.17935000544258e-10,"8","Hmgb2"
4.23375725634602e-15,2.39627117014279,0.937,0.507,1.36686853021131e-10,"8","Tuba4a"
5.88463735404784e-15,3.34912823147529,0.956,0.502,1.89985516975435e-10,"8","Serpinb1a"
7.1560667128512e-15,5.80321909786061,0.837,0.065,2.31033613824401e-10,"8","Ms4a3"
7.26622206678486e-15,1.89617053018083,0.96,0.654,2.34589979426149e-10,"8","Alox5ap"
7.92546724749621e-15,3.21335260296699,0.947,0.41,2.55873710085415e-10,"8","Dstn"
9.46292563529986e-15,3.47694577481236,0.865,0.088,3.05510554135656e-10,"8","Rab44"
1.49725893604615e-14,3.56768681929112,0.973,0.426,4.83390047502498e-10,"8","Gsr"
1.88665168308219e-14,2.21942620985845,0.856,0.217,6.09105495883085e-10,"8","Mki67"
1.92914247405039e-14,1.86972181484178,0.983,0.765,6.22823647747169e-10,"8","Tkt"
1.95682270473748e-14,3.63530684055944,0.958,0.589,6.31760210224496e-10,"8","Hmgn2"
2.15961777805466e-14,6.05665554691961,0.783,0.011,6.97232599644947e-10,"8","Sgms2"
2.15961777805466e-14,7.68277012878035,0.773,0.006,6.97232599644947e-10,"8","Mcemp1"
2.43834712463815e-14,6.38428864760572,0.874,0.219,7.87220369189426e-10,"8","Pglyrp1"
2.47762851521908e-14,3.2248998977782,0.918,0.271,7.99902366138481e-10,"8","Ckap4"
2.57625592462016e-14,9.70216880525778,0.781,0.098,8.3174422526362e-10,"8","Ngp"
3.48946586694064e-14,3.80927261283759,0.878,0.111,1.12657405514179e-09,"8","Cybb"
3.61591475659459e-14,3.53775882107429,0.879,0.078,1.16739807916656e-09,"8","Gda"
3.95256490903979e-14,2.79854909156146,0.953,0.248,1.2760855808835e-09,"8","Atp8b4"
4.34453884319083e-14,2.99716914996449,0.946,0.329,1.40263436552416e-09,"8","Ap3s1"
4.58596452419066e-14,3.50606063569472,0.933,0.23,1.48057864663496e-09,"8","Ncf1"
6.40279182136938e-14,2.53326064816465,0.928,0.324,2.06714133952911e-09,"8","Pgd"
8.30148415130367e-14,4.1912721592852,0.783,0.097,2.68013415824839e-09,"8","Gca"
8.39243677204157e-14,2.69812019663039,0.947,0.695,2.70949821185362e-09,"8","S100a11"
8.93515696485677e-14,3.45679694976863,0.939,0.244,2.88471542610401e-09,"8","Msrb1"
1.40843239065243e-13,9.04722283781548,0.917,0.378,4.54712397322136e-09,"8","S100a8"
1.72602570092802e-13,3.48580074662211,0.885,0.261,5.57247397544612e-09,"8","Ncf4"
1.84822816550381e-13,7.94516084623251,0.722,0.002,5.96700463232905e-09,"8","Lrg1"
1.84822816550381e-13,6.5697152448402,0.679,0.011,5.96700463232905e-09,"8","G0s2"
1.8821016121346e-13,9.14671591996297,0.91,0.454,6.07636505477656e-09,"8","S100a9"
1.91695813255825e-13,2.92224221693974,0.826,0.149,6.18889933096432e-09,"8","Megf9"
2.75954837884047e-13,1.6663066508734,0.932,0.58,8.90920194108647e-09,"8","Lamtor4"
2.79909638981503e-13,2.50440320200116,0.89,0.31,9.03688269451783e-09,"8","Pygl"
3.4177959229519e-13,9.45629356515372,0.821,0.203,1.10343541372502e-08,"8","Camp"
4.20745284301956e-13,7.84000611149437,0.773,0.004,1.35837615036887e-08,"8","Clec5a"
4.22825902065842e-13,3.60783940824652,0.866,0.189,1.36509342481957e-08,"8","Alas1"
5.25130074354275e-13,4.91659437611146,0.93,0.39,1.69538244505278e-08,"8","Anxa1"
5.8852067161087e-13,2.72825459262385,0.769,0.147,1.9000389882957e-08,"8","Pclaf"
7.14245212769127e-13,3.75784200185565,0.952,0.604,2.30594066942513e-08,"8","Prdx5"
7.2709078259897e-13,1.78908696739927,0.865,0.5,2.34741259162077e-08,"8","Cpne3"
9.95668051412858e-13,2.30122810992775,0.651,0.138,3.21451430398641e-08,"8","Galns"
1.29800577084951e-12,1.78095666478476,0.899,0.445,4.19061163118763e-08,"8","Tfdp1"
1.4596356695917e-12,5.1223834569461,0.685,0.015,4.7124337592768e-08,"8","Hdc"
2.20908862562136e-12,1.86607352025255,0.972,0.729,7.13204262781855e-08,"8","Gpi1"
2.24500430219174e-12,2.92046451199988,0.743,0.168,7.24799638962602e-08,"8","Gsn"
2.50299361249591e-12,4.65535337447249,0.778,0.054,8.08091487794303e-08,"8","Hsd11b1"
2.55435635181904e-12,4.3162443399178,0.809,0.128,8.24673948184776e-08,"8","Rgcc"
2.62449946632445e-12,3.71689237213109,0.764,0.097,8.47319652702848e-08,"8","Abhd5"
2.7031777369453e-12,2.41810953770016,0.703,0.105,8.7272093237279e-08,"8","Dok3"
3.26994998945753e-12,1.81061222493392,0.928,0.593,1.05570335409636e-07,"8","Aprt"
3.65448194056039e-12,9.85104067565479,0.658,0.002,1.17984949450992e-07,"8","Cd177"
3.79152512882908e-12,3.20044946205219,0.734,0.107,1.22409388784247e-07,"8","Rrm2"
3.98409133192312e-12,1.64782398856845,0.591,0.037,1.28626388651138e-07,"8","Pilrb2"
4.46581525277694e-12,2.58322630575373,0.861,0.256,1.44178845435903e-07,"8","Ero1l"
4.61332999699841e-12,2.26372006281359,0.966,0.755,1.48941358953094e-07,"8","Cyba"
5.2817790494519e-12,3.89357829957969,0.808,0.063,1.70522236611555e-07,"8","Aoah"
5.33736294023754e-12,2.68922965651687,0.75,0.132,1.72316762525569e-07,"8","Cdca8"
6.54136808415863e-12,4.23884310333602,0.955,0.686,2.11188068597061e-07,"8","Lyz2"
6.96780859977358e-12,1.66731956768688,0.851,0.229,2.2495570064369e-07,"8","Prkcb"
7.31741807543221e-12,3.49780537225362,0.753,0.057,2.36242842565329e-07,"8","Slpi"
7.31741807543221e-12,2.72888485385229,0.741,0.127,2.36242842565329e-07,"8","Birc5"
9.08344641416946e-12,1.22525413898006,0.849,0.356,2.93259067481461e-07,"8","Rhog"
1.00364757897467e-11,2.35507763373004,0.851,0.325,3.24027620871973e-07,"8","Pgp"
1.06708172026467e-11,9.67912537210527,0.628,0.024,3.44507333387448e-07,"8","Ltf"
1.06708172026467e-11,8.94402578532931,0.599,0.001,3.44507333387448e-07,"8","Rhou"
1.2867937601977e-11,2.7535712646563,0.853,0.341,4.15441365479829e-07,"8","Cd9"
1.45426053161953e-11,2.07654081681383,0.967,0.74,4.69508012633364e-07,"8","Rac2"
1.60104638549085e-11,2.17367134592922,0.616,0.101,5.16897825555721e-07,"8","Neil3"
1.65713425779617e-11,1.58116130906099,0.876,0.324,5.35005795129494e-07,"8","Mgst1"
1.67130303246236e-11,3.36023329903514,0.851,0.176,5.39580184030474e-07,"8","Pnkp"
1.74186303444369e-11,1.8774615200214,0.84,0.32,5.62360480670145e-07,"8","Acsl1"
2.04218802352214e-11,3.24290814230089,0.833,0.266,6.59320403394122e-07,"8","Itgam"
2.72998017145638e-11,1.85014556471683,0.933,0.639,8.81374098354693e-07,"8","1810037I17Rik"
2.80553343944981e-11,10.1101317114564,0.627,0.001,9.0576647092637e-07,"8","4930438A08Rik"
2.80553343944981e-11,8.45965023771817,0.596,0.004,9.0576647092637e-07,"8","Aff2"
2.80553343944981e-11,7.91800431241931,0.557,0.002,9.0576647092637e-07,"8","Mrgpra2b"
2.92993870564107e-11,1.84120860620971,0.947,0.584,9.45930711116219e-07,"8","Pgam1"
2.97463351185451e-11,5.98449632321467,0.578,0.023,9.60360429302228e-07,"8","Chil1"
3.12162332031232e-11,3.9978492980064,0.867,0.43,1.00781608896283e-06,"8","Syne1"
3.92484854293793e-11,3.04066969343221,0.838,0.187,1.26713735208751e-06,"8","Sorl1"
4.31578225475702e-11,2.59114284903334,0.663,0.089,1.3933503009483e-06,"8","Cdca3"
5.47196396826283e-11,3.13247288626533,0.856,0.202,1.76662356715365e-06,"8","Mgst2"
5.84157503418461e-11,2.45807697784253,0.872,0.318,1.8859524997865e-06,"8","Glrx"
7.24347747875375e-11,7.63928564348926,0.679,0.003,2.33855670401565e-06,"8","Prom1"
7.24347747875375e-11,1.99234218686753,0.734,0.076,2.33855670401565e-06,"8","Hvcn1"
7.24347747875375e-11,8.89940685282721,0.611,0.002,2.33855670401565e-06,"8","Itgb2l"
7.82902667738782e-11,4.52776230112993,0.74,0.062,2.52760126279466e-06,"8","Pram1"
8.46343814391687e-11,2.66863297555516,0.604,0.084,2.73242100476356e-06,"8","Ptgr1"
9.51971877513177e-11,3.25676987057273,0.816,0.059,3.07344120655129e-06,"8","Clec4a2"
1.07549071545843e-10,1.86959339769952,0.907,0.432,3.47222177485754e-06,"8","Cdk2ap2"
1.08880917746434e-10,2.52951261849533,0.828,0.27,3.51522042944362e-06,"8","Tbc1d8"
1.21393059659923e-10,1.82213440528943,0.602,0.138,3.91917493112062e-06,"8","Kif11"
1.4052530153241e-10,2.02784817383678,0.731,0.087,4.53685935997385e-06,"8","Hck"
1.47079445184496e-10,1.7200005079218,0.652,0.148,4.74845988778147e-06,"8","Neu1"
1.47894543029955e-10,1.46365796562479,0.961,0.756,4.7747753217221e-06,"8","Taldo1"
1.60916943894757e-10,6.43159400193,0.636,0.006,5.19520353364224e-06,"8","Cldn15"
1.65587874655777e-10,4.51050544538172,0.752,0.038,5.34600453326175e-06,"8","Mtus1"
1.72193833519161e-10,1.63716875227506,0.876,0.282,5.55927791516612e-06,"8","App"
1.78711338390301e-10,2.07430481150738,0.883,0.425,5.76969555993087e-06,"8","Cks2"
1.83719818514527e-10,8.56516913709274,0.587,0.002,5.93139434074149e-06,"8","Slco4c1"
1.83719818514527e-10,7.48358856629129,0.545,0.002,5.93139434074149e-06,"8","Olr1"
2.09567882005185e-10,2.18969379743173,0.94,0.527,6.7658990705374e-06,"8","Cd52"
2.39546968459817e-10,3.12992700102901,0.647,0.06,7.7337738767252e-06,"8","Dram1"
2.46495304441365e-10,1.92894897104903,0.898,0.619,7.95810090388948e-06,"8","Cd63"
2.78549387024682e-10,2.5507393812337,0.803,0.3,8.99296696009185e-06,"8","Vcl"
2.80153999874403e-10,2.2017299212531,0.946,0.427,9.04477188594509e-06,"8","Nin"
3.43406691725149e-10,1.57062439224663,0.944,0.678,1.10868850423464e-05,"8","Scp2"
4.03918244405247e-10,2.06490571517173,0.837,0.189,1.30405005206234e-05,"8","Vsir"
4.79980973071754e-10,2.08539598033222,0.882,0.406,1.54961857156216e-05,"8","Eno1"
4.9620778570237e-10,5.73453049573813,0.72,0.021,1.6020068361401e-05,"8","1700020L24Rik"
5.20900811478626e-10,7.93499760617932,0.537,0.014,1.68172826985874e-05,"8","Ifitm6"
5.84478290185453e-10,2.33727045675306,0.674,0.098,1.88698815986373e-05,"8","Ccnb2"
7.17000599462032e-10,2.69012919729506,0.644,0.098,2.31483643536317e-05,"8","Pstpip2"
7.70135926792145e-10,2.5161346347343,0.663,0.145,2.48638383964844e-05,"8","Ppm1m"
7.87372788785174e-10,2.35022802311674,0.633,0.157,2.54203304859293e-05,"8","Slc22a15"
9.6321822173925e-10,0.9175592757557,0.94,0.729,3.10975002888517e-05,"8","Ppp1ca"
1.02687187771368e-09,1.36641290558725,0.958,0.62,3.31525585719861e-05,"8","Spi1"
1.12215689168096e-09,10.0092051529543,0.562,0.001,3.62288352479198e-05,"8","Orm1"
1.21454419791164e-09,1.02777350147954,0.945,0.721,3.92115594295772e-05,"8","Abracl"
1.2381272769284e-09,2.15579745297237,0.69,0.174,3.99729391356335e-05,"8","Cdk1"
1.26577424597547e-09,1.84210506951574,0.631,0.143,4.0865521531318e-05,"8","Cenpe"
1.3978741751378e-09,1.52427351755723,0.576,0.047,4.51303677443238e-05,"8","Pilra"
1.45386517444876e-09,2.81912617789722,0.647,0.106,4.69380371570782e-05,"8","Ffar2"
1.48594598526033e-09,2.16843044829868,0.706,0.125,4.79737661341298e-05,"8","Kif15"
1.50678154862248e-09,3.99831221494847,0.669,0.059,4.86464422972767e-05,"8","Nhsl2"
1.58410727771483e-09,1.66711769840323,0.948,0.616,5.11429034610232e-05,"8","Lyst"
1.59384448995862e-09,1.5452790484187,0.887,0.452,5.14572693583142e-05,"8","Flna"
1.65826155817699e-09,3.22888329932639,0.797,0.075,5.35369744057443e-05,"8","Morrbid"
1.82436353541117e-09,2.0293036989457,0.907,0.488,5.88995767407496e-05,"8","Rnaseh2c"
1.83021661968911e-09,1.83945832024519,0.904,0.419,5.9088543566663e-05,"8","Mcu"
1.91064875532344e-09,2.14782552794519,0.891,0.418,6.16852950656173e-05,"8","Cnn2"
2.13596787423958e-09,0.849214051807556,0.935,0.693,6.89597228198248e-05,"8","Ndufb1-ps"
2.25987990458837e-09,1.30589358984469,0.913,0.57,7.29602227196356e-05,"8","Ogfrl1"
2.29225055966212e-09,1.60292730154322,0.876,0.404,7.40053093186914e-05,"8","Lmo4"
2.30904901591888e-09,3.2121817876394,0.66,0.11,7.45476474789411e-05,"8","Plaur"
2.36636321673581e-09,1.17987125067759,0.904,0.598,7.63980364523155e-05,"8","Myl12a"
2.38415184335974e-09,0.948552838026224,0.76,0.346,7.69723422628693e-05,"8","Rrm1"
2.47890420899477e-09,1.2537801967786,0.942,0.669,8.00314223873962e-05,"8","Ostf1"
2.53994173961046e-09,2.30005551639638,0.682,0.161,8.20020190633237e-05,"8","Arid3a"
2.54784278697618e-09,1.89439729326349,0.746,0.278,8.2257104377526e-05,"8","Cdc25a"
2.70435774249524e-09,4.24549654571925,0.558,0.014,8.73101897164589e-05,"8","Alox5"
2.70435774249524e-09,5.40090248510162,0.497,0.015,8.73101897164589e-05,"8","F5"
2.70435774249524e-09,8.68878295884362,0.478,0.002,8.73101897164589e-05,"8","Cpa6"
2.7513004345167e-09,2.26109855903775,0.74,0.193,8.88257345283716e-05,"8","G6pdx"
3.11812793111011e-09,1.72476396750199,0.953,0.713,0.00010066876025589,"8","Atp6v0c"
3.63244854993751e-09,2.54139146096521,0.621,0.099,0.000117273601434732,"8","E2f8"
3.75575743136987e-09,2.45480803351136,0.674,0.097,0.000121254628671776,"8","1110008P14Rik"
3.87470568682239e-09,1.55585775005213,0.92,0.481,0.000125094873099061,"8","Myo1f"
3.96498228253602e-09,0.92428480062695,0.824,0.428,0.000128009452991675,"8","Sort1"
4.09877329135808e-09,5.90906893281809,0.52,0.012,0.000132328895711496,"8","Mapk13"
4.09927837280001e-09,2.02559409667343,0.641,0.123,0.000132345202265848,"8","Tpx2"
4.31728740518952e-09,3.50171023094031,0.573,0.05,0.000139383623876544,"8","Cdkn3"
4.47246935412464e-09,1.75243314128862,0.793,0.313,0.000144393673097914,"8","Top2a"
4.52447551200512e-09,1.40527757185745,0.958,0.724,0.000146072691905085,"8","Pkm"
4.65383297232282e-09,2.12552457335107,0.881,0.467,0.000150248997511442,"8","Tmed3"
5.00303074170236e-09,2.17977567172231,0.749,0.225,0.000161522847495861,"8","Pxylp1"
5.06547455474965e-09,1.10919608877379,0.824,0.48,0.000163538846000092,"8","Lsm5"
5.24555584481265e-09,3.02827578294171,0.743,0.084,0.000169352770449776,"8","Chd7"
5.75043275887411e-09,4.98431458055804,0.628,0.03,0.000185652721620251,"8","B230208H11Rik"
6.41203769400972e-09,2.49198511177207,0.605,0.031,0.000207012636951104,"8","Gm21188"
6.41203769400972e-09,7.67909952586241,0.461,0.002,0.000207012636951104,"8","Olfml2b"
6.76714874704001e-09,1.74326754552443,0.717,0.325,0.000218477397298187,"8","H2afx"
7.09828303139792e-09,4.78661143480632,0.695,0.046,0.000229168067668682,"8","Ceacam1"
7.50760226596614e-09,2.44223726640202,0.795,0.215,0.000242382939156717,"8","Lbp"
7.68478068056657e-09,2.92862440463314,0.631,0.087,0.000248103144272092,"8","Asf1b"
8.46216186157702e-09,0.982513086387071,0.616,0.2,0.000273200895701014,"8","Cenpp"
1.16140205332942e-08,3.1039724710151,0.632,0.216,0.000374958652917403,"8","Hist1h2ap"
1.2127685656748e-08,1.62859640111064,0.963,0.623,0.000391542331428108,"8","Baz1a"
1.23259454856076e-08,2.84848360658899,0.619,0.087,0.000397943150002842,"8","Rab3d"
1.27050115001579e-08,1.27210211759443,0.949,0.389,0.000410181296282597,"8","Tyrobp"
1.46451841989973e-08,4.19134805703771,0.563,0.016,0.000472819771864626,"8","Gpr141"
1.49626681636315e-08,6.25790435990421,0.426,0.008,0.000483069741662843,"8","Tnfsf13b"
1.49626681636315e-08,1.9498696148421,0.473,0.083,0.000483069741662843,"8","Kif4"
1.55779844367798e-08,1.39409605942183,0.944,0.651,0.000502935227541436,"8","Vim"
1.83241606216583e-08,1.40417741957898,0.847,0.47,0.000591595525670238,"8","Golim4"
1.83408846264094e-08,2.57971428575555,0.562,0.065,0.000592135460163629,"8","Fcgr2b"
1.85920748638409e-08,1.89586569742319,0.666,0.134,0.000600245136979102,"8","Knl1"
1.89038139470568e-08,2.34887125368689,0.702,0.13,0.000610309633280728,"8","Spc24"
1.92088787139691e-08,2.21682483035666,0.872,0.249,0.000620158649280493,"8","Hk3"
1.97861751566304e-08,1.57834263509835,0.788,0.348,0.000638796664931813,"8","Sp140"
2.17406527333691e-08,1.3346903922462,0.806,0.361,0.00070189697349682,"8","Mfsd14b"
2.24121930192142e-08,3.03213453761141,0.677,0.122,0.00072357765162533,"8","Dgat1"
2.24568057175875e-08,1.36967185037212,0.564,0.117,0.000725017972592312,"8","Ralb"
2.32973865022616e-08,2.35472687317545,0.715,0.129,0.000752156123225517,"8","Slfn2"
2.38327018980553e-08,1.9565967456392,0.553,0.047,0.000769438780778716,"8","Aldh3b1"
2.39672871390453e-08,1.57365763489964,0.831,0.386,0.000773783865284076,"8","Hacd2"
2.52001346662494e-08,0.727829587383237,0.921,0.453,0.000813586347699862,"8","Fcer1g"
2.54851765052002e-08,1.65970699620484,0.567,0.143,0.00082278892347039,"8","Clspn"
2.63392995236153e-08,2.64568110103493,0.487,0.035,0.000850364285119921,"8","Gas7"
2.67004426556168e-08,1.58566788037345,0.804,0.374,0.000862023791136588,"8","Smc2"
2.68981800146823e-08,1.52241462275699,0.828,0.419,0.000868407741774019,"8","Gpsm3"
2.7700405029274e-08,2.24535249898532,0.749,0.234,0.000894307576370112,"8","Dhrs7"
2.84833377089995e-08,1.07274139145925,0.856,0.419,0.000919584557935048,"8","Ethe1"
2.94560073522657e-08,3.71365640369399,0.526,0.031,0.000950987197367897,"8","Gm34680"
3.05851357786987e-08,2.53969726203287,0.549,0.035,0.000987441108615287,"8","B430306N03Rik"
3.09317665987325e-08,1.29546026959121,0.828,0.498,0.00099863208464008,"8","Siva1"
3.28959769088035e-08,2.6095851525874,0.499,0.066,0.00106204661450072,"8","Sgo2a"
3.43765866262904e-08,4.4009683441517,0.432,0.021,0.00110984809922978,"8","Klf5"
3.46576761643843e-08,2.13939899797764,0.506,0.095,0.00111892307496715,"8","Dlgap5"
3.7637035341214e-08,1.89125157867498,0.81,0.278,0.00121511168599109,"8","Cebpb"
4.230986832723e-08,2.9044137325228,0.608,0.191,0.00136597409894462,"8","Hist1h1b"
4.36974101835566e-08,1.34790897874396,0.944,0.66,0.00141077088777613,"8","Ndufb7"
5.2862400271212e-08,2.2469470063519,0.497,0.082,0.00170666259275608,"8","Aurkb"
5.53436229074692e-08,0.899688353267958,0.833,0.471,0.00178676886556764,"8","Atg3"
5.77120826266581e-08,3.20416266520534,0.583,0.06,0.00186323458760166,"8","Sema4a"
5.95791304670667e-08,1.8086974790519,0.429,0.095,0.00192351222712925,"8","Tmem50b"
6.27408758754433e-08,2.51968457985864,0.692,0.144,0.00202558917763869,"8","Tmem38b"
6.3200972977513e-08,1.98241779910761,0.713,0.23,0.00204044341257901,"8","Nudt4"
6.33066765321147e-08,0.99290342264166,0.935,0.631,0.00204385605183932,"8","Pgk1"
6.47419301908933e-08,1.28282892637204,0.738,0.281,0.00209019321621299,"8","4930523C07Rik"
7.04085775538425e-08,2.13691439602865,0.631,0.138,0.00227314092632581,"8","Tacc3"
7.76181854518752e-08,1.90868894437575,0.515,0.108,0.00250590311731379,"8","Nusap1"
7.77888271636172e-08,4.40769242429848,0.492,0.021,0.00251141228497738,"8","Gpc1"
7.8467073075854e-08,1.29428996441947,0.881,0.536,0.00253330945425395,"8","Cd24a"
8.24536259290844e-08,0.366879836190604,0.734,0.269,0.00266201531312049,"8","Actn1"
8.88153087525453e-08,1.52600421132557,0.878,0.411,0.00286740224307593,"8","Twf2"
9.06749317292989e-08,1.30436388995105,0.741,0.362,0.00292744017088041,"8","Stk16"
9.99573057781961e-08,0.616423623664382,0.67,0.274,0.00322712161704906,"8","Ptgs1"
1.10248903797008e-07,1.30278645024401,0.705,0.063,0.00355938585908641,"8","Fcgr3"
1.13236310693979e-07,1.86311697967334,0.627,0.196,0.00365583429075511,"8","Degs1"
1.16364567064167e-07,2.34453909740897,0.801,0.295,0.00375683004766663,"8","Agpat2"
1.16758516180826e-07,2.20344158050455,0.787,0.188,0.00376954869489796,"8","Fam241a"
1.2971699591225e-07,1.31629149664923,0.836,0.411,0.004187913213027,"8","Mapkapk3"
1.3086334514878e-07,1.32992048287139,0.881,0.464,0.00422492309812835,"8","Cep128"
1.32420495060595e-07,1.04598462913776,0.898,0.642,0.00427519568303131,"8","Ndufb3"
1.33633312446548e-07,2.00759438746323,0.48,0.081,0.00431435149233681,"8","Bub1"
1.39890658777557e-07,1.05199331399811,0.942,0.711,0.00451636991863342,"8","Aldoa"
1.4815939491611e-07,0.935433321546607,0.664,0.113,0.00478332606486663,"8","AB124611"
1.4815939491611e-07,2.74911012495634,0.635,0.107,0.00478332606486663,"8","Ube2c"
1.56337595377843e-07,7.04148579018061,0.369,0.002,0.00504735926677366,"8","C5ar1"
1.59160609117748e-07,1.58766317694817,0.753,0.307,0.00513850026536648,"8","Adssl1"
1.67332259353888e-07,1.59942300600201,0.903,0.454,0.00540232199324028,"8","Cotl1"
1.7214155034103e-07,1.63910037196338,0.603,0.15,0.00555758995276016,"8","Arhgap11a"
1.73433623114878e-07,5.21371921440218,0.475,0.01,0.00559930452226384,"8","Id1"
1.73433623114878e-07,7.00251743008848,0.434,0.001,0.00559930452226384,"8","Mogat2"
1.91106883730145e-07,4.0696730183509,0.589,0.033,0.00616988574122772,"8","Gm1604a"
1.95919627331271e-07,0.566675594451721,0.553,0.09,0.00632526516839009,"8","Arhgap19"
2.08893492324204e-07,0.897408359289434,0.943,0.694,0.00674412639968693,"8","Arpc5"
2.12301791898797e-07,1.50522779278196,0.679,0.231,0.00685416335145267,"8","Tyms"
2.12628486734983e-07,2.25219227577509,0.405,0.062,0.00686471069423892,"8","Esco2"
2.20311208428459e-07,3.20033770510351,0.467,0.057,0.0071127473641128,"8","Lmo1"
2.35489100893331e-07,0.847252296684407,0.838,0.47,0.00760276562234119,"8","Lmnb1"
2.60355649159059e-07,0.966586800623657,0.94,0.709,0.00840558213310023,"8","Rab5if"
2.60397191005525e-07,1.96735940991237,0.539,0.155,0.00840692331161339,"8","Fbxo5"
2.64024702492978e-07,1.38896376592017,0.844,0.402,0.00852403751998578,"8","Rbms1"
2.8044244094775e-07,3.1855498449753,0.462,0.013,0.0090540842059981,"8","Siglece"
2.82273605042322e-07,1.31986229245285,0.893,0.619,0.00911320333879138,"8","Smc4"
2.95427627247636e-07,1.10537865186691,0.885,0.498,0.00953788094568994,"8","Rab27a"
2.98277234737137e-07,1.92283904431503,0.769,0.243,0.00962988052348845,"8","Flot2"
3.10120514905865e-07,2.7267443391937,0.469,0.054,0.0100122408237359,"8","Ska1"
3.17766268319614e-07,0.648373245292939,0.876,0.553,0.0102590839726987,"8","Rasgrp2"
3.25477950100728e-07,1.33457694290062,0.869,0.62,0.010508055619002,"8","Ube2s"
3.27204222283039e-07,1.43217162572115,0.846,0.503,0.0105637883164079,"8","Alyref"
3.30866783264402e-07,0.807109828945976,0.912,0.662,0.0106820340976912,"8","Atp6v0b"
3.44562664653221e-07,2.3244528948895,0.573,0.083,0.0111242056283292,"8","Ccna2"
3.68952657790867e-07,2.66448691039193,0.567,0.075,0.0119116365567781,"8","E2f2"
3.7214544980992e-07,6.44946317474823,0.697,0.201,0.0120147158471133,"8","Elane"
3.81130019167373e-07,8.12523928372069,0.426,0.001,0.0123047826688186,"8","Tshr"
3.81130019167373e-07,4.0142538515127,0.437,0.014,0.0123047826688186,"8","Cd300lf"
3.81130019167373e-07,2.84641671569471,0.288,0.02,0.0123047826688186,"8","Scnn1a"
3.82584728162662e-07,0.867603942783423,0.67,0.195,0.0123517479487315,"8","Tcn2"
4.20883025766018e-07,1.52334880976465,0.674,0.248,0.0135882084868559,"8","Plscr1"
4.28233067340372e-07,1.09626518711017,0.519,0.107,0.0138255045790839,"8","Lgals3"
4.3532899510702e-07,1.34363717669385,0.756,0.314,0.0140545966070301,"8","Asnsd1"
4.44037695903286e-07,1.48940919518943,0.473,0.111,0.0143357570122376,"8","Bub1b"
4.62872161360708e-07,1.80841748514823,0.872,0.372,0.0149438277295305,"8","Sun2"
4.70066558326535e-07,1.05231522346929,0.716,0.331,0.0151760988355722,"8","Ccdc34"
4.96549027934643e-07,1.75715727105378,0.951,0.701,0.0160310853668699,"8","Tspo"
5.11469221885094e-07,1.80083120958983,0.599,0.137,0.0165127838285603,"8","Slc8b1"
5.59865896830035e-07,1.52225154685928,0.758,0.384,0.0180752704791577,"8","Kdelr2"
5.69476547194228e-07,1.19211036753044,0.877,0.432,0.0183855503261657,"8","Nxn"
6.10885055823788e-07,2.06844659995909,0.606,0.142,0.019722424027271,"8","Plk4"
6.26848957589903e-07,0.602534783858263,0.585,0.205,0.02023781859579,"8","Ncapg2"
6.37706914030424e-07,1.72014151878913,0.745,0.245,0.0205883677194723,"8","Hcst"
6.60547600093851e-07,0.663062797898894,0.844,0.573,0.02132577926903,"8","Anp32e"
6.84476925140732e-07,1.64719073463193,0.565,0.15,0.0220983375281685,"8","Tom1"
7.04112500562325e-07,0.735332385877211,0.676,0.301,0.0227322720806546,"8","Cib1"
7.07826965639806e-07,2.38594331704417,0.565,0.078,0.0228521935856811,"8","Nucb2"
7.20740831895924e-07,1.86829902362805,0.772,0.259,0.0232691177577599,"8","Arrb2"
7.3978508413368e-07,0.621333487670829,0.892,0.592,0.0238839614412559,"8","Cox17"
7.61985807238836e-07,1.60957737384224,0.747,0.276,0.0246007117867058,"8","Chst12"
7.70400522736922e-07,1.9541884541887,0.669,0.223,0.0248723808765615,"8","Cenpa"
7.75845610955055e-07,2.45038995170987,0.74,0.171,0.025048175549684,"8","Gys1"
7.99132669808895e-07,1.35260412255531,0.506,0.145,0.0257999982447802,"8","Rad51"
8.01638716104681e-07,0.933937196558536,0.874,0.436,0.0258809059494396,"8","Fam111a"
8.25849688076695e-07,5.87411397039224,0.421,0.009,0.0266625571795561,"8","Inhba"
8.25849688076695e-07,2.86635844616499,0.399,0.043,0.0266625571795561,"8","Gm39556"
8.25849688076695e-07,6.84316788233804,0.349,0.004,0.0266625571795561,"8","Ankrd22"
8.25849688076695e-07,1.88204335421528,0.42,0.076,0.0266625571795561,"8","Ccnb1"
8.28550424632212e-07,1.51575248436965,0.46,0.128,0.026749750459251,"8","Cdc7"
8.53040739363257e-07,1.4008124756901,0.897,0.618,0.0275404202703428,"8","Sri"
8.78121107487869e-07,1.44331282403643,0.651,0.133,0.0283501399552458,"8","Pde2a"
9.03651508348458e-07,1.66167708362132,0.56,0.127,0.02917438894703,"8","Cenpf"
9.06905670500688e-07,0.868148172698514,0.897,0.599,0.0292794495721147,"8","Rnasek"
9.25601086627292e-07,1.37024407763257,0.689,0.248,0.0298830310817621,"8","Lockd"
9.81660520093348e-07,1.89801665563369,0.387,0.067,0.0316929098912137,"8","Spag5"
9.9414128937947e-07,1.80215481457317,0.538,0.118,0.0320958515276162,"8","Tk1"
1.02621435100779e-06,0.874066214295135,0.715,0.364,0.0331313303222866,"8","Hnrnpll"
1.03197337406959e-06,1.75539723284469,0.802,0.284,0.0333172603818369,"8","Fes"
1.03817887204806e-06,1.35729086481554,0.9,0.614,0.0335176048840716,"8","Lamtor2"
1.08508826414523e-06,1.09167754093895,0.906,0.591,0.0350320746079289,"8","Mpc2"
1.08510606634503e-06,0.900986238887505,0.935,0.711,0.0350326493519494,"8","Sec11c"
1.09798942910323e-06,2.40470909147406,0.55,0.097,0.0354485887185978,"8","Fanca"
1.10305612828756e-06,1.15903450727492,0.755,0.365,0.035612167101764,"8","Gyg"
1.15133344609443e-06,2.02894534159303,0.604,0.123,0.0371708003071585,"8","Knstrn"
1.20581941884154e-06,0.629537331583186,0.801,0.537,0.0389298799372992,"8","Pdzd8"
1.256928239432e-06,1.00254691711076,0.823,0.444,0.0405799282100623,"8","Klf13"
1.25759599901123e-06,2.03208760558215,0.762,0.17,0.0406014868280776,"8","Itgb2"
1.28129158026186e-06,1.03887518669742,0.535,0.175,0.0413664986687542,"8","Cenpk"
1.49247480814527e-06,1.15538210368748,0.772,0.379,0.0481845491809702,"8","Nadk"
1.49366589750473e-06,1.79492617968471,0.389,0.04,0.0482230035009401,"8","6430548M08Rik"
1.53508954325745e-06,0.917047725652751,0.362,0.121,0.0495603659040668,"8","Polq"
1.61559550529106e-06,0.940131696283807,0.947,0.71,0.052159500888322,"8","Gnb2"
1.64726230777035e-06,1.38026519795433,0.778,0.368,0.0531818636063659,"8","Cks1b"
1.65524455330107e-06,4.53600475213523,0.635,0.342,0.053439570403325,"8","Mpo"
1.6609325067427e-06,1.44370825617409,0.662,0.272,0.0536232059801882,"8","Unc119"
1.6657993150841e-06,1.55547744622216,0.74,0.264,0.0537803308874902,"8","Mapk3"
1.66896602330264e-06,1.80208048134718,0.408,0.105,0.0538825680623258,"8","Ccnf"
1.74200111424919e-06,1.81831870041993,0.442,0.093,0.0562405059735352,"8","Kif22"
1.76515934465433e-06,5.13427047120263,0.395,0.01,0.056988169442165,"8","Tnnt1"
1.76515934465433e-06,2.72643971569817,0.387,0.042,0.056988169442165,"8","Stx11"
1.76515934465433e-06,9.3290462729244,0.344,0.001,0.056988169442165,"8","Ly6g"
1.76515934465433e-06,8.00340533301818,0.262,0,0.056988169442165,"8","Lin28a"
1.79135352213085e-06,3.10571317325262,0.456,0.091,0.0578338484619946,"8","Cst7"
1.93692795356777e-06,1.44570061720625,0.64,0.196,0.0625337189809355,"8","Incenp"
1.98105731817622e-06,3.51424226276388,0.294,0.021,0.0639584355173191,"8","1810055G02Rik"
1.98425776305204e-06,3.88404195357502,0.431,0.033,0.0640617618801353,"8","Acpp"
1.99985845415147e-06,1.98448734895974,0.844,0.303,0.0645654301922803,"8","Anxa2"
2.00512097111294e-06,3.5636115929042,0.635,0.134,0.0647353305523814,"8","Prss57"
2.04785199716292e-06,1.8446144868545,0.662,0.183,0.0661149017284048,"8","Mid1ip1"
2.1333430837405e-06,2.93341677641823,0.382,0.055,0.0688749814585622,"8","Hist1h2ab"
2.15789110374121e-06,0.888826209576619,0.899,0.576,0.0696675142842848,"8","Arpc4"
2.18794044283981e-06,2.15550539894115,0.335,0.088,0.0706376571970832,"8","Hist1h4h"
2.20155424501858e-06,0.922428795174188,0.767,0.334,0.0710771788004247,"8","Efhd2"
2.20542169974122e-06,2.34079389195173,0.656,0.254,0.0712020395761452,"8","Plp2"
2.2289620599905e-06,2.23190830086578,0.649,0.191,0.0719620401067934,"8","Svip"
2.23325018506293e-06,0.83550610857264,0.858,0.471,0.0721004822247566,"8","Wdr1"
2.27329428571348e-06,1.92031533914875,0.597,0.209,0.0733933060142596,"8","Glipr2"
2.30760552608353e-06,2.57688195319791,0.461,0.073,0.0745010444096067,"8","Tnfsf13"
2.30778573810755e-06,1.20743323532262,0.819,0.446,0.0745068625548022,"8","Slbp"
2.32820461122316e-06,0.574637038470969,0.863,0.614,0.0751660858733396,"8","Ssu72"
2.5063065574141e-06,1.26099761785776,0.748,0.341,0.0809161072061142,"8","Kctd20"
2.5087003197035e-06,1.23490183075955,0.478,0.147,0.0809933898216276,"8","Pde8a"
2.59438599996176e-06,1.12207399156052,0.606,0.236,0.0837597520087653,"8","Rfc4"
2.62172193402258e-06,2.2278119494125,0.513,0.076,0.084642292639919,"8","Hmmr"
2.6849633667853e-06,1.54163988196995,0.901,0.433,0.0866840422966633,"8","Ncf2"
2.79457418507766e-06,1.06569812824074,0.927,0.643,0.0902228275652324,"8","Agps"
2.91797167700756e-06,1.03255167348646,0.761,0.397,0.094206715592189,"8","Rbfa"
2.93768826987864e-06,0.950802386611028,0.938,0.689,0.0948432657930318,"8","Mrpl33"
2.9652367365838e-06,0.70062004551816,0.94,0.737,0.0957326680406081,"8","Atp6v0e"
2.98994000795129e-06,5.15152767919016,0.446,0.015,0.0965302131567074,"8","Pi16"
2.98994000795129e-06,1.94679890909673,0.508,0.092,0.0965302131567074,"8","Ncapg"
3.12568435571198e-06,0.907461457088735,0.701,0.274,0.100912719424161,"8","Ets1"
3.13413383846751e-06,1.61081253713023,0.372,0.082,0.101185510974923,"8","Ttk"
3.13740420287542e-06,2.65799984122202,0.403,0.046,0.101291094689833,"8","Plk1"
3.14690876879162e-06,2.84412415898369,0.46,0.07,0.101597949600438,"8","Rap1gap2"
3.18902452221763e-06,1.75875255910717,0.481,0.135,0.102957656699796,"8","Ndc80"
3.3293976806199e-06,0.7715602255241,0.793,0.437,0.107489604118813,"8","Ezr"
3.7229983629128e-06,5.2309825467552,0.372,0.004,0.12019700214664,"8","Dgat2"
3.7229983629128e-06,2.38572605075141,0.317,0.042,0.12019700214664,"8","Lrr1"
3.73319061271109e-06,1.39094106933995,0.642,0.13,0.120526058931378,"8","Gm26740"
3.76196268371368e-06,1.29862139703651,0.492,0.163,0.121454965243696,"8","Ada"
3.90595485084474e-06,0.806104824123931,0.812,0.491,0.126103752359522,"8","Hjurp"
3.92122351732625e-06,1.77531985740338,0.565,0.084,0.126596701256878,"8","Abcd2"
3.98173659763375e-06,2.30331233617951,0.48,0.094,0.128550366054606,"8","Spc25"
4.09823669394112e-06,3.03485038646836,0.392,0.05,0.132311571663889,"8","Hist1h3c"
4.28908478298695e-06,2.19236895711578,0.563,0.055,0.138473102218734,"8","Fgr"
4.46997098110449e-06,1.22655307564401,0.808,0.44,0.144313013124958,"8","Lsm8"
4.53345963399519e-06,0.760409617734816,0.567,0.248,0.146362744283535,"8","Prelid3b"
4.75282620957123e-06,1.33405333993953,0.875,0.502,0.153444994176007,"8","Prelid1"
4.96138751333801e-06,1.72365486386852,0.582,0.157,0.160178395868118,"8","Cenpw"
5.05461608202912e-06,0.959578710581069,0.503,0.225,0.16318828020831,"8","Agl"
5.15337049967453e-06,1.85954877792413,0.41,0.128,0.166376566581992,"8","Hist1h1d"
5.19858496787781e-06,1.62534434011745,0.665,0.209,0.167836315687935,"8","Larp1b"
5.27106414152715e-06,1.42155368214333,0.589,0.16,0.170176305809204,"8","Cenph"
5.28806146609062e-06,1.86287979141624,0.532,0.157,0.170725064432736,"8","Pfkfb4"
5.32556673335376e-06,0.537765990668048,0.671,0.409,0.171935921986326,"8","Psmc4"
5.40385673800243e-06,0.938261969324443,0.83,0.484,0.174463514786408,"8","Ppp1r2"
5.44627899997153e-06,1.14640859789694,0.415,0.029,0.175833117514081,"8","Pilrb1"
5.49809211646291e-06,1.74837275365846,0.482,0.229,0.177505903980005,"8","Hist1h4d"
5.53130565853751e-06,1.53689992266245,0.717,0.299,0.178578203185883,"8","Rpia"
5.62343640257785e-06,1.10281470165397,0.852,0.485,0.181552644257226,"8","Cited2"
6.07923555213179e-06,1.93459960126586,0.454,0.081,0.196268119800575,"8","Shcbp1"
6.45035749899479e-06,2.75042033011479,0.472,0.06,0.208249791855047,"8","Arap3"
6.47990115874554e-06,1.02774630394701,0.66,0.302,0.2092036089101,"8","Ppil1"
6.487157628023e-06,1.09790365008903,0.728,0.372,0.209437884020723,"8","Rpa3"
7.25685825341287e-06,1.23592928544175,0.936,0.668,0.234287668711434,"8","Tecr"
7.49647358802453e-06,1.10069008937485,0.853,0.468,0.242023649789372,"8","Cyb5r4"
7.60997296409465e-06,1.71673556038609,0.591,0.198,0.245687977145796,"8","Lrrk2"
7.63519833353056e-06,0.732221337508586,0.843,0.54,0.246502378198034,"8","Commd1"
7.65020792106652e-06,1.25770170921425,0.929,0.588,0.246986962731633,"8","Lbr"
7.6855698044333e-06,2.03622501689999,0.524,0.118,0.248128621136129,"8","Cdc45"
7.75182569435383e-06,5.5764395693277,0.456,0.012,0.250267692542214,"8","Mapk4"
7.75182569435383e-06,3.92380183212337,0.381,0.017,0.250267692542214,"8","Card9"
7.75182569435383e-06,7.85793988138628,0.328,0.001,0.250267692542214,"8","Clec4b2"
7.75182569435383e-06,10.1285034264977,0.311,0.002,0.250267692542214,"8","Retnlg"
7.75182569435383e-06,3.01211381205242,0.338,0.033,0.250267692542214,"8","Rtkn2"
7.75182569435383e-06,5.27202450067264,0.286,0.006,0.250267692542214,"8","Gpr84"
7.81147035939791e-06,2.34815737746097,0.358,0.05,0.252193320553162,"8","Depdc1a"
7.84893901359733e-06,2.05251074385874,0.483,0.086,0.25340299605399,"8","Pbk"
8.0081942071424e-06,4.15002818012375,0.512,0.041,0.258544549977592,"8","Junos"
8.06693459502712e-06,0.826695777908731,0.901,0.634,0.260440983400451,"8","Smdt1"
8.33777176224697e-06,0.780231757735196,0.869,0.563,0.269184961344143,"8","Ap2s1"
8.55089306754634e-06,0.98997323053202,0.618,0.252,0.276065582685734,"8","Sell"
8.59441562379815e-06,0.68309677103993,0.783,0.383,0.277470708414323,"8","Syngr2"
8.7791352794012e-06,2.30374332352084,0.426,0.113,0.283434382495468,"8","Hist2h2ac"
8.85667352431755e-06,2.18999428839554,0.667,0.258,0.285937704732592,"8","Cdkn2d"
9.25475179435407e-06,2.24592018637683,0.684,0.188,0.298789661680721,"8","Gatm"
9.87516642835394e-06,2.36522524860978,0.442,0.064,0.318819748139407,"8","Nuf2"
9.94455018356554e-06,0.724265763987742,0.422,0.194,0.321059802676413,"8","Ndc1"
1.00691309603631e-05,1.74616628381629,0.367,0.093,0.325081893055322,"8","Ticrr"
1.01390787676421e-05,1.55397766753083,0.555,0.172,0.327340158013324,"8","Cemip2"
1.0247037407221e-05,2.10984610130764,0.621,0.137,0.330825602692128,"8","Sqor"
1.02846742953733e-05,0.684312466124175,0.924,0.707,0.332040709626128,"8","Arf1"
1.04014636074776e-05,1.17291919004901,0.887,0.458,0.335811252567415,"8","Tm6sf1"
1.05116082848039e-05,0.781601109855218,0.814,0.54,0.339367273474895,"8","S100a13"
1.06181726542114e-05,0.707235105481326,0.961,0.71,0.342807704141215,"8","Asap1"
1.06835105960479e-05,0.856204106045144,0.79,0.427,0.344917139593405,"8","Ctdspl"
1.08322703128104e-05,2.10605339051758,0.633,0.153,0.349719847049084,"8","Palm"
1.12562016521269e-05,0.819267472994761,0.862,0.573,0.363406470338917,"8","Magoh"
1.14845738547996e-05,1.80942591207151,0.447,0.098,0.370779466902205,"8","Rad51ap1"
1.19968633041295e-05,1.04687601661765,0.636,0.28,0.387318731773821,"8","Lnpk"
1.23312154999427e-05,1.67290997380833,0.793,0.301,0.398113292415651,"8","Nfam1"
1.26328803742698e-05,0.518260050796122,0.92,0.678,0.407852542883299,"8","Capza1"
1.27631673685204e-05,0.801028102088621,0.583,0.193,0.412058858492681,"8","Ehd1"
1.28310261824254e-05,1.17998168600328,0.717,0.38,0.414249680299604,"8","Anxa11"
1.31083188357474e-05,1.42873805272004,0.533,0.152,0.423202073612106,"8","Mad2l1"
1.41191134735996e-05,2.88164575960662,0.429,0.04,0.455835578495162,"8","Xdh"
1.41620132834174e-05,2.28838946509682,0.422,0.09,0.45722059885513,"8","Ccne2"
1.47879036184854e-05,4.04746621846655,0.416,0.023,0.4774274683228,"8","Gapt"
1.51488072947346e-05,2.63138487748767,0.71,0.192,0.489079243510505,"8","Tmem216"
1.51488072947346e-05,1.36895580059822,0.652,0.243,0.489079243510505,"8","Cxcr4"
1.54675002951145e-05,1.11344496566682,0.714,0.355,0.499368247027772,"8","Rinl"
1.5741966596902e-05,1.57349824543695,0.832,0.383,0.50822939158098,"8","Atrn"
1.57552397427704e-05,0.337123367001327,0.896,0.684,0.508657915095343,"8","Scand1"
1.58136418813232e-05,2.14250346483875,0.476,0.101,0.510543428138518,"8","Depdc1b"
1.59404479567909e-05,3.77658208998383,0.326,0.023,0.514637362284994,"8","Rasgrp4"
1.59404479567909e-05,5.54347731151043,0.299,0.003,0.514637362284994,"8","Mefv"
1.59792300870513e-05,1.76355488619318,0.765,0.263,0.515889443360451,"8","Gmnn"
1.62197221006432e-05,2.12809751370378,0.574,0.11,0.523653728019265,"8","Anln"
1.6245057381847e-05,2.12515223236271,0.352,0.061,0.524471677572931,"8","Hlx"
1.628659600896e-05,1.7643199704531,0.572,0.14,0.525812752149273,"8","Cit"
1.66290230049037e-05,1.37460959721519,0.453,0.123,0.536868007713315,"8","Nqo2"
1.74058460468049e-05,1.34269997297018,0.64,0.254,0.561947739621095,"8","Plin3"
1.74531838752106e-05,1.42700813108279,0.362,0.089,0.563476041411174,"8","Cip2a"
1.74999462046763e-05,2.00776979576498,0.547,0.131,0.564985763217974,"8","Prc1"
1.77771986121521e-05,0.737701982401557,0.771,0.471,0.573936857193331,"8","Atp2a3"
1.94589991060406e-05,0.77016190455575,0.91,0.678,0.628233786138521,"8","Calm3"
2.06031201563015e-05,0.543992468712162,0.864,0.535,0.665171734246195,"8","Cops9"
2.10513099097704e-05,2.05886305603933,0.579,0.132,0.679641540436937,"8","Racgap1"
2.15681634821815e-05,1.27511491471657,0.701,0.262,0.696328158022229,"8","Znhit1"
2.29544346448641e-05,2.30783490548576,0.628,0.216,0.741083922509437,"8","Ly75"
2.32305870820564e-05,1.02110960790058,0.931,0.721,0.749999503944192,"8","Emp3"
2.33921834663393e-05,0.956043084917221,0.781,0.445,0.755216643210764,"8","Atad2"
2.38698479725841e-05,2.28373778877357,0.565,0.267,0.770638041794876,"8","Hist1h2ae"
2.43164270210966e-05,0.548662856216283,0.883,0.617,0.785055846376104,"8","Mbd2"
2.49062660447933e-05,0.557541275583211,0.694,0.414,0.804098799256151,"8","Bin3"
2.63901367308575e-05,1.27788787566318,0.458,0.224,0.852005564355736,"8","Taco1"
2.65579341227997e-05,1.48005158169209,0.719,0.297,0.85742290315459,"8","Cklf"
2.73842126199605e-05,2.33097183032277,0.601,0.222,0.884099304435424,"8","Gm47071"
2.76882019759982e-05,1.86331300491813,0.881,0.452,0.893913600795103,"8","Mettl9"
2.79731512153985e-05,0.199562838140067,0.856,0.49,0.90311318698914,"8","B3gnt2"
2.80574881727242e-05,0.714598228543573,0.447,0.204,0.9058360056564,"8","Tmem63a"
2.81191784232461e-05,1.2153119380389,0.855,0.465,0.907827675394499,"8","Atp6ap2"
2.82084057417858e-05,0.654112818277803,0.697,0.407,0.910708379373553,"8","Hspa14"
2.8214911936108e-05,1.18465618006276,0.332,0.079,0.910918431857246,"8","Cep55"
2.92191793405064e-05,1.39784123859916,0.733,0.218,0.943341205008248,"8","Edem1"
3.0026710036605e-05,1.12291040427833,0.537,0.215,0.969412333531791,"8","Tspan2"
3.00810712855815e-05,0.228604289211385,0.923,0.672,0.971167386454997,"8","Reep5"
3.06907516744192e-05,2.23904662778098,0.262,0.05,0.990850917808623,"8","Tcf19"
3.08308823533327e-05,0.914531003408942,0.548,0.245,0.995375036777348,"8","Prim1"
3.12928601146086e-05,1.24359247955376,0.74,0.367,1,"8","Ppp2cb"
3.13833438424231e-05,0.556037026033231,0.815,0.525,1,"8","Actn4"
3.1803812545557e-05,0.730037359934618,0.919,0.624,1,"8","Cox6a1"
3.18222375420557e-05,1.77777274813821,0.343,0.083,1,"8","Mlst8"
3.19643987063139e-05,0.494801199969222,0.908,0.668,1,"8","Ywhah"
3.23872985920376e-05,4.38434294167007,0.366,0.015,1,"8","Far2"
3.23872985920376e-05,1.94809972315123,0.341,0.043,1,"8","Zbtb7b"
3.23872985920376e-05,3.61203812890433,0.291,0.008,1,"8","Mmp25"
3.30201985300485e-05,1.37766769544874,0.897,0.493,1,"8","Tiam1"
3.40061893242138e-05,1.77931438985798,0.394,0.143,1,"8","St3gal5"
3.40840143266163e-05,0.745840667968387,0.803,0.473,1,"8","Psmd13"
3.40840770079221e-05,0.623338652515947,0.892,0.664,1,"8","Limd2"
3.4376649593276e-05,1.43495597101103,0.424,0.11,1,"8","Kntc1"
3.44874989641505e-05,3.74277738988916,0.422,0.02,1,"8","Gm34084"
3.48423956526517e-05,0.691329837789298,0.868,0.579,1,"8","Arpp19"
3.51258385934707e-05,1.65356885202166,0.346,0.077,1,"8","Ncaph"
3.56733974674547e-05,0.955258086081647,0.751,0.396,1,"8","Dnajc9"
3.59505769867044e-05,0.883580838113173,0.792,0.506,1,"8","Dtymk"
3.61737018387568e-05,1.95879437952616,0.76,0.238,1,"8","Csf2ra"
3.62255214249809e-05,0.943340866982216,0.595,0.295,1,"8","Nfyb"
3.65047560450113e-05,1.19708361310202,0.887,0.566,1,"8","Mpc1"
3.72457439065725e-05,0.923854211473648,0.485,0.205,1,"8","Dna2"
3.86560347776412e-05,1.11680588073302,0.605,0.258,1,"8","Ubl4a"
3.91816627549503e-05,1.21849597047006,0.719,0.316,1,"8","Gmip"
4.00826466646471e-05,0.762617366908009,0.88,0.627,1,"8","Ppp1cc"
4.10484905525529e-05,0.129694107672964,0.79,0.443,1,"8","Hexb"
4.20222412681569e-05,0.806109530523474,0.92,0.686,1,"8","Fis1"
4.20275182766726e-05,1.56806274207539,0.644,0.222,1,"8","Mppe1"
4.30265021849603e-05,1.94422000125101,0.279,0.066,1,"8","Lpcat4"
4.33390030447375e-05,1.33291369266628,0.622,0.234,1,"8","Mtf1"
4.46027510144655e-05,2.34994020330156,0.669,0.373,1,"8","Hist1h1e"
4.47002790820512e-05,2.03420869602729,0.467,0.078,1,"8","Ckap2l"
4.51601629780493e-05,0.725771586767095,0.503,0.224,1,"8","Wdhd1"
4.5941551666352e-05,0.972659191669176,0.512,0.258,1,"8","Kif23"
4.63642777955373e-05,0.870029222796891,0.571,0.209,1,"8","Uhrf1"
4.6557752518808e-05,0.927835880019148,0.958,0.755,1,"8","Myh9"
4.66679350111536e-05,0.959201513317192,0.516,0.176,1,"8","Anapc15"
5.04205479917576e-05,1.55271183352637,0.419,0.119,1,"8","Trip13"
5.10880220722656e-05,1.09671421039576,0.872,0.525,1,"8","Ndufv3"
5.46064506725271e-05,2.19799198579593,0.344,0.056,1,"8","Kifc1"
5.47356767211165e-05,0.982465053422793,0.517,0.182,1,"8","Brip1"
5.66127702224832e-05,0.535418182446195,0.86,0.586,1,"8","Tmem14c"
5.81135160880045e-05,0.566796980234307,0.692,0.399,1,"8","Rfwd3"
6.23970946304982e-05,2.09033516999154,0.351,0.058,1,"8","Plcb1"
6.34842191559626e-05,0.702345325773476,0.583,0.296,1,"8","Mrpl58"
6.38530104709041e-05,0.812364516345652,0.771,0.458,1,"8","R3hdm4"
6.40888633629889e-05,1.1329094852053,0.786,0.44,1,"8","Ssna1"
6.50475622222749e-05,6.29529494844415,0.3,0.002,1,"8","Ppp1r42"
6.50475622222749e-05,5.10964634130243,0.288,0.004,1,"8","Mgl2"
6.50475622222749e-05,2.04266308739098,0.26,0.03,1,"8","Dtx4"
6.50475622222749e-05,7.28339368899425,0.22,0.001,1,"8","9830166K06Rik"
6.50475622222749e-05,7.06746322132022,0.22,0.002,1,"8","Gm33148"
6.50475622222749e-05,7.05875119990545,0.22,0.002,1,"8","Sept5"
6.55992648285554e-05,0.88891087807927,0.908,0.612,1,"8","Npepps"
6.56068310601883e-05,1.7895105789827,0.319,0.071,1,"8","Gen1"
6.62100948822709e-05,1.11034933439818,0.597,0.213,1,"8","Cdc34"
6.67746222061036e-05,1.32283172499334,0.419,0.078,1,"8","Plbd1"
6.75507799325287e-05,0.957181766206389,0.735,0.372,1,"8","Tipin"
6.90367278672906e-05,0.686432903631194,0.783,0.486,1,"8","Impa2"
6.95836024842273e-05,0.983037271150338,0.831,0.513,1,"8","Mrpl51"
6.98485440992049e-05,2.99546404415897,0.295,0.024,1,"8","Pik3r6"
6.9960719646101e-05,0.724461827267342,0.662,0.351,1,"8","Med30"
7.09476320305131e-05,1.05610178513352,0.803,0.555,1,"8","Dut"
7.14574440980705e-05,2.34617605845886,0.519,0.103,1,"8","Wipi1"
7.2294735681704e-05,0.645334222666587,0.921,0.721,1,"8","Ndufb11"
7.24988181654883e-05,0.593010889703497,0.794,0.415,1,"8","Xbp1"
7.3996906629961e-05,1.19580852457648,0.497,0.159,1,"8","Ect2"
7.46598555626114e-05,1.23804639719114,0.558,0.217,1,"8","Csf2rb"
7.67394058979634e-05,0.317268561784248,0.708,0.46,1,"8","Anapc13"
7.73113330242179e-05,0.894770256303234,0.672,0.324,1,"8","Ilk"
8.14281079313159e-05,0.886025358037996,0.583,0.233,1,"8","Ncapd2"
8.16438920611714e-05,1.00207600884553,0.874,0.626,1,"8","Pnp"
8.27162519404071e-05,0.899664398029133,0.552,0.148,1,"8","Tent5a"
8.53825214124305e-05,0.35692721397512,0.934,0.722,1,"8","Arhgap45"
8.61067905982704e-05,0.3313313664346,0.692,0.429,1,"8","Anapc11"
8.70478182587943e-05,1.86244646655993,0.604,0.286,1,"8","Ipcef1"
8.75164374646881e-05,0.823853264341837,0.61,0.259,1,"8","Tcirg1"
8.80401904656266e-05,0.430017697303098,0.651,0.402,1,"8","Hmgn5"
8.98034442313207e-05,0.654431709996815,0.658,0.356,1,"8","Stxbp2"
8.98725442807904e-05,2.3183366589805,0.619,0.141,1,"8","Tesk2"
9.49845049371302e-05,1.38862429298019,0.299,0.076,1,"8","Fancd2"
9.65025544341031e-05,2.68664806405645,0.551,0.072,1,"8","Slc31a2"
9.7271613068469e-05,0.574976422274337,0.497,0.255,1,"8","Hist1h1c"
9.73084716741386e-05,1.06491841268233,0.776,0.407,1,"8","Mxi1"
9.90685716485435e-05,2.11142184158218,0.416,0.08,1,"8","Noct"
9.98125512035577e-05,1.45466680236996,0.692,0.257,1,"8","Rpe"
0.000102484741646667,1.31858596639167,0.692,0.276,1,"8","Tor1a"
0.000103059759904757,0.833218103041297,0.783,0.483,1,"8","Mrpl57"
0.000107388310568815,3.02288993956966,0.328,0.032,1,"8","Fcor"
0.000110842285004122,1.46511215641923,0.644,0.197,1,"8","Gpr160"
0.000110916795604555,1.25673974075277,0.669,0.272,1,"8","Lig1"
0.000111055078135124,0.882273014186067,0.822,0.554,1,"8","Tmem256"
0.000114561649810187,3.07137922381467,0.499,0.054,1,"8","Rps6ka2"
0.000115009774461097,0.96381704931902,0.529,0.261,1,"8","Cep19"
0.000116177600958965,0.264084827563309,0.54,0.26,1,"8","Rab32"
0.000116788574353978,4.46412838714576,0.596,0.215,1,"8","Ctsg"
0.000118976572825746,0.759045531567601,0.783,0.45,1,"8","Usp1"
0.000119820067268727,1.16524691690359,0.517,0.171,1,"8","Ap1s2"
0.00012080041253861,0.897741703378374,0.556,0.271,1,"8","Limk2"
0.000120947709113886,0.828639677441249,0.828,0.471,1,"8","Mapkapk2"
0.000121405710011618,0.94591666320708,0.62,0.275,1,"8","Ccdc124"
0.000123370127866414,1.20607147474045,0.658,0.276,1,"8","Rab24"
0.000125483099854934,0.365806558801857,0.823,0.591,1,"8","Eif1b"
0.000125731690704895,2.41434158647388,0.362,0.104,1,"8","AA467197"
0.000127013844933937,0.853684561865613,0.879,0.551,1,"8","Cap1"
0.000129208146895081,7.83258916257298,0.256,0,1,"8","9830107B12Rik"
0.000129208146895081,5.21251249392837,0.257,0.005,1,"8","Ifnlr1"
0.000129208146895081,1.39681442391985,0.268,0.062,1,"8","Parpbp"
0.000131257333008964,1.3147930348966,0.367,0.116,1,"8","Plekhg1"
0.000131619223192731,1.26070784790011,0.886,0.556,1,"8","Vasp"
0.000137292190595321,1.77609094597611,0.275,0.052,1,"8","Kif14"
0.000137454032559946,0.453316827046431,0.85,0.62,1,"8","Sp3"
0.000144138484589727,1.25783963676488,0.62,0.226,1,"8","Cmc2"
0.000146583275901414,1.14918608073801,0.947,0.63,1,"8","Msra"
0.000147942408414567,0.864192810855194,0.803,0.493,1,"8","Ube2m"
0.000148057819112422,2.19133787734205,0.358,0.097,1,"8","Dgkh"
0.000149804757720095,5.52981453855977,0.34,0.008,1,"8","B430010I23Rik"
0.000149804757720095,2.58092410635967,0.247,0.028,1,"8","Mxd3"
0.000151387718947071,1.63389262574551,0.835,0.434,1,"8","Tmx4"
0.000154049945701614,1.56415302684168,0.338,0.072,1,"8","Carhsp1"
0.000154049945701614,1.96422107416213,0.321,0.057,1,"8","Aunip"
0.000154931122072396,1.16290970173236,0.735,0.341,1,"8","Ccdc125"
0.000158247444712335,0.587731874063106,0.467,0.217,1,"8","Cgas"
0.000158536181678298,1.02158909856049,0.822,0.484,1,"8","Tmem165"
0.000160968328265992,0.951787020434571,0.907,0.664,1,"8","Pgls"
0.000161275021750604,1.41479036884486,0.515,0.198,1,"8","C1qtnf12"
0.000161720604037506,0.594270081446877,0.853,0.547,1,"8","Txndc17"
0.000162015387974999,0.975429615523199,0.467,0.174,1,"8","Ncln"
0.000163385288660981,4.08181285402473,0.357,0.024,1,"8","Slc16a3"
0.00016492366105892,0.847413881067998,0.52,0.251,1,"8","Htra2"
0.000167342496479717,0.924311988310872,0.442,0.205,1,"8","Ccdc88b"
0.000168357365664115,1.22121358351838,0.669,0.254,1,"8","Slc43a3"
0.000171539506102277,0.752783956230231,0.785,0.447,1,"8","Ptpn7"
0.000172567084877402,0.126694174308457,0.768,0.479,1,"8","Rab5c"
0.000173253511242367,2.16344698762521,0.622,0.149,1,"8","Msantd3"
0.000175705929217228,1.16856002857648,0.565,0.213,1,"8","Kif20b"
0.000177734354127523,0.856956319134057,0.676,0.343,1,"8","Apaf1"
0.000178993069158902,1.85908921371043,0.374,0.078,1,"8","Mybl2"
0.000180999738081845,0.763929511786028,0.557,0.263,1,"8","Tbc1d10b"
0.00018671252499422,1.66212509238283,0.378,0.09,1,"8","Cdkn2c"
0.000189655224905785,0.825797698730046,0.562,0.278,1,"8","Fbxl14"
0.000194236252484378,1.47598910875585,0.46,0.111,1,"8","Mis18bp1"
0.00019745556180894,0.513461433404879,0.733,0.452,1,"8","Snf8"
0.000198303153039241,1.38722457750585,0.343,0.089,1,"8","Mcm10"
0.000200467654904828,2.03697062853104,0.399,0.08,1,"8","Efcab11"
0.00020481443134621,2.20227768700812,0.421,0.07,1,"8","Aurka"
0.00021135353340823,0.873885971868564,0.796,0.459,1,"8","Mrps18c"
0.000211608453509419,0.800919173422255,0.645,0.309,1,"8","Sirt7"
0.000213868014425616,0.414866260840617,0.506,0.283,1,"8","Cenpq"
0.000214329407372875,0.412706976781502,0.719,0.495,1,"8","Add3"
0.000220599515611481,0.441545983846213,0.266,0.041,1,"8","Cib2"
0.000227044713684145,1.04530220603883,0.573,0.213,1,"8","Hk2"
0.000231080752805175,0.520610807643861,0.544,0.278,1,"8","Rab1b"
0.000231197964093393,0.826686375983791,0.91,0.621,1,"8","Rab21"
0.000238991157903499,1.53790200503065,0.384,0.108,1,"8","Cenpu"
0.000240525977593095,1.15911344423392,0.867,0.545,1,"8","Mrpl18"
0.000242297461266447,1.63316049080212,0.384,0.08,1,"8","Sgo1"
0.000244777966942831,0.439406560002594,0.811,0.572,1,"8","Cntrl"
0.0002462995613038,0.969257950981748,0.735,0.365,1,"8","Mafg"
0.000247907616134384,1.65658011381997,0.399,0.08,1,"8","Pirb"
0.000252610897486015,0.850883410239221,0.855,0.554,1,"8","Rer1"
0.000253355938526726,1.32703220564917,0.865,0.47,1,"8","Kmt5a"
0.000253976368838715,5.7071632525286,0.3,0.003,1,"8","Chst13"
0.000253976368838715,3.17019923635725,0.236,0.014,1,"8","Gm13431"
0.000257739717550728,0.60080257125427,0.777,0.482,1,"8","Topbp1"
0.000260351726784523,1.2384247544389,0.324,0.12,1,"8","Rdh12"
0.000265480478698291,1.05956999678382,0.45,0.097,1,"8","Stom"
0.000272943576237172,1.42817290473442,0.469,0.152,1,"8","Fmo5"
0.00027463506187562,0.569415997328925,0.621,0.29,1,"8","S100a1"
0.000276036015801218,0.888470636421143,0.554,0.265,1,"8","Cdk2"
0.000278858012958104,1.18286608823461,0.409,0.191,1,"8","Tmem154"
0.000283304690596119,0.464639284299361,0.733,0.455,1,"8","Pcbd2"
0.000290847220957841,1.70736233086278,0.291,0.059,1,"8","Kpna2"
0.000296914850760254,1.12143765704664,0.59,0.338,1,"8","B4galt6"
0.000311796129971209,0.950939620451685,0.811,0.434,1,"8","Lpgat1"
0.000314321649407016,1.57447716899799,0.356,0.092,1,"8","Stil"
0.000314956970087347,0.774321856102295,0.461,0.204,1,"8","Gsdmd"
0.00032395735452503,0.38415439989843,0.476,0.265,1,"8","Arf6"
0.000326020378514116,0.26418235094305,0.671,0.42,1,"8","Elof1"
0.000337019737207603,0.985662833818571,0.718,0.314,1,"8","Trappc2l"
0.000341151788968324,0.40168892536692,0.726,0.445,1,"8","Prkcd"
0.000350423154764135,0.792029182950324,0.841,0.544,1,"8","Mrpl20"
0.000350830098182455,0.852213206181133,0.366,0.149,1,"8","B4galt3"
0.000359948095430302,5.57694478898501,0.372,0.005,1,"8","F10"
0.000359948095430302,4.64824653330331,0.264,0.017,1,"8","Cxcr2"
0.000363244186809699,0.50736916559881,0.578,0.285,1,"8","Man1c1"
0.000371093799497345,0.618686561845529,0.645,0.396,1,"8","Arhgap4"
0.000373331850518047,1.20532134126065,0.691,0.3,1,"8","Atg101"
0.000374747975833875,0.957854206853916,0.801,0.572,1,"8","Tubb4b"
0.000387433247295816,1.34246870271619,0.466,0.163,1,"8","Cdca2"
0.000394396382730083,0.511111635576409,0.874,0.647,1,"8","Hipk2"
0.000396685887275506,1.16419123138541,0.581,0.221,1,"8","Fen1"
0.000397691975333822,1.06794599034189,0.858,0.65,1,"8","Dbi"
0.000398373037256121,0.658245454879989,0.528,0.264,1,"8","Dynlt1f"
0.000400513058003031,1.28937887003238,0.603,0.237,1,"8","Med31"
0.000402333377220941,0.844347546178582,0.528,0.211,1,"8","Lpcat2"
0.000404317432187247,0.321776936110466,0.793,0.573,1,"8","Ndufc1"
0.000409661130683379,0.761667402304653,0.76,0.486,1,"8","Bub3"
0.000413400690061176,1.46129501701277,0.381,0.121,1,"8","Cd33"
0.000414078365231358,0.457411165817274,0.432,0.219,1,"8","Entr1"
0.000424504916191665,0.820370467548197,0.775,0.381,1,"8","Ugp2"
0.000426389794817904,0.55618021053587,0.606,0.367,1,"8","Pin1"
0.000426800139071214,1.86910732635054,0.485,0.118,1,"8","Arl11"
0.000427408349717623,0.998146536350869,0.59,0.26,1,"8","Usp39"
0.000428598929696673,0.464916637599655,0.926,0.719,1,"8","Tsc22d4"
0.000434994399523702,0.825245828816821,0.733,0.355,1,"8","Sla"
0.00044198462355847,0.194467974583866,0.668,0.437,1,"8","Eif4ebp1"
0.000450162116602967,0.969443327343272,0.488,0.209,1,"8","Ulbp1"
0.000466019461926155,1.27389392955354,0.517,0.183,1,"8","Mlx"
0.000473104662278287,0.569589500867063,0.924,0.705,1,"8","Arf5"
0.000477697010393291,0.694987081579212,0.815,0.523,1,"8","Ndufa11"
0.000489672556987932,0.456760652509858,0.713,0.446,1,"8","Ppp4c"
0.000494324738147379,4.44970058089711,0.213,0.004,1,"8","Fpr2"
0.000498285862425117,3.7778883459493,0.299,0.019,1,"8","Gm10282"
0.00052065050344755,1.35332658445572,0.738,0.317,1,"8","Csgalnact2"
0.000529733195805526,0.829443278554044,0.856,0.506,1,"8","Ndufa1"
0.000530617009550018,0.61138155844059,0.715,0.345,1,"8","Me2"
0.000533644347853833,2.0133685373007,0.329,0.073,1,"8","E2f7"
0.000558907543306418,1.89313204057739,0.562,0.185,1,"8","Mxd1"
0.000560436090038399,1.56904882263724,0.341,0.101,1,"8","2610507I01Rik"
0.000569992674149767,0.948919456687215,0.477,0.137,1,"8","Tmem9b"
0.000598268830969312,2.28813385943911,0.335,0.046,1,"8","Kif2c"
0.000607873485615936,3.55356731083656,0.268,0.024,1,"8","Il1r2"
0.000616921067951811,0.836214880451139,0.551,0.258,1,"8","Klf7"
0.000618212695256533,1.47869168548769,0.419,0.127,1,"8","Plod3"
0.000620573098825818,0.486952764107064,0.669,0.22,1,"8","Ctsh"
0.000628590487366065,1.49991799441902,0.576,0.198,1,"8","Fam160a2"
0.000649241246264854,0.829287384165852,0.831,0.521,1,"8","Fry"
0.000656275225539507,0.543074034785211,0.812,0.49,1,"8","Lamtor1"
0.000657712464738453,1.07730946494974,0.795,0.485,1,"8","Cycs"
0.000666529128226072,1.24540186114391,0.725,0.34,1,"8","1700123O20Rik"
0.000669991950455514,1.09303246653784,0.751,0.366,1,"8","Arsb"
0.00067425288661717,1.61312549273424,0.356,0.086,1,"8","Asns"
0.000676999899851017,1.20238210227908,0.524,0.202,1,"8","Dbf4"
0.000699021184665743,0.892290878177472,0.781,0.41,1,"8","Micu1"
0.000702283665467698,1.20742328196966,0.613,0.266,1,"8","B4galnt1"
0.000706287053294167,0.237799102666872,0.532,0.264,1,"8","Ebi3"
0.000706961578568682,2.6581962746999,0.369,0.025,1,"8","Slc22a4"
0.000709323432366783,0.759167381227006,0.756,0.46,1,"8","Mrps15"
0.000715240453040434,0.649809358214584,0.79,0.585,1,"8","Pcna"
0.000721663781222248,1.21928125485172,0.638,0.259,1,"8","Magi3"
0.000741912466974279,1.03941970252845,0.867,0.521,1,"8","Ak2"
0.000745455391017262,0.344120904192823,0.933,0.717,1,"8","Kif5b"
0.000748116504020383,1.47331814988918,0.37,0.118,1,"8","Rgs14"
0.00076753774282691,2.67907725782306,0.649,0.304,1,"8","Nkg7"
0.000767767769438267,0.761159983238794,0.91,0.666,1,"8","Psmb3"
0.000772964857717914,0.109516100861839,0.727,0.451,1,"8","Atp6v1b2"
0.00081228698248757,0.209169494475713,0.709,0.496,1,"8","Tmem208"
0.000813710709725828,1.44055886531557,0.319,0.065,1,"8","Aspm"
0.000828991770136257,0.638717161067035,0.392,0.168,1,"8","Kif24"
0.000832048730984014,0.541633744797929,0.878,0.568,1,"8","Serp1"
0.000838637982836427,1.18585887027713,0.884,0.522,1,"8","Atp6v1e1"
0.00084138908172681,1.27552753465188,0.544,0.183,1,"8","Chaf1a"
0.000854338240297952,0.8028740121832,0.54,0.274,1,"8","Abca7"
0.000858316872272494,1.34667156332571,0.326,0.086,1,"8","Pkmyt1"
0.000866237926485566,1.26790460253597,0.434,0.156,1,"8","Ints12"
0.000877700508357263,0.861569304326754,0.611,0.291,1,"8","Mcm4"
0.000913856464809922,0.225112662413244,0.608,0.404,1,"8","Rbl1"
0.000920427921645402,2.37938777102465,0.45,0.055,1,"8","Rogdi"
0.000940127339455981,0.276038261566294,0.526,0.294,1,"8","Soat1"
0.000953362814751275,6.87909742872764,0.288,0.002,1,"8","Mgam"
0.000953362814751275,8.90530252056783,0.268,0,1,"8","F730016J06Rik"
0.000953362814751275,3.95054955556887,0.258,0.018,1,"8","Crispld2"
0.000953362814751275,4.66764945915297,0.236,0.01,1,"8","Tex15"
0.000953362814751275,9.37033514379083,0.219,0,1,"8","Gm3942"
0.000959494957641535,0.344835843060082,0.86,0.617,1,"8","Grk2"
0.00099183728030559,1.47158149722874,0.443,0.131,1,"8","Slc35e1"
0.000996382448274806,0.772301143705761,0.619,0.33,1,"8","Triobp"
0.00103249455163661,3.12261137185009,0.29,0.014,1,"8","Lilrb4a"
0.00106458467849071,1.22155254927064,0.73,0.352,1,"8","Mcee"
0.00112253193067328,0.742715401492993,0.413,0.176,1,"8","Metrn"
0.0011311152449332,1.15944938336118,0.63,0.187,1,"8","Tuba1c"
0.0011311152449332,0.956115726297129,0.61,0.3,1,"8","Smn1"
0.00115505228796338,1.63393649190869,0.906,0.47,1,"8","Cers6"
0.00116779164726118,1.38511778368468,0.383,0.123,1,"8","Gm10851"
0.00118593259025929,0.806607130179212,0.473,0.202,1,"8","Ndufaf3"
0.00123452818050172,0.893759692469945,0.904,0.659,1,"8","H2afj"
0.00125383551392992,3.08636603205211,0.233,0.02,1,"8","Tspoap1"
0.00129204222575171,0.717808154334076,0.438,0.218,1,"8","Nme6"
0.00132945237099625,1.69858001133208,0.328,0.069,1,"8","Cdca5"
0.00134357874699913,0.363109076035258,0.848,0.619,1,"8","Rin3"
0.00135444396905321,0.404560724683044,0.471,0.256,1,"8","Ctdsp1"
0.00136757857576715,1.04657562201461,0.54,0.224,1,"8","Pgs1"
0.001398631737043,0.338959340053339,0.845,0.6,1,"8","Cab39"
0.00142263135178096,0.214305677616716,0.59,0.382,1,"8","Pde6d"
0.00143201941967482,0.480405936369142,0.469,0.245,1,"8","Bak1"
0.00146035360972534,0.650581133626685,0.933,0.703,1,"8","Ankrd12"
0.00148403845225557,2.16355310376091,0.42,0.082,1,"8","Gadd45b"
0.00148456874982409,1.40217706072529,0.37,0.101,1,"8","Vegfa"
0.00149999407019715,2.43622240490528,0.454,0.082,1,"8","Nrg2"
0.00152160061763271,2.072761498313,0.51,0.111,1,"8","Cdc20"
0.00155168039560127,1.19197848696071,0.594,0.254,1,"8","Sephs2"
0.0015585784236579,0.926632641676066,0.681,0.326,1,"8","Rnaseh2b"
0.00156925685475721,1.6044344723661,0.436,0.164,1,"8","Ntng2"
0.00164002735363048,2.03068818447492,0.281,0.049,1,"8","Foxm1"
0.0016612280191526,0.275817333526937,0.71,0.451,1,"8","Atp6v1d"
0.00166613202925139,1.44045930235592,0.372,0.119,1,"8","Cdc6"
0.00167745931751018,0.583246212136583,0.435,0.211,1,"8","Brpf1"
0.00168835452673554,0.359727041778084,0.592,0.255,1,"8","Cpeb4"
0.00169254328658897,0.514651257493097,0.665,0.413,1,"8","Flot1"
0.0016960291639754,0.853806232929748,0.695,0.397,1,"8","Exosc8"
0.0017206212757194,0.483497059461568,0.671,0.414,1,"8","Was"
0.0017423800729783,0.998152446644882,0.754,0.374,1,"8","Cdca7"
0.00174272564630737,0.37971481081907,0.678,0.407,1,"8","Ppp1r18"
0.00174410180717373,0.864501893329926,0.753,0.386,1,"8","Rab28"
0.00181964548186825,0.68716438307242,0.953,0.724,1,"8","Lims1"
0.00182346989838934,5.43969946937181,0.315,0.006,1,"8","Glt1d1"
0.00185367938321321,1.93699611168759,0.444,0.052,1,"8","Mgll"
0.0019402769234137,1.26093951347777,0.702,0.278,1,"8","Mcm5"
0.00198415287044554,0.847011762296275,0.589,0.27,1,"8","Ppp1r15b"
0.0019930968558573,1.28082909282187,0.742,0.344,1,"8","Dock5"
0.00199343092416965,0.715479399689634,0.403,0.166,1,"8","Prkar2a"
0.00201588858911472,0.81887579815756,0.656,0.353,1,"8","Nxt1"
0.00201770085319897,1.66983740172157,0.249,0.041,1,"8","I830077J02Rik"
0.00202196677861309,0.53670142584663,0.865,0.597,1,"8","Gnai3"
0.0020262819571752,1.16756326149115,0.711,0.291,1,"8","Jdp2"
0.00203045561444917,0.338247836595084,0.752,0.512,1,"8","Trappc4"
0.00207863804018983,1.87637060069297,0.537,0.224,1,"8","Sdf2l1"
0.00208673149580822,0.707570634116427,0.657,0.337,1,"8","Tmem248"
0.00212844230350912,0.837570389511377,0.806,0.539,1,"8","Dpy30"
0.00217821357585482,0.80279034549723,0.439,0.201,1,"8","Lyrm2"
0.00223304523990418,1.96141276998068,0.254,0.051,1,"8","Ska3"
0.00224147760053541,0.45052505996183,0.785,0.56,1,"8","Rad21"
0.00226110956997018,5.2067109214148,0.233,0.005,1,"8","AI839979"
0.00226621225875703,0.410179174301359,0.569,0.311,1,"8","Vma21"
0.00235276416813828,1.7019336213688,0.625,0.183,1,"8","Cpd"
0.00239505744406328,1.13738768239184,0.656,0.306,1,"8","Orc6"
0.00240413257118672,3.23328338286319,0.317,0.025,1,"8","Tuba8"
0.00248181251974977,1.08588996136727,0.489,0.171,1,"8","D1Ertd622e"
0.00253684240249378,1.77107225562181,0.69,0.344,1,"8","Zmpste24"
0.00255323556459953,2.3792100438758,0.256,0.036,1,"8","Hist1h2bj"
0.00259009626036847,0.307412611543947,0.642,0.351,1,"8","Rbbp8"
0.00259237533930786,0.935266523835903,0.833,0.473,1,"8","Csnk2b"
0.00260276384909425,0.994695547715863,0.716,0.378,1,"8","Dnajb11"
0.00265338187507493,1.56662489945122,0.349,0.086,1,"8","Poc1a"
0.00266338916408675,1.00877808778133,0.389,0.169,1,"8","Zfand2b"
0.00268616123968733,0.634595129008001,0.614,0.322,1,"8","Taf12"
0.0027180113657442,1.15995947208115,0.455,0.157,1,"8","1700037H04Rik"
0.00273008931830454,1.45181774660237,0.643,0.217,1,"8","Pik3cb"
0.00276674467891838,3.05909138491242,0.251,0.02,1,"8","Mocos"
0.00283044134003288,0.376107465349162,0.719,0.473,1,"8","Dap"
0.00297440983987884,0.649206406044032,0.874,0.648,1,"8","Edf1"
0.00298073048006722,0.674846259335331,0.843,0.55,1,"8","Chmp2a"
0.00300093999166372,0.723189760303547,0.698,0.421,1,"8","Lasp1"
0.00301230244601798,0.746920396133873,0.475,0.272,1,"8","Fgd3"
0.00302329985259491,0.986434709498288,0.781,0.432,1,"8","Ccdc88c"
0.00306821094965197,0.639611220747111,0.942,0.705,1,"8","Ppp1cb"
0.00313816440689469,0.473153886738836,0.773,0.419,1,"8","Nedd9"
0.00316032708946329,0.423285165233407,0.574,0.323,1,"8","Pih1d1"
0.00320646719333598,0.779818850969685,0.465,0.223,1,"8","Mycbp"
0.00321523467111919,0.930973909684261,0.36,0.126,1,"8","Bard1"
0.00328346938171462,0.446844017936289,0.686,0.448,1,"8","Mgat2"
0.00330018034308706,0.899559336315033,0.84,0.506,1,"8","Rps6ka1"
0.00333278418251926,0.385555267620502,0.547,0.317,1,"8","Tmem40"
0.00333739735825636,1.09378914542684,0.808,0.551,1,"8","P4hb"
0.00337106663598459,0.272313717547885,0.851,0.636,1,"8","Sypl"
0.00346293871993847,1.10350141779552,0.404,0.157,1,"8","Zscan29"
0.00352347370813225,0.603856792033435,0.778,0.547,1,"8","Cuedc2"
0.00354495795042081,0.912594029230442,0.347,0.123,1,"8","Cenpm"
0.0035660320459977,0.389053482911107,0.867,0.657,1,"8","Uqcr10"
0.00360685763093299,0.265698701596667,0.502,0.279,1,"8","Ehbp1l1"
0.00363571793666094,5.79379157709714,0.292,0.005,1,"8","Dmkn"
0.00365049337692134,0.514190383659686,0.764,0.465,1,"8","Mkrn1"
0.00365049337692134,0.613895152583791,0.865,0.584,1,"8","Ptpn6"
0.00366135798960904,0.614274804456272,0.442,0.098,1,"8","Tnfaip2"
0.00367283216292371,0.50867335597818,0.495,0.271,1,"8","Hras"
0.00370463528135971,2.33520941678605,0.339,0.061,1,"8","Cdh23"
0.00375878481179356,0.921657401150189,0.839,0.555,1,"8","Lsm6"
0.00377080268322388,1.99599487943301,0.253,0.048,1,"8","Iqgap3"
0.00378537486262042,0.73676070427851,0.662,0.392,1,"8","Ncapd3"
0.00387796750071753,0.811819919193169,0.807,0.49,1,"8","Cnih4"
0.00396157185137501,1.80417826041137,0.289,0.051,1,"8","Kif20a"
0.00397494850179029,0.467105312594774,0.666,0.422,1,"8","Trappc5"
0.0039840388201507,0.548814241437496,0.803,0.559,1,"8","Uchl5"
0.00404511899626478,4.1543052990548,0.222,0.018,1,"8","1500015L24Rik"
0.00405807692866809,0.723140819679207,0.583,0.27,1,"8","Atad5"
0.00406736957957295,1.56775168288654,0.458,0.124,1,"8","Cenps"
0.00407005912833904,0.596032580377613,0.656,0.352,1,"8","Fam222b"
0.0040863625590415,0.452468773630324,0.806,0.539,1,"8","Mrps21"
0.00410515276149945,0.656346509386094,0.495,0.287,1,"8","Il18rap"
0.00417742632392241,1.84826779447557,0.733,0.374,1,"8","Med21"
0.00420387380483709,1.9974573829624,0.309,0.07,1,"8","Slc6a13"
0.00423458816134841,1.57228000867253,0.324,0.078,1,"8","Sec22c"
0.00426255349719589,0.405440974044687,0.828,0.594,1,"8","Mapre1"
0.00431855120629856,0.95641837359797,0.512,0.198,1,"8","Cdt1"
0.00439679639181036,0.98750820088613,0.928,0.651,1,"8","Ppp2r5a"
0.00442478763998848,0.591132172216609,0.91,0.649,1,"8","Aff1"
0.00443550568394991,0.481336705451014,0.632,0.401,1,"8","Impa1"
0.00461554389287109,0.197470654790744,0.711,0.472,1,"8","Trappc6b"
0.00462572715027265,0.841544317101907,0.583,0.307,1,"8","0610030E20Rik"
0.00464409105696775,0.546913224986276,0.855,0.645,1,"8","Mrps14"
0.00465748132562493,0.843714598700969,0.41,0.176,1,"8","Ube2t"
0.00480074506333842,1.15029587337341,0.549,0.333,1,"8","Syne2"
0.00482145382955916,0.596866255927616,0.549,0.268,1,"8","Pigyl"
0.00482606296152913,0.600648664619762,0.757,0.495,1,"8","Coa3"
0.00488508068942728,0.381077402385524,0.653,0.42,1,"8","Nsmce1"
0.00489961231859771,0.518813593329917,0.744,0.476,1,"8","Polr2g"
0.00490081198258963,1.63722949651394,0.504,0.15,1,"8","Mthfd2"
0.00501509188994793,0.912975115682144,0.343,0.121,1,"8","Cpeb2"
0.00502494593832789,0.937479376811139,0.569,0.276,1,"8","Sap30"
0.00504523275405878,0.70641038628492,0.748,0.441,1,"8","Fam173a"
0.0052613216138028,1.31522256422693,0.525,0.119,1,"8","Itpripl2"
0.00532901019528238,1.01426086467653,0.419,0.155,1,"8","Abtb1"
0.00532901286732756,1.08766285780607,0.415,0.15,1,"8","Pld1"
0.00533162362189211,0.765260288976917,0.784,0.459,1,"8","Dnmt1"
0.00552916307306333,0.99564562785635,0.391,0.163,1,"8","Riox1"
0.00553409920555167,0.553962381304951,0.485,0.233,1,"8","Ccdc25"
0.00553954854882409,1.04249477686898,0.327,0.119,1,"8","Pmm1"
0.00560649290321868,0.829297123374205,0.795,0.438,1,"8","Fkbp2"
0.00562701366359643,0.523756420807842,0.853,0.574,1,"8","Ndufa3"
0.00570205261067304,1.95945869993983,0.283,0.07,1,"8","Lhfpl2"
0.00570751899895492,0.402805643357316,0.46,0.253,1,"8","Bad"
0.00595160478311383,0.562072593267625,0.783,0.517,1,"8","Vps28"
0.0062774933949009,0.348627714908506,0.669,0.433,1,"8","Actr10"
0.00631187101353603,0.142011155502644,0.594,0.373,1,"8","Lamtor3"
0.00632912246988832,1.10837675347143,0.701,0.321,1,"8","Med8"
0.00634428117585842,0.265380607896759,0.54,0.312,1,"8","Map2k3"
0.00643719163734112,0.745993390044967,0.602,0.248,1,"8","Adgre5"
0.00643733456073609,0.553465629441593,0.441,0.212,1,"8","Cinp"
0.00645655448777709,1.38095613668581,0.492,0.148,1,"8","Fignl1"
0.00649321665170532,0.4520092452014,0.749,0.486,1,"8","Vrk1"
0.00653556966225465,7.64915698777774,0.253,0.002,1,"8","Slfn4"
0.00661220673438114,2.9288046366624,0.387,0.04,1,"8","2810408I11Rik"
0.00666243278467514,0.458015550738818,0.51,0.29,1,"8","Ttc32"
0.00670309401215579,0.811232150565755,0.747,0.482,1,"8","Lsm2"
0.00672057508706295,0.762346616370902,0.943,0.708,1,"8","Prdx6"
0.00694069391110735,0.108184411102256,0.442,0.231,1,"8","Dck"
0.00697455560260457,0.330706943058943,0.733,0.477,1,"8","Leprotl1"
0.0069831962306892,0.415661760513134,0.831,0.567,1,"8","Srsf9"
0.00725464510914799,0.415142595991585,0.66,0.419,1,"8","Aggf1"
0.00727179747854393,1.11846017153877,0.603,0.259,1,"8","Tm7sf3"
0.0072729638899611,0.607138730170496,0.885,0.668,1,"8","Atp5o"
0.0072841948080341,0.733606771656358,0.859,0.617,1,"8","Svil"
0.00738401334097942,0.439254187877279,0.644,0.387,1,"8","Sipa1"
0.00746102247443072,0.474511531955869,0.751,0.467,1,"8","Yaf2"
0.00747085490146814,0.910312267948046,0.517,0.197,1,"8","Capn1"
0.00752545972924268,1.17576290373646,0.432,0.148,1,"8","E2f1"
0.00760483525130243,1.47589163703748,0.611,0.261,1,"8","Fdps"
0.00827559864517072,0.519838100791795,0.86,0.616,1,"8","Ndufs5"
0.00852693374366764,0.214281603630873,0.708,0.429,1,"8","Azin1"
0.00869695791526858,0.394948451056565,0.506,0.257,1,"8","Fuca2"
0.00885127462469544,0.39564257178788,0.744,0.486,1,"8","Dctn3"
0.0090357316247651,0.811762559682134,0.802,0.52,1,"8","Hpf1"
0.00907500267383794,1.30586751395324,0.518,0.176,1,"8","Apmap"
0.00913950172022961,0.192434376468844,0.728,0.478,1,"8","Usf2"
0.00921181547622272,0.554691594551125,0.663,0.398,1,"8","Mcm3"
0.00928738405609983,1.1983109270968,0.804,0.399,1,"8","Rgs19"
0.00933362288287651,1.35841316356422,0.335,0.094,1,"8","Cenpl"
0.00946516693200525,0.985548080718808,0.59,0.262,1,"8","Usp46"
0.00948245271442803,0.883866506152649,0.499,0.209,1,"8","Rfc5"
0.00948346995951433,1.23099856073861,0.687,0.367,1,"8","Gsdme"
0.00964038311564764,0.78825845977798,0.426,0.159,1,"8","Hist1h4i"
0.00995079640794206,3.503708186198,0.224,0.021,1,"8","Ptges"
3.61225671136918e-14,2.30096077368556,0.981,0.755,1.16621707926554e-09,"9","Cdk6"
2.15439709727028e-13,2.88011920935106,0.89,0.358,6.9554710285371e-09,"9","Slc22a3"
3.34648316232712e-12,1.78929678672116,0.946,0.678,1.08041208895731e-07,"9","Vamp5"
1.35544482131488e-11,6.06212240101441,0.755,0.021,4.37605360561508e-07,"9","Mfsd2b"
3.73210724611975e-11,1.00181656535644,0.968,0.748,1.20491082440976e-06,"9","Gse1"
6.19151391001989e-11,1.38777289325963,0.967,0.761,1.99893026584992e-06,"9","Taok3"
7.97453436896737e-11,1.87268276563734,0.932,0.526,2.57457842102111e-06,"9","Dach1"
7.9884549539227e-11,6.11051626894922,0.68,0.026,2.57907268187394e-06,"9","Gna14"
1.00444656276797e-10,2.75495811666499,0.882,0.372,3.24285572789638e-06,"9","Gata2"
4.57935581005576e-10,5.62153832346478,0.677,0.013,1.4784450232765e-05,"9","Gata1"
5.00138130027986e-10,3.77402389116956,0.568,0.088,1.61469595279535e-05,"9","Itga2b"
5.85231569951102e-10,1.6990707861739,0.838,0.409,1.88942012358713e-05,"9","Muc13"
8.2672811668929e-10,2.9117367239317,0.822,0.254,2.66909172473137e-05,"9","Tgfbr3"
2.74943898964679e-09,1.82446429951837,0.854,0.575,8.87656377807465e-05,"9","Plxnc1"
2.75706178746688e-09,1.81683644540494,0.827,0.428,8.90117398083681e-05,"9","Adgrl2"
3.1121804378318e-09,0.697924323465438,0.894,0.473,0.0001004767454354,"9","Apoe"
3.50586051354791e-09,5.55507252666125,0.563,0.024,0.000113186706679894,"9","St8sia6"
4.07008008899913e-09,1.71909402588934,0.793,0.399,0.000131402535673337,"9","Ripor1"
4.40468205277088e-09,1.81199603272179,0.984,0.695,0.000142205160073708,"9","Zeb2"
5.60286105841998e-09,1.26578144339271,0.944,0.712,0.000180888369271089,"9","Asap1"
6.41203769400972e-09,6.72093463589235,0.587,0.022,0.000207012636951104,"9","Zg16"
6.93564799566343e-09,3.57628087113156,0.606,0.12,0.000223917395539994,"9","F2r"
7.66725142481688e-09,2.14749580762684,0.815,0.411,0.000247537212250213,"9","Zfpm1"
8.07789050679075e-09,3.17812855618691,0.687,0.153,0.000260794695011739,"9","Abcb4"
1.49626681636315e-08,4.8863049831999,0.562,0.029,0.000483069741662843,"9","Emilin2"
1.49626681636315e-08,4.77692260068652,0.448,0.014,0.000483069741662843,"9","Klf1"
1.49689353261181e-08,1.56995076534793,0.906,0.654,0.000483272077003724,"9","Gng12"
1.57017672580791e-08,2.51013923069186,0.525,0.105,0.000506931555927085,"9","E2f8"
1.76471578528627e-08,1.97646975032758,0.872,0.388,0.000569738491279672,"9","Asph"
2.54729120836244e-08,1.08211184147455,0.846,0.501,0.000822392966619814,"9","Nt5c3"
2.56339478288041e-08,1.75807417855955,0.789,0.428,0.000827592005652941,"9","Hmgb3"
3.03431745326113e-08,3.05695006460829,0.643,0.162,0.000979629389785356,"9","Mns1"
3.43765866262904e-08,5.39601625971769,0.566,0.017,0.00110984809922978,"9","Dpf3"
3.43765866262904e-08,4.89466646899762,0.569,0.023,0.00110984809922978,"9","Aqp1"
3.43765866262904e-08,5.15358974022358,0.468,0.007,0.00110984809922978,"9","Il1rl1"
4.64822603868671e-08,1.14209371165319,0.525,0.249,0.00150067977659001,"9","Tex30"
4.92097843219093e-08,1.86307809175659,0.915,0.54,0.00158873788683284,"9","Tnik"
6.13316965231592e-08,4.08713678285151,0.633,0.078,0.00198009382225019,"9","Optn"
9.24194997989517e-08,2.87420817204364,0.496,0.075,0.00298376355100916,"9","Zbtb16"
9.82399452825724e-08,1.78701299669051,0.952,0.595,0.00317167663344785,"9","Adk"
1.05479256193452e-07,1.37478448100986,0.608,0.298,0.00340539778620561,"9","Mdga1"
1.2264258738011e-07,1.61731307511096,0.713,0.303,0.00395951593356685,"9","Nkg7"
1.34217203953916e-07,3.57874516160661,0.465,0.046,0.00433320242965219,"9","Icam4"
1.41359340965206e-07,2.76733074264421,0.585,0.166,0.00456378632306167,"9","4930519L02Rik"
1.45576248354213e-07,2.1539748429988,0.623,0.166,0.00469992917811575,"9","Sdsl"
1.7203698794922e-07,1.50534910007623,0.707,0.328,0.00555421415594057,"9","Nol4l"
2.44530321695826e-07,2.95864801326825,0.605,0.142,0.00789466143594975,"9","Slc24a3"
3.00565233690858e-07,4.91304144772034,0.63,0.11,0.00970374856970934,"9","Car1"
3.07159306236206e-07,1.84051503546225,0.743,0.334,0.00991663820183591,"9","Gm15657"
3.28295454236716e-07,1.59726415119839,0.866,0.494,0.0105990187400324,"9","Frrs1"
3.51041122409995e-07,1.5464273411416,0.843,0.429,0.0113333626370067,"9","Cks2"
3.66498439506183e-07,1.52647769629178,0.754,0.34,0.0118324021194571,"9","Ap3s1"
3.81130019167373e-07,5.80095838958035,0.354,0.028,0.0123047826688186,"9","Cpa3"
4.02267683485886e-07,1.18851640282289,0.781,0.53,0.0129872121613418,"9","Cdc14a"
4.4170745567214e-07,0.912487709898437,0.706,0.415,0.014260525206375,"9","Fbxo9"
4.63240534045577e-07,1.14534099389198,0.817,0.5,0.0149557206416615,"9","Gclm"
5.42016690198277e-07,1.49157890886904,0.708,0.341,0.0174990088430514,"9","Arhgap10"
5.99432979730859e-07,1.79144108315422,0.698,0.321,0.0193526937506108,"9","Csgalnact2"
7.21352445736046e-07,1.80139895264376,0.58,0.206,0.0232888637105882,"9","C530008M17Rik"
7.3978508413368e-07,0.670142796537342,0.743,0.526,0.0238839614412559,"9","Fry"
8.25849688076695e-07,5.93760505018039,0.366,0.008,0.0266625571795561,"9","Olfr417"
8.25849688076695e-07,4.48869836342705,0.298,0.034,0.0266625571795561,"9","Parm1"
8.78121107487869e-07,2.83076356314407,0.546,0.145,0.0283501399552458,"9","Adamts3"
9.58021740666388e-07,0.76372375554288,0.86,0.584,0.0309297318974143,"9","Ezh2"
9.70619080240588e-07,1.84227008138293,0.867,0.481,0.0313364370055674,"9","Prkar2b"
1.4241750360226e-06,7.41998937575017,0.419,0.004,0.0459794910379896,"9","Csrp3"
1.49366589750473e-06,4.64635788027281,0.499,0.028,0.0482230035009401,"9","Samd14"
1.66463157861099e-06,1.53609216839406,0.955,0.687,0.0537426305154557,"9","Galnt1"
1.66896602330264e-06,1.62970583439814,0.561,0.221,0.0538825680623258,"9","Tfr2"
1.69599440038128e-06,1.05769647847871,0.518,0.142,0.0547551792163098,"9","Cd55"
1.73499721795225e-06,0.94763112736525,0.985,0.783,0.0560143851815882,"9","Igf1r"
1.76515934465433e-06,3.31987517323078,0.384,0.015,0.056988169442165,"9","Slc45a3"
2.12902140616596e-06,0.933347275392807,0.852,0.634,0.0687354560980681,"9","Kctd1"
2.31234950102877e-06,2.04603461188264,0.589,0.172,0.0746542036407139,"9","Pcdh7"
2.46496443132853e-06,1.92074279153192,0.755,0.299,0.0795813766654415,"9","Slc18a2"
2.50288373716543e-06,2.11806894063401,0.683,0.271,0.0808056014543859,"9","Galnt6"
2.74105246464609e-06,0.790953916078488,0.879,0.677,0.0884948788210989,"9","Ldha"
2.76636133658301e-06,1.44165318366729,0.962,0.758,0.0893119757515824,"9","Itga4"
2.78589970848869e-06,1.5060781744401,0.684,0.323,0.0899427720885573,"9","Nomo1"
2.9729140009477e-06,0.821596624939344,0.833,0.591,0.0959805285205964,"9","Nucb1"
3.08691824852726e-06,1.6462630724913,0.851,0.639,0.0996611556537025,"9","S100a10"
3.71441740100916e-06,1.71182608940916,0.904,0.59,0.119919965791581,"9","Sipa1l1"
3.7229983629128e-06,4.46546559381843,0.315,0.018,0.12019700214664,"9","P2ry1"
4.03487912664557e-06,2.68160146595509,0.531,0.11,0.130266072603752,"9","Gfi1b"
4.14780670136923e-06,2.40515120300124,0.803,0.412,0.133911939353705,"9","Ugcg"
4.39373574261619e-06,1.24109754049628,0.763,0.502,0.141851758450364,"9","Ubash3b"
5.14989594126165e-06,3.58637580901349,0.544,0.059,0.166264390463632,"9","Arap3"
5.1772439723338e-06,1.40680372532414,0.824,0.424,0.167147321646797,"9","Tal1"
7.75182569435383e-06,6.37553407174084,0.474,0.009,0.250267692542214,"9","Gm15915"
7.75182569435383e-06,5.72551468577882,0.365,0.009,0.250267692542214,"9","Dnah12"
8.33206371413925e-06,1.07334076709484,0.865,0.643,0.269000677010986,"9","Ybx3"
8.48431000055162e-06,0.849200251422554,0.906,0.682,0.273915948367809,"9","Metap2"
8.94189450136418e-06,1.26400215749296,0.459,0.209,0.288689063976542,"9","Gemin8"
1.06181726542114e-05,0.538278337129851,0.924,0.703,0.342807704141215,"9","Susd1"
1.24323763822302e-05,4.87392260262841,0.408,0.03,0.401379271500302,"9","1700006J14Rik"
1.31606922495156e-05,1.84137226066309,0.812,0.43,0.424892949275612,"9","Hdac7"
1.40887794879533e-05,2.23086678700736,0.529,0.15,0.454856245768571,"9","Smim5"
1.45515896915517e-05,1.87987737803603,0.669,0.252,0.469798073191747,"9","Mical3"
1.59404479567909e-05,4.67861758016385,0.343,0.018,0.514637362284994,"9","Epdr1"
2.10386591233518e-05,0.665982750294262,0.855,0.649,0.679233109797412,"9","Slk"
2.11818862914415e-05,2.5364659275447,0.365,0.06,0.683857198919187,"9","Nckap1"
2.16384517344864e-05,1.23427783767203,0.679,0.371,0.698597414247892,"9","Stat5a"
2.8035489660485e-05,4.1214581111234,0.243,0.016,0.905125783688757,"9","Gp5"
2.82376857871389e-05,0.993206401146367,0.746,0.461,0.911653685637778,"9","Cpsf2"
2.83417766406114e-05,0.813198377284791,0.924,0.675,0.915014258842139,"9","Heatr5a"
2.92770687991097e-05,1.03027103819339,0.851,0.598,0.945210166179256,"9","St3gal4"
3.18222375420557e-05,1.4494672787361,0.443,0.1,1,"9","Tnfaip2"
3.23872985920376e-05,4.1644883643947,0.371,0.01,1,"9","Tspo2"
3.23872985920376e-05,7.78080210264306,0.311,0.004,1,"9","Scin"
3.25111776570233e-05,2.25396642901457,0.733,0.252,1,"9","Blm"
3.25583711866526e-05,1.76842727892991,0.766,0.515,1,"9","Xylt1"
3.3554516004431e-05,1.81235365293091,0.33,0.087,1,"9","Dyrk3"
3.5879938081955e-05,0.854411638090795,0.705,0.401,1,"9","Fam126a"
3.79315348842444e-05,0.63428214878529,0.776,0.569,1,"9","Smap1"
4.73794653763545e-05,0.715384310293745,0.814,0.581,1,"9","Ptpn12"
5.64142344218208e-05,1.15921758581372,0.736,0.442,1,"9","Cpne2"
6.49082183166582e-05,4.24208870323545,0.401,0.036,1,"9","Clec4d"
6.50475622222749e-05,1.09744964143918,0.381,0.029,1,"9","Snca"
6.56068310601883e-05,2.5542253677045,0.262,0.038,1,"9","Cnr2"
7.13329533046304e-05,0.658618991064071,0.785,0.495,1,"9","B3gnt2"
7.15967997971947e-05,1.47686425425958,0.849,0.578,1,"9","Fam117a"
7.61041712465809e-05,0.72663662226301,0.71,0.492,1,"9","Ppm1g"
8.23873107777231e-05,0.778562799761221,0.829,0.605,1,"9","Nlk"
8.57768449170004e-05,0.650173790025793,0.73,0.529,1,"9","Dkc1"
9.02937023278637e-05,0.999034916112582,0.676,0.357,1,"9","Sord"
9.04117765535772e-05,0.807690317246369,0.759,0.369,1,"9","Blvrb"
9.40724598722389e-05,1.74880715094632,0.36,0.111,1,"9","Tek"
9.49677051248926e-05,2.91567125269732,0.351,0.091,1,"9","Rab27b"
0.000115161856457606,3.8087793318615,0.369,0.061,1,"9","Gm17590"
0.000119476929163195,1.24593054241955,0.685,0.415,1,"9","Spns3"
0.000125070981319408,0.672727429127486,0.902,0.69,1,"9","Stxbp5"
0.000126637106073466,1.49047394792894,0.844,0.569,1,"9","Atp13a3"
0.000129208146895081,6.98801153816247,0.217,0.007,1,"9","Ms4a2"
0.000142288609190276,0.761616552378041,0.759,0.527,1,"9","Ak2"
0.000143148727158823,1.15100592085229,0.779,0.481,1,"9","Camta1"
0.000144009995793023,0.89943743915532,0.895,0.649,1,"9","Tgfb1"
0.000153406034834408,0.846248514405355,0.456,0.241,1,"9","Tyms"
0.000159257208136019,1.73490359037724,0.429,0.157,1,"9","Rnf125"
0.000159317210746369,0.854035821595368,0.927,0.722,1,"9","Fermt3"
0.000160162843742923,3.22192112073761,0.527,0.071,1,"9","Steap3"
0.000167638150405007,1.76400565293868,0.473,0.195,1,"9","Daam1"
0.000170716779433909,1.44281069274426,0.931,0.668,1,"9","Hdgf"
0.000183408854114841,0.624556145370799,0.785,0.563,1,"9","Kcnn4"
0.000191421984905459,0.81798805465092,0.923,0.712,1,"9","Chchd3"
0.00021256856504522,1.03843107970398,0.783,0.52,1,"9","Pola1"
0.000218444354970831,1.80910642788772,0.628,0.238,1,"9","Tango2"
0.000227011076967387,1.31308820882519,0.909,0.688,1,"9","Pdcd4"
0.000228840630483419,0.89255243600374,0.757,0.536,1,"9","Crtc3"
0.00024439192110786,1.23634602341869,0.675,0.361,1,"9","Ubxn2a"
0.000253976368838715,6.255670858534,0.237,0.003,1,"9","Kif26b"
0.000268794815787965,0.832584338690951,0.521,0.319,1,"9","Tmem40"
0.000275231484994557,0.572639171186284,0.833,0.616,1,"9","Fyb"
0.000278227049513938,1.73752757695694,0.502,0.172,1,"9","Myo1d"
0.000299057077969817,1.25853333335322,0.551,0.268,1,"9","Rab37"
0.000307008581507378,2.38007868742198,0.411,0.102,1,"9","Fam189b"
0.000336805113539202,0.678130282145179,0.791,0.554,1,"9","Jpt1"
0.000340641024002101,0.956886536189934,0.834,0.575,1,"9","Anp32e"
0.000347945703145912,2.33876986175757,0.446,0.108,1,"9","Rab44"
0.000385580796792243,1.83614657371224,0.454,0.136,1,"9","Sept8"
0.000399453902654427,0.51737559640704,0.403,0.169,1,"9","Zfp385a"
0.000408487215999557,4.33601085497433,0.326,0.022,1,"9","Ces2g"
0.000415827955534102,1.33192627255806,0.551,0.256,1,"9","Khk"
0.000423291092159939,0.927308945084798,0.618,0.367,1,"9","Rcl1"
0.000424328426644161,1.44007742563429,0.55,0.256,1,"9","Ndrg1"
0.00043930169258452,0.991501546179645,0.758,0.508,1,"9","Sos1"
0.000442610945174052,3.8781512401916,0.3,0.027,1,"9","Tuba8"
0.000472961061766844,0.534694071088366,0.655,0.448,1,"9","Lsm8"
0.000485856689551339,1.19357148662836,0.721,0.431,1,"9","Nmnat3"
0.000491748359681123,2.74672974237684,0.369,0.012,1,"9","Kel"
0.000495682418783224,0.796419274138483,0.646,0.396,1,"9","Dpf2"
0.00050332353139613,1.86311377882554,0.471,0.161,1,"9","Stx2"
0.000555399104891542,0.47586658821962,0.655,0.426,1,"9","Cers2"
0.000558657125825744,4.5542073774337,0.319,0.034,1,"9","Slc25a21"
0.000561066830688428,0.668834322145647,0.703,0.491,1,"9","Eefsec"
0.000583512462920766,2.83218599097512,0.6,0.204,1,"9","Gnb4"
0.000587467668501034,0.98716935846636,0.832,0.587,1,"9","Usp48"
0.000601101855927903,0.970238490480287,0.582,0.331,1,"9","Prim2"
0.000628012990282938,0.596409260634102,0.881,0.627,1,"9","Baz1a"
0.000628763203347846,1.03056957338702,0.775,0.514,1,"9","Vkorc1l1"
0.000645700141883084,1.52931847172718,0.489,0.191,1,"9","Ubash3a"
0.000652406510237102,1.11641100076969,0.846,0.636,1,"9","Psd3"
0.000662979835545636,1.07039387718329,0.321,0.108,1,"9","Gadd45a"
0.00067031402694658,1.01954351652225,0.512,0.274,1,"9","Atad5"
0.000672291518451789,2.54804520072529,0.469,0.134,1,"9","Stx3"
0.000676481530494255,1.03941403001204,0.546,0.302,1,"9","Chek2"
0.000686382105149648,0.8001026113977,0.581,0.375,1,"9","Focad"
0.000691970535720346,0.941300557119662,0.46,0.199,1,"9","Hist1h1b"
0.000707039423301593,0.706542710841797,0.715,0.503,1,"9","Fam133b"
0.000722117849439387,0.918491369505945,0.709,0.461,1,"9","Ints6l"
0.000741379082433089,0.754011236411043,0.84,0.634,1,"9","Ago2"
0.000748398101900679,1.15764820630449,0.397,0.17,1,"9","Tmem64"
0.000759148021329969,1.06937481865324,0.539,0.29,1,"9","Mcm2"
0.000782798341456999,0.895288952790455,0.637,0.397,1,"9","Mms22l"
0.000846533574859156,0.527724214042702,0.566,0.355,1,"9","Rbbp8"
0.000846633640403418,0.718774003123689,0.575,0.36,1,"9","Nudcd2"
0.00084955483267196,1.77234116349277,0.579,0.213,1,"9","Cox6b2"
0.000919294157213804,1.16129707174355,0.599,0.353,1,"9","Cd9"
0.000936395911452937,1.40134048082241,0.602,0.273,1,"9","Pdlim1"
0.000953362814751275,4.46431426993527,0.275,0.007,1,"9","Mylk3"
0.000965691510210938,1.24808664663967,0.587,0.276,1,"9","Scamp3"
0.0010264416878574,0.80589417214443,0.6,0.393,1,"9","Ppat"
0.00110734080216058,4.16345688801079,0.28,0.014,1,"9","Kcng2"
0.00115275911308011,2.36623381007634,0.382,0.112,1,"9","Hemgn"
0.00116631770239849,1.73746927677521,0.73,0.416,1,"9","Casp3"
0.00116859625425002,0.925620133192886,0.535,0.274,1,"9","Ppp1r15b"
0.00118779437091239,0.612559826304881,0.74,0.484,1,"9","Rpn1"
0.00118828048990355,1.97749086616898,0.524,0.152,1,"9","Tent5a"
0.00120551334678896,0.645997959866641,0.693,0.486,1,"9","Topbp1"
0.00126411583261395,0.85720775155178,0.896,0.68,1,"9","Stat5b"
0.00126581408717383,1.05208762828461,0.527,0.264,1,"9","Tm7sf3"
0.0012849881895649,0.66026384599227,0.684,0.465,1,"9","Dnmt1"
0.00132110680334096,1.05575294720954,0.538,0.299,1,"9","Clybl"
0.00137351851878743,0.691931145155632,0.703,0.491,1,"9","Prkdc"
0.00140747420976038,0.94028924503238,0.47,0.261,1,"9","Zdhhc13"
0.00143944857657832,2.1684955817418,0.308,0.084,1,"9","Adgrl1"
0.00145869144604933,0.975170305745909,0.684,0.407,1,"9","Runx3"
0.00149556731071718,0.748843447196604,0.743,0.498,1,"9","Scfd2"
0.00152464753108455,3.65068010323983,0.247,0.027,1,"9","Btnl9"
0.0016067125131743,0.998429144773171,0.453,0.238,1,"9","Lrrc8b"
0.00176390918406965,1.051180860378,0.502,0.266,1,"9","Sun1"
0.00182346989838934,9.10095253355615,0.218,0.001,1,"9","Pdzph1"
0.00185145826683008,0.854044065291367,0.609,0.402,1,"9","Mcm3"
0.00191218041624988,1.78538954296218,0.309,0.107,1,"9","Tacstd2"
0.00191586682709219,0.912309372266553,0.629,0.374,1,"9","Slc45a4"
0.00193158670193052,1.08814504717816,0.46,0.229,1,"9","Rad18"
0.00193238544965966,0.840317251386833,0.652,0.414,1,"9","Mcm7"
0.00195345467486046,0.876387517197096,0.507,0.287,1,"9","Mcm5"
0.00199387937227429,0.90188131117039,0.78,0.526,1,"9","Mcph1"
0.00201281527555141,0.616525999370646,0.728,0.497,1,"9","Sfxn1"
0.00201568976547333,0.886807179450384,0.778,0.527,1,"9","Mcm6"
0.00205786009272189,1.1835890185617,0.529,0.275,1,"9","Frat2"
0.00210650496722806,1.39490750697169,0.512,0.235,1,"9","Bora"
0.00222685808652783,0.901278918389345,0.901,0.699,1,"9","Nucks1"
0.00224982531037949,0.806249626260338,0.617,0.412,1,"9","Sept11"
0.00226110956997018,5.65144123971118,0.268,0.003,1,"9","Atp1b2"
0.0022699458575742,1.26438473600393,0.589,0.298,1,"9","Dapk1"
0.00233966995436438,0.887488866181879,0.556,0.342,1,"9","Rad51b"
0.00237446203105123,1.32422266764544,0.411,0.188,1,"9","Ass1"
0.00245398800915315,0.62998644727236,0.761,0.547,1,"9","Atl3"
0.0024771871459673,0.968774753674809,0.808,0.475,1,"9","Dnajc6"
0.0024966425126424,0.983260501936465,0.56,0.307,1,"9","Dtl"
0.00250907149962794,0.984044732132287,0.434,0.226,1,"9","Mettl8"
0.00262284234692573,1.00145523697284,0.486,0.264,1,"9","Gtpbp1"
0.00265483539724974,0.647403803640676,0.779,0.515,1,"9","Tuba4a"
0.00268393121105467,0.7137635818959,0.7,0.455,1,"9","Tfdp1"
0.00279634154711057,0.585942390534715,0.682,0.455,1,"9","Usp1"
0.00280365448634027,1.10795937856769,0.843,0.572,1,"9","Spn"
0.00283144599688392,1.2016674451232,0.66,0.401,1,"9","Ptprs"
0.0028665832667415,1.5603705979232,0.743,0.488,1,"9","Ext1"
0.00295539372172225,2.36350368879345,0.387,0.107,1,"9","Pde5a"
0.00313329306627094,0.43234859639379,0.427,0.141,1,"9","Mt1"
0.00322597114479646,0.921630997672449,0.89,0.688,1,"9","Tut7"
0.00333479140826323,0.355711463086905,0.77,0.512,1,"9","Wdfy3"
0.00344642037971542,0.937877097189211,0.697,0.444,1,"9","Ppfia1"
0.00349063662117492,0.895482292991475,0.825,0.572,1,"9","Hk1"
0.00355335884823536,0.537923237179753,0.734,0.529,1,"9","Eif3b"
0.00356374416971861,0.859678200441127,0.724,0.516,1,"9","Mvb12b"
0.00357387860759517,1.08648574683569,0.556,0.287,1,"9","Pafah2"
0.00360443290252418,0.765507992177135,0.674,0.457,1,"9","Cdyl"
0.00364534067214938,1.28685020158432,0.624,0.299,1,"9","Tbc1d2b"
0.00377340785812858,0.391727289805296,0.624,0.418,1,"9","Dmac1"
0.00388547317522533,3.01018805751725,0.23,0.019,1,"9","Ermap"
0.00391569372656037,0.720105156804391,0.693,0.449,1,"9","Ctnna1"
0.00396561045021136,0.618077091553114,0.855,0.648,1,"9","Tet3"
0.0039695685145044,0.686905644611395,0.585,0.375,1,"9","Prkag1"
0.00434109030143435,0.755858011241618,0.855,0.644,1,"9","Tspan32"
0.0043479364714639,1.33536662968945,0.424,0.191,1,"9","Deptor"
0.0049345474176692,0.644767856929902,0.692,0.474,1,"9","Atic"
0.00504523275405878,0.75535274802664,0.651,0.422,1,"9","Nasp"
0.00515514436575338,1.11797510030121,0.4,0.19,1,"9","Spice1"
0.00527336216947037,0.669840055518995,0.674,0.468,1,"9","Itga6"
0.00542340124885848,0.990081344782783,0.864,0.554,1,"9","Lgals9"
0.00546120034581457,1.24558488502968,0.647,0.352,1,"9","Ank"
0.00551050733316408,0.892915051485705,0.717,0.429,1,"9","Mcu"
0.00558357662301152,0.78663828496909,0.665,0.454,1,"9","Slbp"
0.00563771081401327,0.695318738467415,0.809,0.573,1,"9","Ocrl"
0.00575778010384917,0.685511329308274,0.684,0.48,1,"9","Spidr"
0.00587585036904161,0.63611352673857,0.647,0.44,1,"9","Rae1"
0.0059360313565785,0.207601064996226,0.832,0.615,1,"9","Dennd4a"
0.00606537108461258,0.744336930484552,0.774,0.544,1,"9","Acadl"
0.00620498102660732,2.6571357141975,0.276,0.015,1,"9","Epor"
0.00628709544517076,0.676450259572885,0.774,0.55,1,"9","Ddb1"
0.00647944953580487,0.93156299774922,0.708,0.452,1,"9","Ptpn7"
0.00667944201064175,0.89093430033162,0.51,0.28,1,"9","Lig1"
0.0067171719272783,0.989403489676311,0.526,0.232,1,"9","Acss1"
0.00691523755972328,0.893829340542498,0.728,0.482,1,"9","Ldb1"
0.0069900753865206,0.654473002153033,0.681,0.479,1,"9","Kmt5a"
0.00740986339296525,0.876952468089324,0.542,0.334,1,"9","Phf10"
0.0074355971121538,0.70305177842887,0.78,0.556,1,"9","Eif4e"
0.00763422113646015,1.5216588669102,0.439,0.145,1,"9","Knl1"
0.00775690076603069,0.829361486176898,0.509,0.3,1,"9","Nfyb"
0.00790197220510903,0.631253150912417,0.784,0.568,1,"9","Stt3b"
0.00829279677271194,2.09595742248261,0.308,0.074,1,"9","Tspan33"
0.00898756711069611,0.794020029247859,0.522,0.278,1,"9","Arl4a"
0.00907767585452015,0.862049391378422,0.581,0.361,1,"9","Srm"
2.69309486814653e-08,3.1284020338823,0.576,0.111,0.000869465678181108,"10","Ccnb2"
3.68377605618689e-08,2.18328905415353,0.598,0.153,0.00118930709973994,"10","Cenpe"
8.27371286622566e-08,2.20288231449638,0.694,0.294,0.00267116819886095,"10","Hist1h2bc"
1.18917177746045e-07,1.7107011037594,0.544,0.136,0.00383924108353106,"10","Cenpf"
1.52918953297138e-07,2.41084641984145,0.513,0.134,0.00493698840719809,"10","Knstrn"
3.3302079369622e-07,2.36779560988488,0.671,0.231,0.0107515763244825,"10","Cenpa"
4.0395613699141e-07,0.713273294172743,0.938,0.667,0.0130417238827677,"10","Atp2b4"
5.86343549063809e-07,0.633085748236192,0.835,0.599,0.0189301014815251,"10","5031425E22Rik"
1.13256687256144e-06,1.96453614854208,0.422,0.11,0.0365649214806462,"10","Pde5a"
1.58511369331402e-06,0.450353549518932,0.667,0.464,0.0511753955886432,"10","Ppp1r10"
1.60434950775732e-06,0.51017494612675,0.652,0.425,0.051796423857945,"10","Fam160b1"
1.6443328643816e-06,0.972237521083399,0.69,0.406,0.0530872865265601,"10","Hmgn5"
2.7204119509749e-06,3.90439570958949,0.359,0.036,0.0878284998372247,"10","Scimp"
3.29323786575113e-06,0.717593936312432,0.481,0.26,0.106322184495775,"10","Hist1h1c"
3.7229983629128e-06,5.94461760402509,0.345,0.016,0.12019700214664,"10","Kcnq3"
4.61091931819519e-06,0.610819764507894,0.975,0.773,0.148863530187932,"10","Cdk19"
5.0336613668058e-06,2.32465256753815,0.707,0.269,0.162511757227325,"10","Tmem71"
5.29261855534309e-06,1.57451506241893,0.75,0.382,0.170872190059252,"10","Gata2"
5.89381333100056e-06,0.719103701551624,0.412,0.199,0.190281763391353,"10","Paox"
6.26389350306206e-06,1.49397622028368,0.54,0.268,0.202229801746359,"10","Tgfbr3"
6.30873970291096e-06,0.73662020315904,0.644,0.359,0.20367766130848,"10","Ddx39"
7.04638069611841e-06,1.35101811023932,0.543,0.247,0.227492400774183,"10","Laptm4b"
9.46906339840702e-06,2.53889490232704,0.473,0.1,0.305708711817571,"10","Emp1"
9.58446606956881e-06,0.474848838454559,0.949,0.727,0.309434487056029,"10","Cct2"
1.24539296016399e-05,0.992523911651823,0.557,0.321,0.402075117188944,"10","Ccdc91"
1.42341201820556e-05,2.57302964821418,0.403,0.114,0.459548570077665,"10","4933406J09Rik"
1.75035216565788e-05,0.292759257772566,0.817,0.606,0.565101196682646,"10","Emg1"
2.00214410045603e-05,0.408386162369007,0.869,0.646,0.646392222832231,"10","Arhgef6"
2.02977179615974e-05,0.783678052685474,0.988,0.727,0.655311824390172,"10","Adgrg1"
2.17150822477786e-05,1.5928335404132,0.396,0.116,0.701071430369532,"10","Cnn3"
2.30222864927187e-05,2.7871025963881,0.539,0.159,0.743274519417424,"10","Myo5c"
2.42861856801101e-05,0.775305371604543,0.904,0.702,0.784079504682355,"10","Nucks1"
2.6085440534176e-05,0.4979881966013,0.951,0.738,0.84216844764587,"10","Snrpf"
3.40428935464722e-05,0.417530674719435,0.913,0.704,1,"10","Dcaf8"
3.58732304381771e-05,1.09680425619173,0.705,0.381,1,"10","A630072M18Rik"
3.62087176449189e-05,0.486162625665738,0.794,0.581,1,"10","Gatad1"
3.70261134421462e-05,0.787191121995697,0.709,0.466,1,"10","Epb41l4b"
4.42103452802104e-05,1.8701110677036,0.438,0.124,1,"10","Slc16a11"
4.66862890301473e-05,1.42767970048633,0.522,0.22,1,"10","Cox6b2"
5.10862792603186e-05,0.902804340467494,0.618,0.234,1,"10","Mki67"
5.32189848045251e-05,1.96235046279428,0.304,0.07,1,"10","Aspm"
5.59018099409111e-05,4.50105639028763,0.294,0.025,1,"10","Ly6c1"
5.66709629823241e-05,1.39560521000432,0.47,0.151,1,"10","Cdca8"
5.83337299886683e-05,0.314739639163359,0.896,0.696,1,"10","Foxo3"
6.83037419837527e-05,0.979115837095817,0.754,0.433,1,"10","Hmgb3"
7.1584529784426e-05,0.59823549095573,0.681,0.431,1,"10","Togaram1"
7.85849173554375e-05,1.38950819021303,0.38,0.168,1,"10","Egln3"
7.91931533242104e-05,0.710142927684537,0.891,0.6,1,"10","Tsc22d1"
8.16349575842037e-05,0.820113713381278,0.952,0.731,1,"10","Hp1bp3"
8.41998427229396e-05,3.49977362536371,0.425,0.075,1,"10","Lypd6b"
9.2916324971228e-05,0.620619887148781,0.852,0.647,1,"10","Reps1"
9.30943410418651e-05,1.63207458221328,0.758,0.421,1,"10","Smad1"
9.61154654563199e-05,0.565957022225429,0.734,0.51,1,"10","Wsb1"
0.000101866889330811,1.20272607297926,0.815,0.468,1,"10","Egfl7"
0.000101866889330811,0.477988819970117,0.754,0.526,1,"10","Npm3"
0.000113545178835762,0.452572059116169,0.92,0.711,1,"10","Cct5"
0.000126127451770151,0.87623192611942,0.975,0.759,1,"10","Car2"
0.000136207739861207,0.565319408255741,0.78,0.534,1,"10","Pigx"
0.000141408263044889,1.37866788414457,0.659,0.308,1,"10","Cnrip1"
0.000153406034834408,0.683337530015089,0.552,0.329,1,"10","Mrps6"
0.000163629133707291,0.360318019020882,0.797,0.581,1,"10","Fkbp1a"
0.000177734354127523,1.07214608225439,0.57,0.259,1,"10","Lockd"
0.000192008655870189,0.917506981504862,0.812,0.535,1,"10","Itpkb"
0.000197329205996817,0.632680466954396,0.986,0.778,1,"10","Ssbp2"
0.000204177802588102,1.06434806145808,0.768,0.477,1,"10","Dap"
0.000225735512861968,1.06640988479633,0.705,0.387,1,"10","Smad7"
0.00023081871155568,1.35364217360074,0.769,0.437,1,"10","Cks2"
0.000244777966942831,0.690253302844867,0.812,0.564,1,"10","Rad21"
0.000261015598033454,0.308821941788364,0.68,0.462,1,"10","Gabarapl1"
0.000272916784185178,0.485887528741554,0.791,0.565,1,"10","Snx30"
0.000294439304226969,1.04889882783661,0.828,0.548,1,"10","Selenoh"
0.00030731287134624,0.465561998860332,0.79,0.572,1,"10","Mrpl24"
0.000307750489642714,0.703235605667599,0.58,0.366,1,"10","Inka1"
0.000332250492040137,0.899539924661176,0.839,0.542,1,"10","Ncoa3"
0.000348191698983162,0.614550833465757,0.737,0.492,1,"10","Fnbp1l"
0.000350964550558403,1.05877460343841,0.755,0.389,1,"10","Ptms"
0.000356173624601717,1.7333069957891,0.72,0.3,1,"10","Dntt"
0.00036205212359992,1.35945428227533,0.753,0.454,1,"10","Ctr9"
0.000365049352071496,0.675050756509581,0.974,0.704,1,"10","Sox4"
0.000372178223540292,0.689024833145795,0.949,0.646,1,"10","Cd34"
0.000402058232253256,3.28608316225237,0.319,0.039,1,"10","Nsg2"
0.000417024916231588,1.31313116558705,0.473,0.2,1,"10","Gm42047"
0.000422358495518324,0.45382156667954,0.763,0.518,1,"10","1110038B12Rik"
0.000426817189875119,1.24117615932675,0.54,0.256,1,"10","Nde1"
0.000440609158548524,1.26136657263719,0.38,0.106,1,"10","Cdca3"
0.000459312714440668,0.37070593822584,0.758,0.537,1,"10","Sugt1"
0.000483220804132128,0.722985773555077,0.933,0.688,1,"10","Sesn1"
0.000485693689551632,0.818766800397221,0.759,0.475,1,"10","Crim1"
0.000504768309274716,0.368241138715198,0.652,0.445,1,"10","Zkscan1"
0.000513924032708054,0.288674869660937,0.801,0.589,1,"10","Rmnd5a"
0.000538429035540982,0.566136399189887,0.952,0.748,1,"10","Sptbn1"
0.000575512858695381,0.949218133768453,0.72,0.376,1,"10","Cd48"
0.000579078910240209,0.869227958846735,0.506,0.279,1,"10","Frat2"
0.000605635614253267,0.628434431419877,0.87,0.625,1,"10","Fbxl20"
0.000652225070350017,1.24019553423622,0.624,0.326,1,"10","Ino80dos"
0.000714640907423316,0.553738042502197,0.837,0.59,1,"10","Polr2a"
0.000720911002588943,0.480658762352592,0.826,0.59,1,"10","Crebrf"
0.000732047687936487,0.717145142564772,0.864,0.625,1,"10","Ube2s"
0.000735310756917565,0.34363695556068,0.593,0.364,1,"10","Rhoq"
0.000767065233960067,0.725758718743856,0.962,0.743,1,"10","H2afv"
0.000767463419847917,0.50133071382273,0.795,0.551,1,"10","Ptbp1"
0.000776428673377294,0.839806768518026,0.769,0.498,1,"10","Cir1"
0.000803531040713268,0.8156000218988,0.697,0.418,1,"10","Gm20342"
0.000818080744018206,0.876737604264072,0.863,0.534,1,"10","Gabpb1"
0.000829974932716787,0.890776238610589,0.67,0.419,1,"10","A930015D03Rik"
0.000845939816627792,0.430689364357514,0.802,0.579,1,"10","Anp32e"
0.000848770661197862,1.01064989826243,0.566,0.306,1,"10","E230032D23Rik"
0.000853961367997853,0.780543618566471,0.47,0.268,1,"10","Unkl"
0.000875975998336238,1.05835629008478,0.793,0.465,1,"10","Adgrg3"
0.000908480748202714,1.00855372760768,0.816,0.572,1,"10","Adcy9"
0.000927286447595337,0.595162177495368,0.872,0.657,1,"10","Nrf1"
0.000943687143945279,0.842832928487326,0.943,0.657,1,"10","Vim"
0.000953362814751275,4.92654498431614,0.249,0.01,1,"10","Synm"
0.00100662292485587,2.16910417457725,0.398,0.121,1,"10","Cdc20"
0.00114497231555753,1.55408897392675,0.429,0.137,1,"10","Tpx2"
0.00115240001319839,0.502172166435797,0.517,0.315,1,"10","Pfdn4"
0.00118734815456338,0.527735613400828,0.711,0.491,1,"10","Bcr"
0.00119074475294685,0.423946499483494,0.838,0.59,1,"10","AU020206"
0.0012029939378393,1.54792648948811,0.319,0.107,1,"10","Dlgap5"
0.00120813877198528,0.316092321138261,0.639,0.416,1,"10","Churc1"
0.00123478365520485,0.624279868632261,0.938,0.719,1,"10","Dynll1"
0.00126411583261395,0.437618677609195,0.894,0.692,1,"10","Ddx39b"
0.00126545205857243,0.42931416694558,0.911,0.688,1,"10","Mtf2"
0.00126697557685757,0.206361116941085,0.763,0.562,1,"10","Glipr1"
0.00127991065859856,0.975190688395156,0.89,0.558,1,"10","Lgals9"
0.00129877986145386,0.577260236155503,0.681,0.459,1,"10","Bmyc"
0.00130131830513858,0.612478795304626,0.732,0.483,1,"10","Zfp422"
0.00131293082880962,0.465430878722578,0.762,0.509,1,"10","Ptp4a3"
0.00133627659278697,0.442849336744562,0.898,0.683,1,"10","Pabpn1"
0.00147116177833191,0.164553270902873,0.732,0.531,1,"10","Ak2"
0.00147117061839302,0.612967445987437,0.699,0.48,1,"10","Acsl5"
0.0016555285398903,0.505342230649111,0.813,0.599,1,"10","Rsbn1"
0.00167845349499272,1.12683603969609,0.51,0.227,1,"10","Mn1"
0.00170468936562044,0.611874591960576,0.657,0.419,1,"10","Ahdc1"
0.00177751848412042,0.64557233077077,0.766,0.517,1,"10","Xpc"
0.00178501087181583,0.54591820057307,0.865,0.661,1,"10","Tlk2"
0.0017885715331646,0.500460953010009,0.85,0.632,1,"10","Pde7a"
0.00185726697115015,0.859315167762657,0.505,0.241,1,"10","Ncapd2"
0.00186519934335899,0.3507932309779,0.966,0.759,1,"10","2410006H16Rik"
0.0020150580961461,0.68256738854224,0.878,0.625,1,"10","Impdh2"
0.0020930038248343,0.819971437047016,0.968,0.697,1,"10","Ctla2a"
0.00210179806209644,0.690896163615826,0.606,0.38,1,"10","Cks1b"
0.00211078911206318,1.03013869900959,0.812,0.481,1,"10","Cd93"
0.0021772677046864,0.685057600876435,0.944,0.675,1,"10","Rbpms"
0.00225760092772012,1.26041841097704,0.877,0.563,1,"10","Satb1"
0.00236980438589558,0.936089611634192,0.969,0.75,1,"10","Ifi203"
0.00237200014391545,0.307732418267384,0.828,0.614,1,"10","Ppp1r13b"
0.00241344676576404,1.16217961135851,0.422,0.191,1,"10","Rdm1"
0.00248914541444915,0.469816174306398,0.847,0.628,1,"10","Stap1"
0.00250414137554935,0.652395869873721,0.64,0.388,1,"10","Ramac"
0.00258449963013904,0.380075638437375,0.975,0.771,1,"10","Ifitm2"
0.00266953037810899,0.374828194312556,0.767,0.551,1,"10","Cnot6"
0.00268279474218897,1.26615511716494,0.777,0.516,1,"10","Dst"
0.00272899628195594,0.617434986167319,0.528,0.328,1,"10","Ccser2"
0.00284258827895072,0.489625726545032,0.833,0.609,1,"10","Ip6k1"
0.00286800875767978,0.422078463012094,0.903,0.661,1,"10","Klhl24"
0.00288738390982294,0.220885041836876,0.816,0.583,1,"10","Ssr3"
0.00289709128673599,0.383459909873924,0.732,0.47,1,"10","Tm6sf1"
0.00294261258537506,0.504574615036593,0.519,0.261,1,"10","Dhrs3"
0.0030134571322021,0.434837234678447,0.873,0.656,1,"10","Taf1d"
0.00304889036645541,0.451250285403884,0.589,0.378,1,"10","Zfp260"
0.00305068483138316,0.529080730771342,0.811,0.595,1,"10","Cdc40"
0.00306123268792841,0.447639490377784,0.753,0.548,1,"10","Adcy7"
0.00313784474880997,0.5924653213196,0.573,0.371,1,"10","Frmd6"
0.00319342928137407,0.74656185604343,0.532,0.293,1,"10","Bphl"
0.0033995275278039,1.40543688679304,0.36,0.12,1,"10","Bub1b"
0.00341349731574803,1.96069283494385,0.575,0.181,1,"10","H1fx"
0.00345350179846039,0.922154703494118,0.854,0.544,1,"10","Afap1l1"
0.00360443290252418,0.495960182226795,0.802,0.557,1,"10","Gng10"
0.00376318721679581,1.45717985799406,0.442,0.17,1,"10","Msrb3"
0.0037674115136981,0.919045987746068,0.697,0.419,1,"10","Spns3"
0.00384057455089998,0.676617457453599,0.97,0.734,1,"10","Ramp1"
0.00386288229133215,1.03464328244433,0.593,0.311,1,"10","Hmgn3"
0.0041587411857002,0.327661619613418,0.904,0.698,1,"10","Rtraf"
0.00419205631618223,0.278300803675456,0.93,0.716,1,"10","Sec11c"
0.00430464724269596,0.390420192811081,0.696,0.48,1,"10","Glo1"
0.00445203013624887,0.560383271501062,0.845,0.577,1,"10","Sirt3"
0.00451343424072774,0.391009159563489,0.674,0.469,1,"10","1700025G04Rik"
0.00465350026028859,0.401930509601003,0.81,0.58,1,"10","Magoh"
0.00467199337741188,0.333098233931148,0.882,0.667,1,"10","Psma1"
0.00468998703402491,0.492183481299613,0.592,0.373,1,"10","Stk16"
0.00480177503829818,0.693653338299063,0.516,0.307,1,"10","Ip6k2"
0.00487703301664009,0.39975557077208,0.71,0.481,1,"10","Mapkapk2"
0.00488508068942728,0.401251970574265,0.631,0.416,1,"10","Prxl2c"
0.00512641655703105,0.276406458652765,0.803,0.591,1,"10","Rbm8a"
0.00533162362189211,0.657920157506501,0.854,0.582,1,"10","Fam117a"
0.00534958347372849,0.752693880702073,0.793,0.534,1,"10","Ly6a"
0.00536430438679913,0.395748772413263,0.903,0.671,1,"10","Psmb3"
0.00536464707031524,0.392928930647972,0.778,0.578,1,"10","Cspp1"
0.0053951693692087,0.435523502173199,0.929,0.705,1,"10","Rai1"
0.00557235946639628,1.03340871129242,0.501,0.245,1,"10","Ddah2"
0.00564652742887848,0.645089592603264,0.878,0.639,1,"10","Zfp704"
0.0056519816014265,0.280062662114285,0.812,0.603,1,"10","Mrpl34"
0.00578339024329655,1.06222581566066,0.39,0.173,1,"10","Tbxa2r"
0.00579045753615549,0.293561842758912,0.648,0.439,1,"10","Fam214a"
0.00605881503723011,0.452384875917307,0.74,0.51,1,"10","Pstpip1"
0.00638996902692573,0.502718061231221,0.903,0.672,1,"10","Hdgf"
0.00641635527759537,0.332976974649999,0.636,0.433,1,"10","Fam192a"
0.00651558051558885,0.429263728323693,0.912,0.691,1,"10","Pdcd4"
0.00661640217945718,0.470868147473111,0.58,0.36,1,"10","Acads"
0.00662524939140909,0.407726599706894,0.837,0.627,1,"10","Setd7"
0.00690825367962105,0.417409500237186,0.633,0.393,1,"10","Rgs2"
0.00699741597187807,0.730390489980561,0.606,0.37,1,"10","Wipi2"
0.00701940599890049,0.393064633930515,0.94,0.733,1,"10","Cct4"
0.00703345028576323,0.963835480068746,0.742,0.466,1,"10","Plek"
0.00713927364635201,0.624843507389886,0.758,0.513,1,"10","Fmnl1"
0.0072729638899611,0.434240576332981,0.82,0.608,1,"10","Brd2"
0.0073882340747201,1.41164414783662,0.278,0.066,1,"10","Cdkn3"
0.00758162180335002,0.421301673351625,0.885,0.658,1,"10","Retreg1"
0.0075836291804784,1.73531571771493,0.321,0.089,1,"10","Hmmr"
0.00775334666600891,0.50508676272022,0.858,0.628,1,"10","Lsm4"
0.00783697898237917,1.18716495408331,0.437,0.19,1,"10","Castor2"
0.00794511791139215,0.541862243834346,0.917,0.695,1,"10","Rcc2"
0.00807656624569056,0.482977313161052,0.842,0.617,1,"10","Kdm1a"
0.00813915207148883,0.813065975596447,0.628,0.38,1,"10","Ift57"
0.00820316647823628,0.5366395823515,0.648,0.434,1,"10","Smad5"
0.0083630178790311,0.236727485384221,0.758,0.546,1,"10","Cd24a"
0.00837920351865546,0.478384868354788,0.754,0.534,1,"10","Rest"
0.00849242156783177,0.143374151792619,0.722,0.463,1,"10","Slc43a2"
0.00886204033523605,0.588619333873672,0.538,0.322,1,"10","Maml1"
0.00907361219246062,1.6229658295399,0.335,0.125,1,"10","Ckap2"
0.00966362473631251,0.549408205239997,0.615,0.411,1,"10","Dusp2"
0.00999906800741813,1.44177800037258,0.725,0.338,1,"10","Il12a"
1.31741772108963e-19,6.32192706030702,1,0.058,4.25328311253788e-15,"11","Ebf1"
4.67146010681094e-19,6.63737101814409,0.869,0.019,1.50818089548391e-14,"11","1700027J07Rik"
1.68231385635441e-18,4.97251517200485,0.983,0.127,5.43135028524021e-14,"11","Blnk"
6.55164062631991e-18,6.72690251648653,0.961,0.037,2.11519717620738e-13,"11","Lef1"
1.72734340525719e-17,6.79088745970041,0.968,0.029,5.57672818387284e-13,"11","Gfra1"
2.06069809261248e-17,6.89914834778782,0.921,0.021,6.65296379199941e-13,"11","Igll1"
2.06069809261248e-17,6.00870904175765,0.911,0.028,6.65296379199941e-13,"11","Cecr2"
2.06069809261248e-17,6.4597335303553,0.878,0.025,6.65296379199941e-13,"11","Akap12"
2.74645366621723e-17,6.71152462305958,0.954,0.036,8.86692566138232e-13,"11","Vpreb3"
3.53031286542443e-17,4.17094056467488,0.978,0.495,1.13976150860228e-12,"11","B3gnt2"
7.5077483382348e-17,4.77402296943748,0.946,0.032,2.42387655099911e-12,"11","Pax5"
3.68261763805905e-16,4.3637032477679,0.89,0.06,1.18893310444736e-11,"11","Mzb1"
4.51142839484243e-16,5.29331805511123,0.859,0.043,1.45651465727488e-11,"11","Slamf6"
4.80268404356052e-16,6.88965116261604,0.94,0.051,1.55054654346351e-11,"11","Vpreb1"
8.18532754166059e-16,5.67658101720577,0.892,0.031,2.64263299682512e-11,"11","Chst3"
2.32129917195101e-15,7.66752187613037,0.803,0.018,7.49431437664383e-11,"11","Rag1"
5.09604175695642e-15,3.61897893691307,0.986,0.666,1.64525708123338e-10,"11","Smarca4"
6.72975560033497e-15,3.46901528508018,0.94,0.426,2.17270159556814e-10,"11","Dpp4"
7.4986815845499e-15,3.99220870971314,0.984,0.564,2.42094934957194e-10,"11","Bach2"
8.08022276995221e-15,4.98594695179684,0.911,0.138,2.60869992127907e-10,"11","Pde2a"
1.13964775629602e-14,4.90716169367789,0.953,0.053,3.6793527812017e-10,"11","Cd79a"
1.61864453088365e-14,5.22746819563403,0.816,0.086,5.22579386795786e-10,"11","Atp1b1"
1.8155318674591e-14,4.13956293942776,0.912,0.293,5.86144463409171e-10,"11","Bcl7a"
2.15961777805466e-14,9.19988987527763,0.813,0.01,6.97232599644947e-10,"11","Gm32569"
2.15961777805466e-14,5.80756108967617,0.838,0.041,6.97232599644947e-10,"11","Cplx2"
2.15961777805466e-14,6.92900447203974,0.666,0.014,6.97232599644947e-10,"11","Gm37065"
2.62774635394181e-14,3.47849373275432,0.954,0.431,8.48367910370113e-10,"11","Hivep2"
5.31740414243701e-14,6.25522916127245,0.841,0.044,1.71672392738579e-09,"11","Arl5c"
5.97901452067699e-14,2.73513051457414,0.966,0.698,1.93032483800057e-09,"11","Rcsd1"
7.75379039648164e-14,3.23871307954711,0.875,0.369,2.5033112295041e-09,"11","C1galt1"
8.6792336133464e-14,3.52947148612036,0.963,0.239,2.80209057206889e-09,"11","Prkcb"
1.20349807733651e-13,4.5410795620585,0.882,0.151,3.88549354268093e-09,"11","Arpp21"
1.31435192668754e-13,5.59016118123792,0.811,0.043,4.24338519531072e-09,"11","Cacna1e"
1.80312505975431e-13,2.69232751102353,0.922,0.569,5.82138925541678e-09,"11","Lrmp"
1.84822816550381e-13,7.14185787908017,0.74,0.014,5.96700463232905e-09,"11","Vpreb2"
2.65667385601617e-13,3.43377406175252,0.932,0.298,8.5770715441482e-09,"11","Cd79b"
4.36396616617676e-13,3.0267267272558,0.949,0.503,1.40890647675017e-08,"11","Pkig"
4.96629615159097e-13,2.28797779690816,0.898,0.573,1.60336871254114e-08,"11","Elk4"
7.35125331745374e-13,4.80211441279123,0.827,0.095,2.37335213353994e-08,"11","Gm30948"
7.35270818620295e-13,5.79502346562408,0.823,0.046,2.37382183791562e-08,"11","Plxdc1"
1.18449910939653e-12,3.40474800828854,0.951,0.422,3.82415537468671e-08,"11","Nedd9"
1.27428138877298e-12,4.08412418467194,0.929,0.268,4.11401746365357e-08,"11","Foxo1"
1.80923687876235e-12,4.24378716373137,0.913,0.264,5.84112126308424e-08,"11","Tifa"
2.17051313839591e-12,3.97325487180102,0.723,0.126,7.0075016673112e-08,"11","Ppm1e"
2.73278360880406e-12,2.41136383434841,0.955,0.653,8.8227918810239e-08,"11","Aff1"
3.05024259339327e-12,2.82660813853663,0.913,0.449,9.84770821277019e-08,"11","Mtss1"
3.47046226992295e-12,2.58777310259453,0.968,0.734,1.12043874384462e-07,"11","Tspan13"
3.80479892117341e-12,2.72203185181913,0.841,0.482,1.22837933170084e-07,"11","Slc30a5"
4.10282104237133e-12,4.28698521564701,0.894,0.288,1.32459577352958e-07,"11","Chchd10"
5.55333741326457e-12,3.60344901565526,0.828,0.35,1.79289498387246e-07,"11","Prep"
9.22936855135871e-12,4.69318372622001,0.653,0.047,2.97970163680616e-07,"11","Slamf7"
1.02410846693898e-11,6.01486944486535,0.61,0.023,3.30633418551249e-07,"11","Gpat3"
1.3875687776108e-11,2.18132072201421,0.932,0.68,4.47976579851648e-07,"11","Klhl6"
1.70473817649994e-11,2.68096122300616,0.9,0.479,5.50374720283004e-07,"11","Cerk"
2.08984640638631e-11,2.05809906215318,0.951,0.741,6.74706912301819e-07,"11","Kansl1l"
2.42616285498501e-11,4.35919173450207,0.811,0.188,7.83286677731909e-07,"11","Ankrd33b"
2.58611178765191e-11,3.26461751660111,0.878,0.279,8.34926190643419e-07,"11","Ets1"
2.74346204210567e-11,2.47419860386428,0.854,0.478,8.85726720293814e-07,"11","Tcf3"
2.80553343944981e-11,7.65656693988737,0.641,0.009,9.0576647092637e-07,"11","Hmgcll1"
3.12446741298131e-11,3.5396627290377,0.706,0.089,1.00873430428102e-06,"11","Ifi209"
3.74691807883874e-11,4.29253248361247,0.861,0.186,1.20969250175309e-06,"11","Ppp1r16b"
5.26281543486752e-11,2.85296688546582,0.678,0.059,1.69909996314698e-06,"11","Gfra2"
7.05840488904172e-11,2.97017235689839,0.848,0.369,2.27880601842712e-06,"11","Stambpl1"
7.14553067206453e-11,2.63822550706323,0.892,0.484,2.30693457747603e-06,"11","Plekha2"
7.19501016851645e-11,4.26397575198581,0.762,0.042,2.32290903290554e-06,"11","Pou2af1"
7.25090535388142e-11,4.32535354040491,0.689,0.051,2.34095479350062e-06,"11","Il7r"
7.80569077098449e-11,2.77462406597533,0.719,0.276,2.52006726541234e-06,"11","Zdhhc14"
8.63946661278655e-11,3.18784479705962,0.903,0.459,2.78925179593814e-06,"11","Xrcc6"
1.25362296635239e-10,3.475041389213,0.817,0.26,4.0473217468687e-06,"11","Fam53b"
1.43396647948896e-10,4.69817132235976,0.699,0.076,4.62956077903011e-06,"11","Cdc25b"
2.06910180423964e-10,3.04797315269968,0.766,0.228,6.68009517498767e-06,"11","Dck"
2.68605222235629e-10,1.8288982175693,0.901,0.698,8.67191959987728e-06,"11","Rnf169"
3.71214502160717e-10,3.06080464544848,0.699,0.269,1.19846602022588e-05,"11","Eps8"
1.09870307151471e-09,2.3968349733793,0.912,0.604,3.54716286638524e-05,"11","Esr1"
1.12215689168096e-09,7.19678801077418,0.569,0.008,3.62288352479198e-05,"11","Tnfrsf19"
1.23108987381958e-09,4.12747052219721,0.624,0.094,3.97457365762653e-05,"11","Ptgr1"
1.64945048645282e-09,2.31837006571408,0.9,0.635,5.32525089551293e-05,"11","Pcmtd1"
2.15678407385785e-09,5.04593482311815,0.628,0.025,6.96317738245006e-05,"11","Cd19"
2.32301661618847e-09,2.84266571282994,0.869,0.465,7.49985914536449e-05,"11","Cyth1"
3.90174049267689e-09,2.6063789460865,0.896,0.296,0.000125967691806073,"11","Dntt"
8.07789050679075e-09,4.51410337626364,0.75,0.135,0.000260794695011739,"11","Gpam"
9.90541588103748e-09,2.64880636376116,0.644,0.22,0.000319796351719295,"11","Mgst2"
1.01131975336029e-08,1.65278642609747,0.911,0.622,0.000326504582372368,"11","Kcnq5"
1.08407168034672e-08,2.36545344372896,0.787,0.436,0.00034999254199994,"11","Hdac7"
1.93059695528377e-08,3.54858634046363,0.765,0.307,0.000623293227013364,"11","Eif2ak3"
2.00520195720022e-08,3.53206470692911,0.689,0.092,0.000647379451882091,"11","St6gal1"
2.16141754228678e-08,4.84457599336398,0.595,0.054,0.000697813653527285,"11","Sorcs2"
2.88835170661459e-08,2.76676041346304,0.774,0.292,0.000932504348480521,"11","Btg2"
3.31738013863673e-08,2.01054719060451,0.911,0.651,0.00107101617775887,"11","Tmcc1"
3.58651743710052e-08,2.71230591945865,0.673,0.233,0.0011579071545679,"11","Acss1"
3.89168746042984e-08,1.81717970984751,0.922,0.7,0.00125643129659977,"11","Zeb2"
5.07764074044734e-08,2.64697767430597,0.841,0.45,0.00163931631305342,"11","Ldlrad4"
5.0917194729525e-08,1.8997105407048,0.733,0.518,0.00164386163184272,"11","Bicra"
5.46013816652089e-08,2.19976014984735,0.784,0.49,0.00176280560706127,"11","Bcr"
5.85550387606985e-08,1.74987223751503,0.82,0.43,0.00189044942638915,"11","BC035044"
5.94323236418178e-08,4.80614810207525,0.493,0.057,0.00191877256877609,"11","Tmem108"
7.77888271636172e-08,7.33051306092142,0.495,0.008,0.00251141228497738,"11","Smtnl2"
8.05521160427237e-08,2.03529732073282,0.791,0.532,0.00260062506643934,"11","Mob4"
8.9731888204324e-08,2.58175337258458,0.708,0.319,0.0028969940106766,"11","Trp53inp1"
9.8510000596796e-08,3.46763354604492,0.641,0.192,0.00318039536926756,"11","Serinc5"
9.99439478900996e-08,3.62542844270582,0.788,0.276,0.00322669035763187,"11","Arntl"
1.05222153927917e-07,2.65684352559786,0.386,0.066,0.0033970972395628,"11","Sgk1"
1.27304222068259e-07,2.93891187352547,0.607,0.147,0.00411001680947373,"11","Sdc4"
1.28340101334935e-07,3.53448002362383,0.438,0.037,0.00414346017159839,"11","F13a1"
1.28787308035895e-07,2.45458780055595,0.875,0.589,0.00415789823993886,"11","AU020206"
1.34846470399359e-07,5.23033873235524,0.561,0.042,0.0043535182968433,"11","Rag2"
1.47833018547401e-07,1.77768266889541,0.804,0.539,0.00477278900380283,"11","Atp1b3"
1.68074538911721e-07,1.63038049545616,0.857,0.546,0.0054262864887649,"11","Ube2h"
1.73433623114878e-07,8.55977184584542,0.464,0.004,0.00559930452226384,"11","Gm34225"
1.73433623114878e-07,6.55396281836193,0.403,0.011,0.00559930452226384,"11","Col27a1"
2.09675979996266e-07,1.76434114420992,0.817,0.596,0.00676938901417944,"11","Tapt1"
2.55329073790742e-07,1.89051575744497,0.84,0.56,0.00824329914733411,"11","Rasgrp2"
2.71549615395792e-07,2.65235413316717,0.706,0.271,0.00876697933305315,"11","Litaf"
3.02466472332705e-07,3.34891061788304,0.715,0.209,0.00976513005926138,"11","Snn"
3.19814246427457e-07,4.7110678409953,0.523,0.043,0.0103252029459105,"11","Gas7"
3.28073862537333e-07,3.35418736435229,0.551,0.124,0.0105918646520178,"11","Siglecg"
3.70427587957237e-07,1.96205626537854,0.681,0.388,0.0119592546771994,"11","Btg1"
3.89501508163869e-07,2.24757373642278,0.691,0.372,0.0125750561910705,"11","Map4k2"
4.74520677487188e-07,1.77360802703005,0.861,0.597,0.0153199000726739,"11","Gm4258"
4.79126275357581e-07,1.57058825284868,0.928,0.706,0.0154685917999195,"11","Susd1"
5.5143750594212e-07,7.70267687719241,0.442,0.008,0.0178031598793413,"11","Cacna2d1"
5.81004234477087e-07,1.75117725179539,0.679,0.477,0.0187577217100927,"11","Baz2a"
7.06286356267553e-07,1.57613502164907,0.824,0.607,0.022802455012098,"11","Snx2"
7.24014594497794e-07,5.17829034953171,0.476,0.033,0.0233748111833613,"11","Fam129c"
8.25721612819853e-07,6.48701605202413,0.581,0.014,0.026658422269889,"11","Bst1"
9.01011962270326e-07,2.65062752594381,0.947,0.576,0.0290891712018975,"11","Dgkd"
9.72196385492522e-07,2.66240069669233,0.66,0.291,0.0313873603056261,"11","Ipcef1"
1.04817202910763e-06,3.30420351767233,0.794,0.386,0.0338402339597397,"11","Pafah1b3"
1.23385911525949e-06,3.04584717168575,0.393,0.054,0.0398351415361525,"11","Myo7a"
1.23385911525949e-06,4.94729234551302,0.297,0.017,0.0398351415361525,"11","Ifi214"
1.32970053603036e-06,3.34304290203452,0.67,0.262,0.0429293818057402,"11","Pmf1"
1.4735827844682e-06,1.86900789050943,0.799,0.504,0.0475746201965558,"11","Man2a1"
1.68566826206674e-06,1.75117411835869,0.658,0.454,0.0544217998408248,"11","Ctse"
1.76515934465433e-06,9.02344236519336,0.355,0.002,0.056988169442165,"11","Heyl"
1.76515934465433e-06,7.17300378405262,0.353,0.005,0.056988169442165,"11","Grb7"
1.76515934465433e-06,8.57591167999701,0.319,0.002,0.056988169442165,"11","Steap4"
2.66943606940722e-06,2.12181935733524,0.901,0.614,0.0861827435008122,"11","Cd37"
3.32849516061138e-06,1.76574543075868,0.875,0.529,0.107460466260338,"11","Unc93b1"
3.41675075217915e-06,2.04020272890229,0.678,0.421,0.110309798034104,"11","Cytip"
3.52839906168558e-06,2.64510046094347,0.855,0.431,0.113914363706519,"11","Ablim1"
3.63857137710881e-06,1.91404121298804,0.898,0.672,0.117471276909958,"11","Gab2"
3.7229983629128e-06,5.50460748217799,0.293,0.019,0.12019700214664,"11","Gm11755"
3.93572891970937e-06,5.10746166334951,0.427,0.03,0.127065008172817,"11","Edaradd"
4.52419892688334e-06,2.37531135427134,0.83,0.491,0.146063762354429,"11","Pik3ap1"
4.69029957831929e-06,2.54845493932825,0.656,0.306,0.151426321886038,"11","Impdh1"
5.19704288328766e-06,2.76839384138493,0.702,0.256,0.167786529486942,"11","Bin1"
5.67666863966021e-06,2.61186336894861,0.338,0.137,0.18327124703143,"11","Dnaaf5"
5.92835171264981e-06,2.41627233544431,0.649,0.285,0.191396835042899,"11","Ppp3cc"
5.98906921438918e-06,1.49989946976455,0.796,0.595,0.193357099586555,"11","Jund"
6.97765236084776e-06,1.56701829799024,0.769,0.554,0.22527350646997,"11","Tpd52"
7.10893320326778e-06,1.63819881984112,0.795,0.56,0.2295119084675,"11","Lgals9"
7.72201497992895e-06,1.70384833032614,0.782,0.565,0.249305253627006,"11","Snx30"
9.14611022378207e-06,3.78970478197702,0.514,0.094,0.295282168574804,"11","Rhbdf2"
9.69504680939984e-06,2.31436235351109,0.644,0.333,0.313004586241474,"11","Pbxip1"
9.7505028755327e-06,2.25590216474951,0.524,0.262,0.314794985336573,"11","Apobec1"
1.06194341377415e-05,2.86328542746209,0.624,0.248,0.342848431136985,"11","Trp53i11"
1.10405136857017e-05,3.13343045092016,0.569,0.195,0.356442984342879,"11","Ust"
1.11729171059371e-05,1.77824698670092,0.625,0.34,0.36071762876518,"11","Mpp1"
1.15174069840614e-05,1.71617091210142,0.806,0.603,0.371839484480421,"11","Hnrnpul1"
1.16693001774293e-05,2.22456324511602,0.623,0.311,0.376743356228303,"11","Tmem106b"
1.1979182478484e-05,1.88049944617895,0.896,0.694,0.386747906317856,"11","Syk"
1.25359310902142e-05,1.95919681326944,0.754,0.51,0.404722535247566,"11","Ptp4a3"
1.54401162895488e-05,3.5900488256674,0.359,0.038,0.498484154408081,"11","Irf4"
1.58537786703319e-05,2.94455198716314,0.484,0.122,0.511839244371665,"11","Dok3"
1.59404479567909e-05,7.97215103655121,0.381,0.004,0.514637362284994,"11","Gm34095"
1.59404479567909e-05,6.20616550967452,0.356,0.009,0.514637362284994,"11","Gm12158"
1.59404479567909e-05,8.78834315345295,0.26,0.003,0.514637362284994,"11","Gm5441"
1.59404479567909e-05,5.29814016973423,0.231,0.014,0.514637362284994,"11","9130230N09Rik"
1.65147583250636e-05,1.65120481903702,0.601,0.235,0.533178972524679,"11","Evl"
1.75548793177465e-05,3.89194599876625,0.42,0.114,0.566759278773447,"11","Selenom"
1.93612379262211e-05,2.49426292452224,0.62,0.334,0.625077566448048,"11","Prim2"
2.18099964323976e-05,4.43087941724945,0.548,0.085,0.704135734819955,"11","Bfsp2"
2.4597415989161e-05,2.03176271993838,0.484,0.243,0.794127575210064,"11","Rnf157"
2.57516852171159e-05,3.08804723456519,0.58,0.197,0.831393157234585,"11","Dgka"
2.70316673653343e-05,2.41292255432519,0.519,0.131,0.872717380889818,"11","Slc7a7"
2.85480744442751e-05,3.47350598682085,0.265,0.026,0.921674583433423,"11","BE692007"
3.06026957402632e-05,1.02691305761241,0.968,0.757,0.988008031974398,"11","2610307P16Rik"
3.30161749406595e-05,2.62024184863239,0.389,0.145,1,"11","St3gal6"
3.95490696676187e-05,4.1581579360261,0.296,0.035,1,"11","Lig4"
4.68870570249019e-05,3.8318424000007,0.489,0.096,1,"11","Gm13919"
5.06955195577825e-05,2.60229500951511,0.531,0.221,1,"11","Rapgef5"
5.13092716719184e-05,2.21930322064212,0.673,0.395,1,"11","Cep250"
5.75780952218962e-05,2.56110630434515,0.593,0.285,1,"11","Gstt2"
5.7704514217559e-05,1.26013705467701,0.85,0.524,1,"11","Csgalnact1"
6.00127120617051e-05,2.59876256026365,0.329,0.045,1,"11","Ighd"
6.11302707577588e-05,6.42195510745611,0.356,0.012,1,"11","2010300C02Rik"
6.50475622222749e-05,8.61450192058398,0.271,0.001,1,"11","Sertad4"
6.50475622222749e-05,5.43975457957356,0.234,0.017,1,"11","Rsph1"
6.68194584284076e-05,3.45088972776675,0.313,0.038,1,"11","Grap"
6.77375377509609e-05,4.95417588874868,0.409,0.02,1,"11","Cyp4f18"
7.10991322097854e-05,2.84795003972457,0.699,0.139,1,"11","Gm26740"
7.63344001041715e-05,2.80010673417549,0.543,0.206,1,"11","Mfsd4a"
7.66165751462151e-05,2.60115368185135,0.506,0.196,1,"11","Gpd1l"
8.69248785017472e-05,2.95111553535284,0.482,0.158,1,"11","Ttpal"
8.99745127032512e-05,2.16138101677804,0.498,0.263,1,"11","Cnp"
9.72940038105962e-05,3.2556002579773,0.452,0.118,1,"11","Lhpp"
0.000106518237372218,1.97430110956283,0.777,0.574,1,"11","N4bp2"
0.000109770722564207,3.72632637602804,0.305,0.056,1,"11","Camk2b"
0.000116177600958965,2.08800791849865,0.507,0.271,1,"11","Jakmip1"
0.00012388477477055,1.72030498039071,0.758,0.548,1,"11","Trak1"
0.000129208146895081,9.07154313665103,0.302,0.002,1,"11","D030045P18Rik"
0.000129208146895081,7.03544452315342,0.283,0.006,1,"11","Zdhhc19"
0.000129208146895081,9.08854803305862,0.259,0.001,1,"11","Fcrl6"
0.000129208146895081,8.00235309417364,0.258,0.002,1,"11","Gm20743"
0.000131411617389088,9.12558873816743,0.276,0.005,1,"11","Pcdh9"
0.000131411617389088,5.61803381814387,0.272,0.014,1,"11","Pde9a"
0.000149691905596312,2.59345050089528,0.537,0.291,1,"11","Dock9"
0.000162005284702756,3.34950125854469,0.555,0.159,1,"11","Phldb3"
0.000211407938857634,4.01668196987363,0.226,0.017,1,"11","Gm8369"
0.000212350309814965,2.24180564680537,0.457,0.221,1,"11","Pqlc3"
0.000227458026788011,2.65522113571572,0.411,0.155,1,"11","Lamc1"
0.000234328559201142,6.73451798351356,0.315,0.007,1,"11","Slc12a3"
0.000234328559201142,3.50050698027459,0.306,0.048,1,"11","Parvb"
0.00024749465675536,2.96566224093103,0.469,0.163,1,"11","Cd69"
0.000253976368838715,5.06158724063458,0.419,0.034,1,"11","Ttll11"
0.000253976368838715,5.55468116491018,0.234,0.01,1,"11","1810059H22Rik"
0.000275199893348357,2.59498991925759,0.281,0.081,1,"11","Plpp3"
0.000292628491675044,2.21541398751583,0.645,0.37,1,"11","Frmd6"
0.000307307407992277,2.56430287627884,0.319,0.091,1,"11","Tnfaip3"
0.000309324961729674,4.22724102821769,0.44,0.024,1,"11","Id3"
0.000312353224783841,3.92237631116931,0.361,0.037,1,"11","Hes1"
0.000314949143685001,1.94306418571638,0.806,0.589,1,"11","Ezh2"
0.000334788162312961,3.5975569227983,0.319,0.037,1,"11","Tmem163"
0.000339712157243164,2.06206760934276,0.62,0.383,1,"11","Desi1"
0.000381470352476992,2.93389830249822,0.424,0.138,1,"11","N4bp3"
0.000422358495518324,1.64966949967932,0.756,0.532,1,"11","Ypel3"
0.000448644355154623,3.85769848471448,0.325,0.058,1,"11","Tmem91"
0.000494324738147379,4.9092051829721,0.26,0.016,1,"11","Bcat1"
0.000494324738147379,7.88868831355204,0.209,0.002,1,"11","Adamts7"
0.000496475021787577,2.75489300655789,0.597,0.237,1,"11","Mirt1"
0.000523737753401753,2.3252370818332,0.548,0.28,1,"11","Fbxl12"
0.00053762528665462,3.94271450263618,0.372,0.055,1,"11","Drc7"
0.000598643256460825,3.69625016441468,0.29,0.054,1,"11","Gm13561"
0.000609922209765248,5.33810850459356,0.305,0.013,1,"11","Cpm"
0.000653303846169581,3.16658964446276,0.392,0.102,1,"11","Uaca"
0.000709323432366783,1.8681611621626,0.683,0.439,1,"11","Il16"
0.000731100369270595,2.55344684615854,0.532,0.23,1,"11","Cyb561a3"
0.00073801958661461,2.90677023491186,0.58,0.211,1,"11","Cd72"
0.00082943697319015,3.77767011931339,0.348,0.038,1,"11","Blk"
0.000879626924427559,2.29135609662877,0.536,0.263,1,"11","Rrm2b"
0.000944724514929147,2.1796303965906,0.577,0.255,1,"11","Adgre5"
0.000953362814751275,6.56063665027249,0.334,0.005,1,"11","Enpep"
0.000953362814751275,6.45479712059104,0.247,0.006,1,"11","Fxyd6"
0.000953362814751275,7.86752181934506,0.226,0.003,1,"11","Kcnh8"
0.000953362814751275,6.82201408012202,0.221,0.003,1,"11","2310008N11Rik"
0.00098295045588356,1.66780083041741,0.647,0.391,1,"11","Slc25a51"
0.00106606389547109,1.93494016752682,0.775,0.5,1,"11","Itpr2"
0.00121597624592354,2.57615866933646,0.293,0.063,1,"11","Mgll"
0.00122812246879658,1.99532497106771,0.455,0.219,1,"11","Mmrn1"
0.00164002735363048,2.97956546337687,0.326,0.052,1,"11","E330020D12Rik"
0.00172055422043502,2.11972516786798,0.457,0.225,1,"11","Tecpr1"
0.00177010580840417,3.10688071080275,0.576,0.194,1,"11","Tarbp1"
0.00182346989838934,8.26412529432766,0.338,0.003,1,"11","A630023P12Rik"
0.00182346989838934,6.57304311553894,0.227,0.004,1,"11","Sit1"
0.00182346989838934,6.84618612691132,0.227,0.004,1,"11","Scn4b"
0.00184147537925919,4.80996437743206,0.219,0.011,1,"11","Slit1"
0.00190447110010531,2.86792572408039,0.657,0.271,1,"11","2900026A02Rik"
0.00194892933127195,3.03004663487592,0.347,0.09,1,"11","Pdzd2"
0.00256211586776741,3.74902741024894,0.338,0.069,1,"11","Capsl"
0.00288562568389889,4.74567113740149,0.39,0.016,1,"11","Spib"
0.00307959195573089,2.21009302686996,0.472,0.163,1,"11","Tpm4"
0.00347639027608796,2.13677635554299,0.34,0.126,1,"11","Ankrd6"
0.00371326426151085,0.969629844121037,0.523,0.322,1,"11","Rgl1"
0.00391052966663312,3.67958561820521,0.338,0.06,1,"11","1700048O20Rik"
0.00495425225267316,2.29602939462948,0.315,0.09,1,"11","E2f2"
0.00524982111438132,2.11050084029802,0.344,0.13,1,"11","Dhx40"
0.00653556966225465,7.66299671242043,0.24,0.002,1,"11","Gm595"
0.00824973494546541,2.63312209701082,0.402,0.116,1,"11","Cnn3"
2.80553343944981e-11,0.336680928132536,0.09,0.568,9.0576647092637e-07,"12","Txndc17"
2.25140930221867e-10,0.155872758307055,0.225,0.836,7.26867493221298e-06,"12","Clta"
2.96470212579838e-10,0.101008951213476,0.108,0.656,9.57154081314007e-06,"12","D8Ertd738e"
3.28503034412007e-10,0.491426884156525,0.117,0.59,1.06057204659916e-05,"12","Polr2m"
1.12215689168096e-09,0.248358476792942,0.097,0.574,3.62288352479198e-05,"12","Ik"
1.76642759130262e-09,0.648537152462904,0.099,0.531,5.70291147852051e-05,"12","Eif3g"
2.15678407385785e-09,0.170589023011822,0.091,0.579,6.96317738245006e-05,"12","Gabarapl2"
4.20163207228014e-09,0.442895628135088,0.096,0.513,0.000135649691453564,"12","Ccnt2"
4.6364954704514e-09,0.355735638531351,0.125,0.621,0.000149689256263523,"12","Srsf4"
5.40133503722984e-09,0.326595210834336,0.079,0.559,0.000174382101676965,"12","Mrps16"
6.41203769400972e-09,0.28928355136348,0.088,0.588,0.000207012636951104,"12","Pycard"
6.60409556313345e-09,0.205751841054345,0.155,0.7,0.000213213225255764,"12","Tmed2"
8.44585588341209e-09,0.388553501655003,0.119,0.603,0.000272674457195959,"12","Rtcb"
8.6279877348583e-09,0.14670663582156,0.242,0.814,0.0002785545840199,"12","Gpx4"
9.05589332825184e-09,0.470455980311514,0.22,0.777,0.000292369516102611,"12","Psma3"
1.08299130473107e-08,0.12024459783355,0.078,0.494,0.000349643742732426,"12","Lman1"
1.08299130473107e-08,0.71934273720818,0.114,0.526,0.000349643742732426,"12","Ddost"
1.13875087153114e-08,0.72502156829506,0.172,0.658,0.000367645718873829,"12","Sf1"
1.20163640783977e-08,0.465352122512642,0.112,0.61,0.00038794831427107,"12","Dynlrb1"
1.32904718910918e-08,0.47462816733568,0.071,0.481,0.000429082885003898,"12","Mrps18c"
1.45741727530336e-08,0.224168390126286,0.163,0.717,0.00047052716733169,"12","Psmb9"
1.49626681636315e-08,0.160134510955865,0.078,0.517,0.000483069741662843,"12","Rwdd1"
1.93479892862287e-08,0.329275777550304,0.137,0.68,0.000624649834105893,"12","Cdc37"
2.26107209476867e-08,0.19240486652604,0.085,0.552,0.000729987125796066,"12","BC031181"
2.77411010030835e-08,0.761838620699832,0.17,0.665,0.000895621445884549,"12","Thoc7"
3.02310385573323e-08,0.174544338636687,0.152,0.738,0.000976009079823474,"12","Dad1"
3.02310385573323e-08,0.200005416232155,0.164,0.711,0.000976009079823474,"12","Yy1"
3.04670037620344e-08,0.327969259158852,0.179,0.744,0.00098362721645728,"12","Srp14"
3.05851357786987e-08,0.259173172907603,0.099,0.561,0.000987441108615287,"12","Yme1l1"
3.30000983744729e-08,0.294297012233797,0.169,0.726,0.00106540817601986,"12","Arf1"
3.43765866262904e-08,0.676602144021036,0.064,0.35,0.00110984809922978,"12","Scaf1"
3.97785392184486e-08,0.36234945884371,0.105,0.617,0.00128425013866761,"12","Mrpl34"
4.35923350577902e-08,0.782917579972736,0.134,0.62,0.00140737853734076,"12","Psmd7"
4.35923350577902e-08,0.553481253741604,0.111,0.558,0.00140737853734076,"12","Snrpc"
5.36648232328364e-08,0.128755999309776,0.088,0.585,0.00173256881807212,"12","Erh"
5.62571643053998e-08,0.102123477669324,0.094,0.582,0.00181626254959983,"12","Sin3b"
6.92393034804229e-08,0.335581657516051,0.158,0.681,0.00223539091286545,"12","Ndufb7"
7.77888271636172e-08,0.682296533155793,0.12,0.558,0.00251141228497738,"12","Sod2"
7.77888271636172e-08,0.37248493816338,0.049,0.377,0.00251141228497738,"12","Rab4b"
8.18058444545565e-08,0.582995333025731,0.188,0.721,0.00264110168821536,"12","Pnn"
8.82994606709577e-08,0.613372626279129,0.167,0.613,0.00285074808776187,"12","Cox17"
9.02757369043981e-08,0.224088146810203,0.105,0.621,0.00291455216595849,"12","Spint2"
9.66260408421452e-08,0.479871916508208,0.167,0.677,0.00311957172858866,"12","Rdx"
9.66260408421452e-08,0.22355022973169,0.093,0.565,0.00311957172858866,"12","Cuedc2"
1.17328361063216e-07,0.134593292622259,0.099,0.58,0.00378794613692594,"12","Tmco1"
1.19503004463105e-07,0.381017040035078,0.119,0.568,0.00385815449909136,"12","Ahcyl1"
1.1999775150434e-07,0.247955826567473,0.181,0.711,0.00387412740731761,"12","St13"
1.23294494170645e-07,0.36605373615,0.185,0.712,0.00398056274429928,"12","Ndufb1-ps"
1.28770992558775e-07,0.127527672407459,0.228,0.792,0.00415737149476004,"12","Pds5a"
1.40173364622965e-07,0.22986293199141,0.193,0.776,0.00452549707685243,"12","Ppib"
1.40301243352398e-07,0.385814441324077,0.099,0.523,0.00452962564163218,"12","Ptp4a3"
1.47290469695081e-07,0.73008088558167,0.105,0.506,0.00475527281410569,"12","Pum3"
1.47290469695081e-07,0.211353081671952,0.061,0.39,0.00475527281410569,"12","Tomm34"
1.54615887838446e-07,0.631064860995346,0.065,0.388,0.00499177393886423,"12","Lamtor3"
1.583089251019e-07,0.128885406503052,0.166,0.736,0.00511100364691486,"12","Gpbp1"
1.73433623114878e-07,0.154819710779699,0.093,0.435,0.00559930452226384,"12","Mthfd1l"
1.73433623114878e-07,0.847443899718809,0.053,0.339,0.00559930452226384,"12","Pih1d1"
1.76472713803462e-07,0.771252526824429,0.119,0.495,0.00569742156514477,"12","Usf2"
1.92886698092502e-07,0.130969586723893,0.14,0.632,0.00622734704791642,"12","Far1"
1.92886698092502e-07,0.187849699924556,0.094,0.572,0.00622734704791642,"12","Etfa"
2.01637690373099e-07,0.295351537803664,0.132,0.676,0.0065098728336955,"12","Ndufb10"
2.10771816516192e-07,0.188924144686144,0.088,0.521,0.00680476809622527,"12","Cdc37l1"
2.10771816516192e-07,0.493111832771441,0.122,0.544,0.00680476809622527,"12","Dkc1"
2.10771816516192e-07,0.74001320903887,0.105,0.523,0.00680476809622527,"12","Cope"
2.12134696421448e-07,0.226683842901723,0.111,0.589,0.00684876867396643,"12","Dhx36"
2.29059181147259e-07,0.145709539409738,0.157,0.731,0.00739517566333926,"12","Sec11c"
2.31197224543881e-07,0.690167945367016,0.108,0.55,0.00746420239439918,"12","Cenpx"
2.48553984298909e-07,0.374396196250215,0.208,0.758,0.00802456538309028,"12","Smarca5"
2.50263144742062e-07,0.111681625631996,0.076,0.493,0.00807974562799746,"12","Atg3"
2.5548378179127e-07,0.29407083689406,0.125,0.637,0.00824829389513114,"12","Ube2n"
2.56237007239491e-07,0.154704204260429,0.216,0.808,0.00827261177872696,"12","Eif3h"
2.62016758434574e-07,0.246315163318351,0.082,0.525,0.00845921104606023,"12","Psmc3"
2.69646992638556e-07,0.699333633097933,0.164,0.621,0.00870555315733579,"12","Tpi1"
2.74302710676157e-07,0.507505240968208,0.12,0.606,0.00885586301417972,"12","Phb2"
2.74302710676157e-07,0.101122190635091,0.078,0.546,0.00885586301417972,"12","Rnf10"
2.74302710676157e-07,0.333670552024806,0.071,0.502,0.00885586301417972,"12","Mrpl43"
2.74302710676157e-07,0.620944509086989,0.09,0.514,0.00885586301417972,"12","Eif4a3"
2.80831743758025e-07,0.254398328822517,0.234,0.791,0.00906665284722784,"12","Vcp"
2.87061828201595e-07,0.370198749478282,0.112,0.613,0.0092677911234885,"12","Mpc2"
3.02299802625682e-07,0.460643408320205,0.236,0.769,0.00975974912777014,"12","Syncrip"
3.08784964378214e-07,0.159934556736269,0.04,0.365,0.00996912257495065,"12","Mrpl9"
3.18753729887529e-07,0.437620623778936,0.125,0.622,0.0102909641694189,"12","Taf10"
3.23974241969822e-07,0.287424760716501,0.081,0.489,0.0104595084019957,"12","Msl1"
3.23974241969822e-07,0.140877147397805,0.073,0.44,0.0104595084019957,"12","Tm2d1"
3.39883629019362e-07,0.20309090992664,0.058,0.431,0.0109731429628901,"12","Sar1a"
3.39883629019362e-07,0.58298074820128,0.055,0.41,0.0109731429628901,"12","Tfam"
3.39883629019362e-07,0.315084896367131,0.073,0.416,0.0109731429628901,"12","Tpm1"
3.72660674398898e-07,0.575534356135759,0.216,0.744,0.0120313498729684,"12","Pkm"
3.80017861015365e-07,0.608812408466686,0.138,0.626,0.012268876642881,"12","Cebpz"
3.81130019167373e-07,0.120467362047329,0.064,0.397,0.0123047826688186,"12","Iars"
3.81130019167373e-07,0.127566831304602,0.038,0.275,0.0123047826688186,"12","Rnf24"
3.97025428182788e-07,0.10764297335493,0.096,0.556,0.0128179659488813,"12","Ift20"
3.97025428182788e-07,0.622393773889766,0.111,0.566,0.0128179659488813,"12","Mrpl42"
3.97025428182788e-07,0.611603318711481,0.117,0.538,0.0128179659488813,"12","Ndufa5"
4.1476632988734e-07,0.294555182799414,0.122,0.595,0.0133907309604128,"12","Fkbp1a"
4.1476632988734e-07,0.158498748297904,0.112,0.576,0.0133907309604128,"12","Kdm2b"
4.1476632988734e-07,0.36386802159909,0.096,0.494,0.0133907309604128,"12","Psmd13"
4.33270903407376e-07,0.140761638209417,0.079,0.547,0.0139881511165071,"12","Mob4"
4.52570683767778e-07,0.427883684749972,0.114,0.563,0.0146112445254427,"12","Ctbp1"
4.93926182275463e-07,0.610158126970365,0.126,0.569,0.0159464067947633,"12","P4hb"
5.40798374806155e-07,0.739479077042168,0.064,0.357,0.0174596755306167,"12","1190007I07Rik"
5.65814738622814e-07,0.332208168946504,0.067,0.467,0.0182673288364376,"12","Naa20"
5.65814738622814e-07,0.115218706038077,0.065,0.458,0.0182673288364376,"12","Ahsa1"
5.65814738622814e-07,0.151803854530724,0.065,0.394,0.0182673288364376,"12","Pikfyve"
5.91944896346986e-07,0.426265774974943,0.081,0.511,0.0191109409785625,"12","Cnih4"
5.91944896346986e-07,0.236971921111531,0.064,0.477,0.0191109409785625,"12","Med28"
6.29612795921724e-07,0.318149720969661,0.116,0.603,0.0203270491163329,"12","Smarcad1"
6.51377248568183e-07,0.172539189134642,0.132,0.619,0.0210297144700238,"12","Cab39"
6.56492752367052e-07,0.644393534570833,0.164,0.601,0.0211948685101703,"12","Phgdh"
7.13608766346415e-07,0.135798524775883,0.128,0.649,0.023038859021494,"12","Usp24"
7.13608766346415e-07,0.388406193868571,0.091,0.513,0.023038859021494,"12","Tmem208"
7.3633791537904e-07,0.562814132858195,0.068,0.443,0.0237726695980123,"12","Mydgf"
7.3633791537904e-07,0.65008472886345,0.059,0.398,0.0237726695980123,"12","Eci1"
7.3633791537904e-07,0.694970362071699,0.071,0.395,0.0237726695980123,"12","Guk1"
7.3633791537904e-07,0.255997908491404,0.047,0.355,0.0237726695980123,"12","Vkorc1"
8.07757911720907e-07,0.254854545115264,0.205,0.757,0.0260784641799095,"12","Hnrnpd"
8.25849688076695e-07,0.145661807137626,0.064,0.46,0.0266625571795561,"12","Fkbp2"
8.25849688076695e-07,0.436653720584777,0.033,0.289,0.0266625571795561,"12","Eef1akmt1"
8.78173190405398e-07,0.283395298165411,0.088,0.571,0.0283518214522383,"12","Chmp2a"
8.78173190405398e-07,0.155827974554541,0.085,0.56,0.0283518214522383,"12","Ndufs2"
8.96483750079314e-07,0.365174100518363,0.144,0.684,0.0289429778713107,"12","Trir"
9.16688260566054e-07,0.583789931667093,0.111,0.526,0.0295952804923751,"12","Blmh"
9.16688260566054e-07,0.728911192359524,0.085,0.451,0.0295952804923751,"12","Ppie"
9.16688260566054e-07,0.540442102798481,0.094,0.449,0.0295952804923751,"12","Araf"
9.3332538839743e-07,0.534082116360239,0.157,0.679,0.030132410164411,"12","Psma5"
9.56827095708844e-07,0.123859797454077,0.103,0.582,0.03089116278496,"12","Commd7"
9.56827095708844e-07,0.714988386052254,0.103,0.525,0.03089116278496,"12","Ruvbl1"
9.56827095708844e-07,0.356200299976474,0.093,0.51,0.03089116278496,"12","Eif1a"
9.56827095708844e-07,0.271954689484851,0.078,0.491,0.03089116278496,"12","Mfng"
9.56827095708844e-07,0.487043224925299,0.085,0.463,0.03089116278496,"12","Ddx18"
1.0114300472495e-06,0.203572024735102,0.141,0.668,0.0326540190754501,"12","Oga"
1.05280507561545e-06,0.149539187138355,0.15,0.711,0.033989811866245,"12","Zfp91"
1.06249076195096e-06,0.256762782837351,0.116,0.643,0.0343025142495868,"12","Hsbp1"
1.06249076195096e-06,0.553258107882188,0.097,0.549,0.0343025142495868,"12","Mcts1"
1.12640250423362e-06,0.184908889723758,0.131,0.646,0.0363659048491823,"12","Mrpl23"
1.15133344609443e-06,0.179985618349335,0.074,0.536,0.0371708003071585,"12","Vps28"
1.15133344609443e-06,0.190360632837711,0.071,0.486,0.0371708003071585,"12","2810004N23Rik"
1.15133344609443e-06,0.186243144248786,0.067,0.451,0.0371708003071585,"12","Ppp2r1a"
1.15407886005522e-06,0.31579759675317,0.108,0.528,0.0372594359968829,"12","Cyb5b"
1.171311188315e-06,0.542204536933002,0.187,0.691,0.0378157817147498,"12","Matr3"
1.17509859296876e-06,0.33378936641031,0.112,0.59,0.0379380580739964,"12","Cntrl"
1.25323902199542e-06,0.756996209266489,0.128,0.594,0.0404608218251222,"12","Pfdn2"
1.25851394835855e-06,0.365348401553704,0.09,0.51,0.0406311228227558,"12","Esf1"
1.25851394835855e-06,0.940960986502721,0.106,0.502,0.0406311228227558,"12","Acap1"
1.25851394835855e-06,0.494686961971668,0.064,0.448,0.0406311228227558,"12","Clns1a"
1.30584360003137e-06,0.172757262069094,0.111,0.664,0.0421591606270129,"12","Psmb6"
1.32195089597648e-06,0.673725939518815,0.155,0.605,0.0426791846766005,"12","Cpne1"
1.3605686319534e-06,0.935138498276338,0.125,0.571,0.0439259582826156,"12","Eny2"
1.36655025154899e-06,0.159784181378882,0.068,0.4,0.0441190748712591,"12","9530068E07Rik"
1.36878809629559e-06,0.471501934776012,0.166,0.701,0.044191323688903,"12","Eif3i"
1.47670975252437e-06,0.458228125695671,0.122,0.623,0.0476755743602493,"12","Psmc6"
1.47916877684333e-06,0.978632956491833,0.22,0.659,0.0477549639603868,"12","Ybx3"
1.53752038165059e-06,0.235345185516064,0.17,0.676,0.0496388455215892,"12","Alox5ap"
1.54576144608161e-06,0.261467457051959,0.103,0.586,0.0499049082867449,"12","Mrpl24"
1.57270045501142e-06,0.661240986120798,0.085,0.497,0.0507746341900435,"12","Tiprl"
1.57270045501142e-06,0.174593721640947,0.076,0.463,0.0507746341900435,"12","Dcaf7"
1.57270045501142e-06,0.219807823336322,0.056,0.421,0.0507746341900435,"12","Osgep"
1.57270045501142e-06,0.363565621565298,0.061,0.393,0.0507746341900435,"12","Jade1"
1.57270045501142e-06,0.494681504678874,0.079,0.387,0.0507746341900435,"12","Prrc1"
1.57270045501142e-06,0.105084261880188,0.052,0.352,0.0507746341900435,"12","Fnip2"
1.61283177195748e-06,0.613593252740456,0.078,0.445,0.0520702737576474,"12","Farsa"
1.6609325067427e-06,0.439761135177047,0.144,0.665,0.0536232059801882,"12","Ndufv2"
1.68327753926058e-06,0.455440215601737,0.123,0.642,0.0543446153550277,"12","Suclg1"
1.72459760308503e-06,0.235805308986174,0.138,0.666,0.0556786336156003,"12","Slk"
1.76515934465433e-06,0.476180931553687,0.065,0.394,0.056988169442165,"12","Napa"
1.76515934465433e-06,0.275291446439599,0.041,0.362,0.056988169442165,"12","Mettl26"
1.76515934465433e-06,0.276405265103186,0.058,0.37,0.056988169442165,"12","Trappc13"
1.76515934465433e-06,0.274493031432395,0.062,0.366,0.056988169442165,"12","Ist1"
1.76515934465433e-06,0.488470860505754,0.047,0.309,0.056988169442165,"12","Trub1"
1.76515934465433e-06,0.720809782295357,0.053,0.297,0.056988169442165,"12","Tmem259"
1.76515934465433e-06,0.443324850996535,0.033,0.265,0.056988169442165,"12","Senp3"
1.76515934465433e-06,0.575033404729271,0.046,0.277,0.056988169442165,"12","Ddx55"
1.81700462307864e-06,0.485305729786637,0.225,0.76,0.058661994256094,"12","Tomm7"
1.83124730299294e-06,0.279004361657609,0.094,0.528,0.059121819177127,"12","Phf6"
1.85445263058515e-06,0.349441387760766,0.158,0.703,0.0598710031784414,"12","Prpf38b"
1.910171501975e-06,0.186461539265727,0.116,0.578,0.061669886941263,"12","Rad21"
1.910171501975e-06,0.225383337878131,0.132,0.586,0.061669886941263,"12","Cwc27"
1.99235821116613e-06,0.93511703825473,0.132,0.576,0.0643232848474985,"12","Frg1"
1.99235821116613e-06,0.468159363565791,0.096,0.502,0.0643232848474985,"12","Slc50a1"
1.99235821116613e-06,0.173638931426307,0.087,0.486,0.0643232848474985,"12","Zmym5"
1.99235821116613e-06,0.455419665639946,0.105,0.501,0.0643232848474985,"12","Topbp1"
1.99235821116613e-06,0.948345860547877,0.132,0.525,0.0643232848474985,"12","Dtymk"
1.99235821116613e-06,0.540475641520819,0.071,0.423,0.0643232848474985,"12","Hmgcr"
1.99235821116613e-06,0.252441229509589,0.056,0.35,0.0643232848474985,"12","Piezo1"
2.02531127117552e-06,0.42304339461576,0.097,0.548,0.0653871743899018,"12","Pigx"
2.05910101554996e-06,0.161038966187677,0.201,0.759,0.0664780762870304,"12","H2afv"
2.09121929866513e-06,0.100312899433682,0.065,0.472,0.0675150150574037,"12","Supt5"
2.09121929866513e-06,0.222188427659808,0.067,0.459,0.0675150150574037,"12","Arl6ip4"
2.16340313512425e-06,0.35002781363376,0.175,0.719,0.0698454702174863,"12","Dnajb6"
2.1780646194209e-06,0.161558876785795,0.102,0.605,0.0703188162380039,"12","Ccnl2"
2.1780646194209e-06,0.168594324162024,0.085,0.521,0.0703188162380039,"12","Tsg101"
2.1780646194209e-06,0.438018899218205,0.099,0.48,0.0703188162380039,"12","5530601H04Rik"
2.21852988689234e-06,0.269248997564085,0.119,0.632,0.0716252373983192,"12","Cdc5l"
2.31175017620139e-06,0.319277140580605,0.084,0.495,0.0746348544386619,"12","Tbc1d15"
2.42695761327839e-06,1.09823352215163,0.158,0.599,0.0783543265446927,"12","Fkbp4"
2.45987791148382e-06,0.176013935384663,0.123,0.573,0.0794171583722552,"12","Lgals9"
2.46661732023827e-06,0.160041632730206,0.129,0.61,0.0796347401838925,"12","Mrps28"
2.52390517500468e-06,0.389335073319762,0.091,0.502,0.0814842785750262,"12","Lsm5"
2.63687127638209e-06,0.17541214675947,0.076,0.486,0.0851313891579957,"12","Fmr1"
2.63687127638209e-06,0.520266396613817,0.096,0.476,0.0851313891579957,"12","Casp8ap2"
2.63687127638209e-06,0.581352698997147,0.065,0.442,0.0851313891579957,"12","Lsm1"
2.63687127638209e-06,0.344121151149953,0.059,0.425,0.0851313891579957,"12","Zfp330"
2.75281186503841e-06,0.106211149714464,0.081,0.544,0.088874531062765,"12","Tbrg1"
2.77651661545139e-06,0.191267233800216,0.123,0.591,0.0896398389298483,"12","Cspp1"
2.77651661545139e-06,0.707612095664782,0.112,0.559,0.0896398389298483,"12","Vars"
2.8904954816873e-06,0.386312598469731,0.1,0.531,0.0933196466262746,"12","Mapk1ip1l"
2.8904954816873e-06,0.535246556119983,0.091,0.48,0.0933196466262746,"12","Mknk2"
2.9017108152735e-06,0.147563037055846,0.153,0.74,0.093681733671105,"12","Ndufb11"
3.00895624923396e-06,0.156966640599403,0.109,0.614,0.0971441525065184,"12","Upf2"
3.02035656215369e-06,0.434418112862743,0.061,0.375,0.097512211609132,"12","Dld"
3.12568435571198e-06,0.318850765013654,0.123,0.643,0.100912719424161,"12","Micos13"
3.18475845688378e-06,0.516048350389558,0.097,0.496,0.102819926780493,"12","Zfp422"
3.24464539850559e-06,0.363961081771743,0.1,0.545,0.104753376690753,"12","Acat1"
3.28911021440168e-06,0.171960842200914,0.164,0.698,0.106188923271958,"12","Baz1b"
3.31274901910886e-06,0.223698363390064,0.082,0.46,0.106952102081929,"12","Hipk3"
3.31274901910886e-06,0.628583017801481,0.068,0.4,0.106952102081929,"12","Pck2"
3.31274901910886e-06,0.610256360682599,0.064,0.388,0.106952102081929,"12","Dctn6"
3.31274901910886e-06,0.234032560333634,0.064,0.387,0.106952102081929,"12","Inpp5k"
3.31274901910886e-06,1.11180392647504,0.081,0.402,0.106952102081929,"12","Bccip"
3.31274901910886e-06,0.844498255390267,0.074,0.379,0.106952102081929,"12","Npepl1"
3.31274901910886e-06,0.142644391943597,0.04,0.337,0.106952102081929,"12","Tspyl1"
3.31274901910886e-06,0.762643263449888,0.047,0.322,0.106952102081929,"12","Ppil1"
3.37340743605017e-06,0.330987400137292,0.108,0.605,0.10891045907288,"12","Safb2"
3.46184327899733e-06,0.525539283140323,0.099,0.519,0.111765610262429,"12","Usp14"
3.46184327899733e-06,0.287903075450093,0.094,0.513,0.111765610262429,"12","Mtr"
3.60891305528595e-06,0.262483724694638,0.076,0.487,0.116513757989907,"12","Smarcb1"
3.60891305528595e-06,0.650478063793245,0.096,0.47,0.116513757989907,"12","Tfdp1"
3.7229983629128e-06,0.44645263800083,0.058,0.383,0.12019700214664,"12","Ufd1"
3.7229983629128e-06,0.494266516318911,0.067,0.36,0.12019700214664,"12","Ldlrap1"
3.7229983629128e-06,0.554731099834293,0.036,0.308,0.12019700214664,"12","Rexo4"
3.7229983629128e-06,0.220308162754334,0.049,0.319,0.12019700214664,"12","Spg7"
3.7229983629128e-06,0.560003869206283,0.038,0.261,0.12019700214664,"12","Nelfe"
3.74686768896553e-06,0.513460630035161,0.132,0.613,0.120967623338252,"12","Raly"
3.76196268371368e-06,0.406079068438744,0.061,0.405,0.121454965243696,"12","Nip7"
3.78976998291965e-06,0.257261206287603,0.187,0.734,0.122352723898561,"12","Ndufa2"
3.79902885856835e-06,0.354660762504924,0.198,0.705,0.122651646698879,"12","Pdcd4"
4.08693536013781e-06,0.473021696371018,0.093,0.556,0.131946708102049,"12","Rbis"
4.08693536013781e-06,0.3103555679117,0.094,0.529,0.131946708102049,"12","Akirin2"
4.08693536013781e-06,0.747356281933889,0.084,0.48,0.131946708102049,"12","Brix1"
4.08693536013781e-06,0.648604844962337,0.087,0.482,0.131946708102049,"12","Gar1"
4.08693536013781e-06,0.326083139577023,0.068,0.46,0.131946708102049,"12","Got2"
4.08693536013781e-06,0.607063991473291,0.067,0.419,0.131946708102049,"12","Gtf2b"
4.09423288504849e-06,0.228668460277368,0.122,0.603,0.13218230869379,"12","Hdac1"
4.09423288504849e-06,0.106164270281539,0.129,0.578,0.13218230869379,"12","Bcap29"
4.19887784521762e-06,0.168453691264494,0.16,0.733,0.135560771232851,"12","Ep400"
4.19887784521762e-06,0.169076459517811,0.108,0.635,0.135560771232851,"12","Ndufs5"
4.25512676634536e-06,0.10097110654635,0.1,0.618,0.13737676765146,"12","Cnpy2"
4.39759343779087e-06,0.354638079723096,0.141,0.618,0.141976304139078,"12","Rfc1"
4.39759343779087e-06,0.124741686597549,0.082,0.491,0.141976304139078,"12","Mff"
4.42206926573602e-06,0.176741694083049,0.147,0.687,0.142766506244287,"12","Morc3"
4.57645624409884e-06,0.282281995467398,0.102,0.542,0.147750889840731,"12","Mgat1"
4.58166165866076e-06,0.204088367463596,0.047,0.285,0.147918946649862,"12","Tspan31"
4.6585347089561e-06,0.717799006477932,0.175,0.685,0.150400793078648,"12","Atp5md"
4.68457019810441e-06,0.171640011249466,0.249,0.795,0.151241348845801,"12","Vamp8"
4.76182084513934e-06,0.274062148162528,0.084,0.601,0.153735385985323,"12","Arpp19"
4.76227623566576e-06,0.160108142765032,0.099,0.582,0.153750088268469,"12","Pdcd6"
4.94282674681137e-06,0.241612836257924,0.129,0.619,0.159579161520805,"12","Epc2"
4.99608869858e-06,0.280643702315256,0.079,0.419,0.161298723633655,"12","Ripor1"
5.21653569048301e-06,0.393051832778269,0.067,0.462,0.168415854767244,"12","Bax"
5.21653569048301e-06,0.849049522895429,0.078,0.434,0.168415854767244,"12","Txnl4a"
5.21653569048301e-06,0.399647364078205,0.076,0.422,0.168415854767244,"12","Slain2"
5.21653569048301e-06,0.328636375307946,0.056,0.341,0.168415854767244,"12","Zfp560"
5.44627899997153e-06,0.511129526290484,0.109,0.525,0.175833117514081,"12","Taf1"
5.44627899997153e-06,0.334625329903835,0.09,0.502,0.175833117514081,"12","Zfp326"
5.44627899997153e-06,0.358754441112039,0.073,0.481,0.175833117514081,"12","Actl6a"
5.44627899997153e-06,0.262832378842024,0.068,0.476,0.175833117514081,"12","Phrf1"
5.44627899997153e-06,0.533491588739567,0.07,0.439,0.175833117514081,"12","Trappc5"
5.44627899997153e-06,0.537675295114091,0.091,0.458,0.175833117514081,"12","Dph5"
5.44627899997153e-06,0.32933394947542,0.082,0.441,0.175833117514081,"12","Cenpc1"
5.44627899997153e-06,0.531826730911705,0.071,0.42,0.175833117514081,"12","Golga7"
5.44627899997153e-06,0.140370575119953,0.064,0.399,0.175833117514081,"12","Def8"
5.44627899997153e-06,0.316135102880396,0.064,0.399,0.175833117514081,"12","Ngdn"
5.44627899997153e-06,0.45554568895139,0.059,0.386,0.175833117514081,"12","Ppp5c"
5.44627899997153e-06,0.206180518094779,0.049,0.373,0.175833117514081,"12","Ppa2"
5.44627899997153e-06,0.193345949637302,0.056,0.38,0.175833117514081,"12","Snx12"
5.44627899997153e-06,0.177634898920695,0.061,0.366,0.175833117514081,"12","Ric8a"
5.44627899997153e-06,0.474235379598619,0.053,0.325,0.175833117514081,"12","Orc6"
5.44627899997153e-06,0.194159779986391,0.032,0.281,0.175833117514081,"12","Med29"
5.44627899997153e-06,0.30435909804533,0.033,0.281,0.175833117514081,"12","Smim8"
5.5281133791626e-06,0.181251069069965,0.158,0.68,0.178475140446265,"12","Elavl1"
5.58040893980008e-06,0.128959067344767,0.131,0.639,0.180163502621446,"12","Sp3"
5.58040893980008e-06,0.294584229227543,0.122,0.608,0.180163502621446,"12","Srp72"
5.80505709168123e-06,0.940516889657434,0.129,0.568,0.187416268204929,"12","Maz"
5.89828866249436e-06,0.12153144940001,0.14,0.683,0.19042624946863,"12","Nop53"
6.03834628433894e-06,0.326706668464086,0.105,0.571,0.194948009789883,"12","Gng10"
6.03834628433894e-06,0.206600430073996,0.12,0.586,0.194948009789883,"12","Phf12"
6.03834628433894e-06,0.660494973767224,0.097,0.515,0.194948009789883,"12","Utp11"
6.03834628433894e-06,0.813979481560251,0.108,0.515,0.194948009789883,"12","Phf5a"
6.1681290751658e-06,0.181356714133877,0.111,0.584,0.199138047191728,"12","Ap2s1"
6.23868769805722e-06,0.430513883285394,0.158,0.689,0.201416032331778,"12","Tecr"
6.28405911187239e-06,0.310764348986824,0.053,0.371,0.2028808484268,"12","Nxt1"
6.41185449243093e-06,0.362242616087289,0.126,0.665,0.207006722288133,"12","Psmb5"
6.41238408959549e-06,0.244630510684321,0.123,0.609,0.20702382033259,"12","Idh2"
6.57761520370495e-06,0.459333993610973,0.062,0.386,0.212358306851614,"12","Mafg"
6.57761520370495e-06,0.236699579456024,0.052,0.346,0.212358306851614,"12","Rnaseh2b"
6.73659137074282e-06,0.500161602376398,0.076,0.502,0.217490852404432,"12","Znrd1"
6.88426422901132e-06,0.197385679039387,0.088,0.561,0.22225847063363,"12","Acadl"
6.88426422901132e-06,0.25335400812183,0.078,0.46,0.22225847063363,"12","Ehmt2"
6.88426422901132e-06,0.218581094427277,0.05,0.395,0.22225847063363,"12","Exosc1"
6.88426422901132e-06,0.600407614779224,0.078,0.411,0.22225847063363,"12","Ltn1"
6.88426422901132e-06,0.472942562910443,0.067,0.378,0.22225847063363,"12","Pear1"
6.88426422901132e-06,0.480328687944164,0.052,0.339,0.22225847063363,"12","Tmem173"
6.88426422901132e-06,0.4623586489382,0.047,0.283,0.22225847063363,"12","Rbbp5"
6.91589976122944e-06,0.416118584941421,0.1,0.565,0.223279823791293,"12","Mrpl20"
6.95429110396629e-06,0.126012146242164,0.157,0.753,0.224519288291552,"12","Uba52"
7.01812829787964e-06,0.931922775886873,0.109,0.519,0.226580272097044,"12","Nsmce4a"
7.18610522205744e-06,0.432752748136095,0.123,0.605,0.232003407094124,"12","Srpk1"
7.31089848658794e-06,0.923411919740518,0.122,0.512,0.236032357639492,"12","Hdac2"
7.31089848658794e-06,0.143745277170354,0.07,0.453,0.236032357639492,"12","Slc30a9"
7.37357386510555e-06,0.208120605744371,0.172,0.715,0.238055832234933,"12","S100a11"
7.61532705816652e-06,0.6725250327484,0.088,0.476,0.245860834072906,"12","Bloc1s2"
7.61532705816652e-06,0.222299070069543,0.07,0.441,0.245860834072906,"12","Ap4s1"
7.61532705816652e-06,0.350000214145816,0.068,0.4,0.245860834072906,"12","Zfp131"
7.6514818510765e-06,0.408091136079188,0.172,0.711,0.247028091562005,"12","U2surp"
7.74993049438912e-06,0.779569712570227,0.103,0.506,0.250206506011353,"12","Wbp11"
7.75182569435383e-06,0.124363874320744,0.049,0.396,0.250267692542214,"12","Oxa1l"
7.75182569435383e-06,0.232839240642059,0.062,0.374,0.250267692542214,"12","Ncbp1"
7.75182569435383e-06,0.17120079882515,0.056,0.354,0.250267692542214,"12","Mast3"
7.75182569435383e-06,0.284957187170456,0.056,0.352,0.250267692542214,"12","Cstf2"
7.75182569435383e-06,0.950965802798903,0.076,0.366,0.250267692542214,"12","Rpa1"
7.75182569435383e-06,0.188732390992955,0.055,0.333,0.250267692542214,"12","Hsph1"
7.75182569435383e-06,0.164419813945015,0.041,0.307,0.250267692542214,"12","Hook1"
7.75182569435383e-06,0.165422057081633,0.043,0.304,0.250267692542214,"12","Aida"
7.75182569435383e-06,0.4632153609137,0.053,0.313,0.250267692542214,"12","Zfp53"
7.75182569435383e-06,0.631089284244122,0.062,0.294,0.250267692542214,"12","Myef2"
7.75182569435383e-06,0.220760705250656,0.038,0.269,0.250267692542214,"12","Ddx31"
7.75182569435383e-06,0.855676756572809,0.043,0.27,0.250267692542214,"12","Snrnp25"
7.75182569435383e-06,0.196153691877131,0.03,0.239,0.250267692542214,"12","Tmem263"
7.7754523237615e-06,0.569940183582584,0.084,0.462,0.25103047827264,"12","Zwint"
8.04870793712344e-06,0.112911774968779,0.108,0.578,0.25985253575003,"12","Tor1aip1"
8.26093596304097e-06,0.322344496256022,0.074,0.53,0.266704317566778,"12","Exosc7"
8.26093596304097e-06,0.690957227831283,0.105,0.504,0.266704317566778,"12","Mybbp1a"
8.26093596304097e-06,0.53510540350455,0.081,0.472,0.266704317566778,"12","Tbcb"
8.26093596304097e-06,0.273913125469882,0.081,0.424,0.266704317566778,"12","Uqcc1"
8.41084505400691e-06,0.255138857013353,0.097,0.525,0.271544132568613,"12","Sos1"
8.67962360626917e-06,0.123445089516384,0.099,0.565,0.2802216481284,"12","Magt1"
8.67962360626917e-06,0.567502130804352,0.122,0.575,0.2802216481284,"12","Etf1"
8.67962360626917e-06,0.120981468056131,0.085,0.492,0.2802216481284,"12","Snx27"
8.74686313182404e-06,0.497742600266014,0.079,0.489,0.282392476210939,"12","Mrps17"
9.09568706191324e-06,0.341409812470148,0.09,0.49,0.293654256793869,"12","Agpat5"
9.19798440794942e-06,0.360741877814897,0.138,0.66,0.296956926610647,"12","Glrx3"
9.19798440794942e-06,0.208185407587508,0.134,0.6,0.296956926610647,"12","Kdm5c"
9.35695237522674e-06,0.372949427961052,0.064,0.407,0.302089207434195,"12","Nbdy"
9.76466335628318e-06,0.214887634774858,0.071,0.433,0.315252156457603,"12","Hadh"
9.76466335628318e-06,0.617966714775255,0.068,0.408,0.315252156457603,"12","Anxa7"
9.76466335628318e-06,0.256687735097356,0.056,0.322,0.315252156457603,"12","Ube2z"
9.83361780345299e-06,0.414648026937926,0.07,0.461,0.31747835078448,"12","Mrps12"
9.83796933159977e-06,0.504202249434044,0.163,0.658,0.317618839870699,"12","Uqcrq"
9.94943723776563e-06,0.331069597528253,0.117,0.572,0.321217581221263,"12","Tomm70a"
9.94943723776563e-06,0.179061905350259,0.103,0.531,0.321217581221263,"12","Ghitm"
1.01893108646872e-05,0.252296440573754,0.053,0.383,0.328961901266425,"12","Fam92a"
1.01893108646872e-05,0.477173043218971,0.047,0.373,0.328961901266425,"12","Mcee"
1.01893108646872e-05,0.487644068600804,0.055,0.36,0.328961901266425,"12","Prpf38a"
1.01893108646872e-05,0.427905594679905,0.071,0.36,0.328961901266425,"12","Gmcl1"
1.06285276469969e-05,0.81015487372802,0.112,0.511,0.343142015083295,"12","Ebna1bp2"
1.06315609901316e-05,0.554310861390182,0.073,0.444,0.3432399465664,"12","Acot7"
1.10405136857017e-05,0.214551205901116,0.116,0.637,0.356442984342879,"12","Oip5os1"
1.10486379952672e-05,0.31578942386284,0.078,0.471,0.3567052776772,"12","Jtb"
1.10921043895137e-05,0.398614602625624,0.081,0.505,0.35810859021545,"12","0610012G03Rik"
1.10921043895137e-05,0.133709898019464,0.062,0.477,0.35810859021545,"12","Ube2j2"
1.10921043895137e-05,0.338619976317156,0.084,0.483,0.35810859021545,"12","Zfp871"
1.10921043895137e-05,0.309906238592492,0.067,0.465,0.35810859021545,"12","Pcnt"
1.10921043895137e-05,0.285663547680086,0.058,0.414,0.35810859021545,"12","Naa38"
1.10921043895137e-05,0.124997605920527,0.073,0.417,0.35810859021545,"12","Abcb1b"
1.10921043895137e-05,0.698085246993673,0.102,0.44,0.35810859021545,"12","Cers2"
1.10921043895137e-05,0.224553906117516,0.067,0.396,0.35810859021545,"12","Hsd17b4"
1.10921043895137e-05,0.663575657813274,0.073,0.391,0.35810859021545,"12","Gars"
1.10921043895137e-05,0.25718142693193,0.061,0.375,0.35810859021545,"12","Nol8"
1.10921043895137e-05,0.275593411034347,0.053,0.317,0.35810859021545,"12","Bcl2l13"
1.11402293026346e-05,0.937000473717541,0.129,0.49,0.359662303035559,"12","Nsun2"
1.12653423341089e-05,0.516228141101734,0.074,0.41,0.363701577256705,"12","Slc1a5"
1.14033563917843e-05,0.214214743702055,0.144,0.62,0.368157361108755,"12","Wls"
1.14686532677867e-05,0.351687175861599,0.267,0.794,0.370265470750493,"12","Hnrnpa0"
1.14845738547996e-05,0.539699433976348,0.106,0.546,0.370779466902205,"12","Rnf187"
1.14845738547996e-05,0.280911338753007,0.125,0.563,0.370779466902205,"12","Atl3"
1.17503020336568e-05,0.287846533791425,0.143,0.706,0.379358501156611,"12","Fis1"
1.19368993583448e-05,0.226435805823498,0.119,0.586,0.385382795784162,"12","Csk"
1.19368993583448e-05,0.131922937474673,0.082,0.518,0.385382795784162,"12","Cmc1"
1.19368993583448e-05,0.274260645164876,0.096,0.52,0.385382795784162,"12","Erp44"
1.20084109267511e-05,0.28406582189971,0.119,0.573,0.387691546770159,"12","Vps35"
1.20084109267511e-05,0.615400007533582,0.106,0.555,0.387691546770159,"12","Parp1"
1.21416293934986e-05,0.303482457707559,0.131,0.637,0.391992504969103,"12","Nisch"
1.21873164191506e-05,0.118142549410501,0.123,0.622,0.393467510592276,"12","Smc6"
1.21873164191506e-05,0.246453532198136,0.09,0.513,0.393467510592276,"12","Bnip2"
1.23099181328571e-05,0.374583584414247,0.129,0.665,0.397425706919293,"12","Ubxn1"
1.23099181328571e-05,0.325624992713298,0.116,0.613,0.397425706919293,"12","Ssbp1"
1.24272470438133e-05,0.391837130018236,0.09,0.465,0.401213670809514,"12","Cand1"
1.29033929075923e-05,0.246359405772111,0.056,0.368,0.416586040021616,"12","Nom1"
1.29033929075923e-05,0.334251050893162,0.056,0.34,0.416586040021616,"12","Cmtm6"
1.30105403648147e-05,0.39121210259553,0.199,0.751,0.420045295678043,"12","Ube2i"
1.33492157311031e-05,0.152601804200674,0.112,0.625,0.430979429878664,"12","Smarce1"
1.34327282660642e-05,0.202479597422143,0.097,0.559,0.433675632069884,"12","Arpc1a"
1.34327282660642e-05,0.223680929903595,0.09,0.518,0.433675632069884,"12","Bola2"
1.34982030103985e-05,0.350228727259973,0.067,0.395,0.435789484190715,"12","Tmx1"
1.34982030103985e-05,0.550331381417257,0.044,0.277,0.435789484190715,"12","Dctn5"
1.39423150469901e-05,0.444989217635599,0.111,0.547,0.450127641292076,"12","Anapc1"
1.39684476222663e-05,0.696423003862188,0.198,0.687,0.450971331484868,"12","Bsg"
1.40232662907857e-05,0.217483195606442,0.078,0.481,0.452741152198015,"12","Timm9"
1.40992550288325e-05,0.237409607639851,0.161,0.729,0.455194448605858,"12","Rab5if"
1.41191134735996e-05,0.333229186365366,0.067,0.417,0.455835578495162,"12","Mad1l1"
1.41191134735996e-05,0.370180784799448,0.091,0.438,0.455835578495162,"12","Lrpprc"
1.41191134735996e-05,0.287362272990248,0.067,0.396,0.455835578495162,"12","Fam193b"
1.41191134735996e-05,0.188583062739762,0.044,0.344,0.455835578495162,"12","Ttf1"
1.41191134735996e-05,0.547337119127341,0.041,0.34,0.455835578495162,"12","Ahsa2"
1.41191134735996e-05,0.701197021390481,0.071,0.367,0.455835578495162,"12","Dnajc11"
1.41191134735996e-05,0.256574375934495,0.055,0.341,0.455835578495162,"12","Gopc"
1.41191134735996e-05,0.154684788593599,0.05,0.331,0.455835578495162,"12","Wdr3"
1.41191134735996e-05,0.467502632824722,0.044,0.301,0.455835578495162,"12","Thoc3"
1.41191134735996e-05,0.143122461491392,0.036,0.286,0.455835578495162,"12","Jkamp"
1.41191134735996e-05,0.345027510723546,0.05,0.281,0.455835578495162,"12","Ube2g2"
1.44703080652536e-05,0.520878687419229,0.087,0.492,0.467173895886712,"12","Fnta"
1.45974100191686e-05,0.362697033825632,0.085,0.513,0.471277382468857,"12","Fundc2"
1.45974100191686e-05,0.734867754244165,0.055,0.327,0.471277382468857,"12","Sirt7"
1.46280466249741e-05,0.136668728961206,0.049,0.333,0.472266485287288,"12","Leprot"
1.48070516561816e-05,0.507027394782405,0.214,0.759,0.478045662719823,"12","Sec61g"
1.51939273278744e-05,0.269951957327936,0.094,0.52,0.490535943780426,"12","Hnrnph2"
1.51939273278744e-05,0.580478464835212,0.081,0.504,0.490535943780426,"12","Dctn3"
1.51939273278744e-05,0.517179356189502,0.085,0.47,0.490535943780426,"12","Mrpl36"
1.51939273278744e-05,0.279501203192043,0.076,0.445,0.490535943780426,"12","Rcn2"
1.51939273278744e-05,0.760336773482336,0.084,0.382,0.490535943780426,"12","Nup205"
1.56774393864658e-05,0.315802282862098,0.21,0.752,0.506146130592049,"12","Cnot1"
1.58136418813232e-05,0.230734978209821,0.1,0.567,0.510543428138518,"12","Ddb1"
1.58136418813232e-05,0.148844233428344,0.049,0.369,0.510543428138518,"12","Nacc1"
1.59404479567909e-05,0.11603766932568,0.041,0.33,0.514637362284994,"12","Apool"
1.59404479567909e-05,0.195275139525338,0.055,0.328,0.514637362284994,"12","Tmem230"
1.59404479567909e-05,0.254286943150597,0.043,0.295,0.514637362284994,"12","Aldh16a1"
1.59404479567909e-05,0.609498210830722,0.04,0.252,0.514637362284994,"12","Gemin2"
1.59404479567909e-05,0.448751934317395,0.03,0.237,0.514637362284994,"12","Ccnq"
1.59404479567909e-05,0.640785255739375,0.041,0.248,0.514637362284994,"12","Ccar2"
1.59404479567909e-05,0.684313837021122,0.041,0.247,0.514637362284994,"12","Nudt1"
1.61711089280594e-05,0.101963323216175,0.108,0.597,0.522084251742396,"12","Pspc1"
1.628659600896e-05,0.566572856918783,0.129,0.591,0.525812752149273,"12","Ndufc1"
1.64574056958818e-05,0.178884401375085,0.112,0.603,0.531327342891544,"12","Fnbp4"
1.64574056958818e-05,0.190418119171554,0.079,0.52,0.531327342891544,"12","C1d"
1.64574056958818e-05,0.253459682444343,0.062,0.433,0.531327342891544,"12","Dcp2"
1.64574056958818e-05,0.160312376198954,0.068,0.436,0.531327342891544,"12","Cbx6"
1.64574056958818e-05,0.905044605892591,0.064,0.344,0.531327342891544,"12","Aarsd1"
1.66662712089629e-05,0.709054314125362,0.128,0.569,0.538070565981368,"12","Ndufb2"
1.67792139959873e-05,0.423514421938477,0.144,0.668,0.541716923860448,"12","Nap1l4"
1.68024860501425e-05,0.255328101324113,0.125,0.661,0.542468262128851,"12","Prkar1a"
1.80727181379546e-05,0.680716072651308,0.099,0.521,0.583477705083863,"12","Mplkip"
1.81391053230047e-05,0.322982923080565,0.108,0.587,0.585621015353206,"12","Srsf9"
1.85071149333209e-05,0.107757966605601,0.079,0.532,0.597502205622265,"12","Arpc5l"
1.85071149333209e-05,0.570463569458948,0.108,0.523,0.597502205622265,"12","Tceal9"
1.88000197284484e-05,0.445622415970377,0.132,0.629,0.606958636932957,"12","Slc25a4"
1.88000197284484e-05,0.349560721614241,0.112,0.595,0.606958636932957,"12","Timm23"
1.91395759597663e-05,0.504534001116962,0.226,0.719,0.617921209861054,"12","Dek"
1.91750518697613e-05,0.112952417827059,0.129,0.672,0.619066549615242,"12","Skp1a"
1.92277067207205e-05,0.54170891767727,0.102,0.488,0.62076651147846,"12","Rexo2"
1.94838323765322e-05,0.480718661276767,0.132,0.601,0.629035528276341,"12","Brd7"
1.98562862221844e-05,0.135220383479142,0.129,0.632,0.641060200683222,"12","Trpc4ap"
1.99749714015361e-05,0.703799877741024,0.125,0.587,0.644891951698595,"12","Psmd8"
1.99749714015361e-05,0.71584377452833,0.085,0.454,0.644891951698595,"12","Bet1"
1.99749714015361e-05,0.232083139176731,0.058,0.4,0.644891951698595,"12","Ramac"
2.04969435818068e-05,0.590528108538316,0.074,0.452,0.661743823538631,"12","Ube2q1"
2.04969435818068e-05,0.920505421390712,0.073,0.381,0.661743823538631,"12","Polr2i"
2.05963520408797e-05,0.335754570642604,0.255,0.757,0.6649532256398,"12","Tagln2"
2.06612272837051e-05,0.234676215816881,0.217,0.732,0.667047722854421,"12","Tia1"
2.08490562124931e-05,0.493319740256462,0.222,0.744,0.673111779820338,"12","Taf15"
2.13716591798607e-05,0.434385785659142,0.081,0.43,0.689984016621801,"12","Stx4a"
2.15532747955536e-05,0.5522346951715,0.099,0.534,0.695847476774448,"12","Yeats4"
2.15532747955536e-05,0.103306006267148,0.073,0.478,0.695847476774448,"12","Anapc13"
2.20409946643675e-05,0.461043286200007,0.126,0.593,0.711593512739105,"12","Ptpa"
2.22818379620033e-05,0.101266417598562,0.087,0.525,0.719369138603276,"12","Gtf3c2"
2.22818379620033e-05,0.384633705955295,0.067,0.422,0.719369138603276,"12","Fgfr1op"
2.22818379620033e-05,0.200315622775734,0.078,0.428,0.719369138603276,"12","4921524J17Rik"
2.22818379620033e-05,0.268719576014176,0.076,0.42,0.719369138603276,"12","Nadk2"
2.22818379620033e-05,0.152964150884,0.065,0.401,0.719369138603276,"12","Mtln"
2.22818379620033e-05,0.639594782381545,0.081,0.406,0.719369138603276,"12","Ppat"
2.22818379620033e-05,0.623145232908865,0.085,0.4,0.719369138603276,"12","Ptcd3"
2.22818379620033e-05,0.314627209609725,0.052,0.363,0.719369138603276,"12","Kctd20"
2.22818379620033e-05,0.791360253611119,0.067,0.366,0.719369138603276,"12","Asf1a"
2.22818379620033e-05,0.100811032281433,0.058,0.336,0.719369138603276,"12","Slc35a3"
2.23862679263926e-05,0.14503299984944,0.079,0.531,0.722740660003584,"12","Xpc"
2.30310296265929e-05,0.312752931237829,0.105,0.58,0.743556791494551,"12","Mtch1"
2.32498446239605e-05,0.182530897248594,0.1,0.546,0.750621233684566,"12","Prpf39"
2.32498446239605e-05,0.173414849556512,0.082,0.517,0.750621233684566,"12","Ikbkb"
2.32498446239605e-05,0.548240675216831,0.073,0.425,0.750621233684566,"12","Plscr3"
2.32498446239605e-05,0.750501438252221,0.062,0.389,0.750621233684566,"12","Mrps7"
2.32733798481949e-05,0.522291589968275,0.119,0.637,0.751381068398972,"12","Vdac3"
2.35380806639291e-05,0.59801861192044,0.105,0.539,0.75992693423495,"12","Ciao2a"
2.35806833764708e-05,0.172164307605358,0.079,0.496,0.76130236280936,"12","Paxbp1"
2.38583187014637e-05,0.237589671330549,0.157,0.621,0.770265819276754,"12","Sod1"
2.45351655931955e-05,0.178698934219745,0.102,0.554,0.792117821176317,"12","Naa16"
2.47805305974303e-05,0.552630535021246,0.119,0.55,0.800039430338036,"12","Gabpb1"
2.50178462278469e-05,0.619140240091265,0.046,0.273,0.807701165466037,"12","Zfp367"
2.50198780943373e-05,0.556202922357203,0.207,0.707,0.807766764275681,"12","AI662270"
2.53117734873089e-05,0.458943833219723,0.144,0.662,0.817190607037766,"12","Ndufb3"
2.55263307174006e-05,0.231343012025317,0.059,0.368,0.824117587211278,"12","Zadh2"
2.5701996101217e-05,0.298021346780899,0.088,0.53,0.829788944127792,"12","Trappc4"
2.61581529282171e-05,0.477983421751074,0.047,0.294,0.844515967287488,"12","Lancl1"
2.61581529282171e-05,0.182686952499982,0.043,0.286,0.844515967287488,"12","Arel1"
2.61988626095577e-05,0.231070215496007,0.143,0.635,0.84583027934957,"12","Rad23b"
2.61988626095577e-05,0.651115700221616,0.12,0.577,0.84583027934957,"12","Bcas2"
2.65432051715361e-05,0.617074215154155,0.119,0.527,0.856947378963043,"12","Ier3ip1"
2.66559928424136e-05,0.21905160814348,0.123,0.605,0.860588728917324,"12","Psmd1"
2.66559928424136e-05,0.374875027084052,0.12,0.56,0.860588728917324,"12","Erap1"
2.66559928424136e-05,0.674307613573869,0.103,0.527,0.860588728917324,"12","Lsm7"
2.67797588596012e-05,0.355778991310991,0.195,0.743,0.864584514782223,"12","Mlec"
2.73477805718339e-05,0.756455529675149,0.058,0.353,0.882923095761657,"12","Cherp"
2.73477805718339e-05,0.399152824645114,0.07,0.351,0.882923095761657,"12","Ammecr1"
2.73477805718339e-05,0.561488132920617,0.058,0.322,0.882923095761657,"12","Slc25a39"
2.76240647057117e-05,0.416030816300175,0.085,0.5,0.891842929023902,"12","Atf1"
2.76240647057117e-05,0.735742167950015,0.079,0.369,0.891842929023902,"12","Zfp322a"
2.76436021746531e-05,0.466979715371738,0.134,0.557,0.892473696208674,"12","Cops9"
2.84901829839167e-05,0.249749631665304,0.117,0.661,0.91980555763575,"12","Plgrkt"
2.84901829839167e-05,0.230865050034733,0.135,0.651,0.91980555763575,"12","Ywhag"
2.84901829839167e-05,0.219188138020524,0.106,0.585,0.91980555763575,"12","Zbtb7a"
2.85887365404861e-05,0.118938055000983,0.079,0.458,0.922987359209593,"12","Uso1"
2.85887365404861e-05,0.475023251485471,0.065,0.419,0.922987359209593,"12","Snrnp27"
2.85887365404861e-05,0.182753484562723,0.052,0.386,0.922987359209593,"12","B9d2"
2.85887365404861e-05,0.574916123378494,0.064,0.379,0.922987359209593,"12","Cwc22"
2.85887365404861e-05,0.279391252357316,0.046,0.356,0.922987359209593,"12","Jagn1"
2.85887365404861e-05,0.413858329395183,0.046,0.32,0.922987359209593,"12","Ubr7"
2.85887365404861e-05,0.600950436650468,0.052,0.323,0.922987359209593,"12","Ttc1"
2.85887365404861e-05,0.599595017020371,0.055,0.322,0.922987359209593,"12","Hacd1"
2.85887365404861e-05,0.711595944871096,0.049,0.315,0.922987359209593,"12","Rwdd4a"
2.85887365404861e-05,0.158988692759187,0.036,0.285,0.922987359209593,"12","Vps16"
2.85887365404861e-05,0.738020775446882,0.036,0.268,0.922987359209593,"12","Mrpl55"
2.85887365404861e-05,0.75384282308268,0.053,0.284,0.922987359209593,"12","Pnpla2"
2.85887365404861e-05,0.986421430257004,0.033,0.261,0.922987359209593,"12","Bud23"
2.86659389022532e-05,0.834442863461094,0.149,0.602,0.925479837459244,"12","Nudt21"
2.86659389022532e-05,0.650061253828872,0.137,0.564,0.925479837459244,"12","Cnot6"
2.86659389022532e-05,0.735223877828441,0.108,0.525,0.925479837459244,"12","Prelid1"
2.86659389022532e-05,0.148500328770755,0.082,0.488,0.925479837459244,"12","Pip5k1a"
2.87334242598578e-05,0.906474667394335,0.102,0.476,0.927658602229511,"12","Pdha1"
2.87334242598578e-05,0.152464341462866,0.046,0.401,0.927658602229511,"12","Snapc5"
2.87334242598578e-05,0.285738439508225,0.053,0.387,0.927658602229511,"12","Il21r"
2.97769441014068e-05,0.353476213209749,0.152,0.659,0.96134864031392,"12","Ctnnb1"
2.99803184899919e-05,0.180494175284109,0.188,0.765,0.967914582449387,"12","Spcs2"
2.99803184899919e-05,0.389395037660024,0.157,0.659,0.967914582449387,"12","Psmd14"
3.07070840599724e-05,0.184837419604565,0.128,0.488,0.99137820887621,"12","Cep128"
3.08194267147206e-05,0.22084005756713,0.106,0.56,0.995005191484754,"12","Mat2b"
3.08194267147206e-05,0.146480791698335,0.111,0.526,0.995005191484754,"12","Nrgn"
3.19529832960218e-05,0.180207970211401,0.122,0.647,1,"12","Uqcrc2"
3.19529832960218e-05,0.932706494321217,0.114,0.532,1,"12","Idh3g"
3.23212153880556e-05,0.771007085845707,0.091,0.506,1,"12","Mrpl15"
3.23212153880556e-05,0.354452092561909,0.068,0.469,1,"12","Slc38a10"
3.23212153880556e-05,0.662447143674611,0.099,0.489,1,"12","Vbp1"
3.23212153880556e-05,0.702791235286635,0.067,0.43,1,"12","Flot1"
3.23212153880556e-05,0.36353908807907,0.062,0.422,1,"12","Apex1"
3.23212153880556e-05,0.692925453989946,0.096,0.453,1,"12","Rnmt"
3.23212153880556e-05,0.241849742586471,0.055,0.389,1,"12","Prkag1"
3.23212153880556e-05,0.575344426813865,0.068,0.395,1,"12","Cfap97"
3.23212153880556e-05,0.354256920138358,0.064,0.389,1,"12","Cep97"
3.23212153880556e-05,0.37237318193845,0.061,0.35,1,"12","Tsen34"
3.23212153880556e-05,0.860433901116139,0.056,0.313,1,"12","Tdg"
3.23872985920376e-05,0.423671344851759,0.046,0.334,1,"12","Ppp2r3c"
3.23872985920376e-05,0.190848555691629,0.074,0.36,1,"12","Rasa4"
3.23872985920376e-05,0.302346853190524,0.043,0.273,1,"12","Exoc7"
3.23872985920376e-05,0.630219843125664,0.044,0.263,1,"12","Mtx1"
3.23872985920376e-05,0.101353808473192,0.026,0.237,1,"12","Srprb"
3.23872985920376e-05,0.248881153107958,0.03,0.234,1,"12","Dimt1"
3.27930962868436e-05,0.450050426685926,0.135,0.656,1,"12","Ddx46"
3.30096210118673e-05,0.104858825588919,0.114,0.632,1,"12","Marc2"
3.42690546510564e-05,0.326444474348842,0.163,0.718,1,"12","Psmb2"
3.4376649593276e-05,0.190662584976074,0.065,0.468,1,"12","Dctn2"
3.44856396112154e-05,0.310447930665844,0.088,0.428,1,"12","Wdr45b"
3.51786272809014e-05,0.680046169978059,0.175,0.675,1,"12","Uqcr10"
3.51786272809014e-05,0.173289908130038,0.117,0.558,1,"12","Ppp1r9b"
3.56897704721604e-05,0.108285391226196,0.059,0.462,1,"12","Trappc6a"
3.61737018387568e-05,0.534433773850534,0.205,0.705,1,"12","BC005537"
3.64291676029289e-05,0.590437535142573,0.149,0.637,1,"12","Bag1"
3.73308637445161e-05,0.16723733705215,0.214,0.79,1,"12","Pdia3"
3.74614657098774e-05,0.254895669235131,0.055,0.311,1,"12","Gabpa"
3.76832767706501e-05,0.24649728864013,0.056,0.421,1,"12","Ube2a"
3.77218409038232e-05,0.122254387867814,0.152,0.674,1,"12","Srebf2"
3.90392720020306e-05,0.827734637743841,0.047,0.358,1,"12","Mrps34"
3.90579806626415e-05,0.623395006545811,0.112,0.552,1,"12","Ndufa10"
3.90579806626415e-05,0.52823974606289,0.106,0.543,1,"12","Upf3b"
3.91363798322938e-05,0.791235020474559,0.219,0.728,1,"12","Psma2"
3.99208790056872e-05,0.519109712802297,0.096,0.496,1,"12","Pole4"
3.99208790056872e-05,0.567685914132298,0.078,0.443,1,"12","Parl"
4.05016165502679e-05,0.691882396009592,0.132,0.574,1,"12","Lsm6"
4.13774228883963e-05,0.23451562501896,0.112,0.605,1,"12","Tmem167"
4.14340574063858e-05,0.40696756496732,0.079,0.496,1,"12","Gadd45gip1"
4.14340574063858e-05,0.937987899559589,0.105,0.513,1,"12","Ube2m"
4.14340574063858e-05,0.195735110566203,0.097,0.478,1,"12","Acaca"
4.18661902438253e-05,0.507592937378444,0.125,0.592,1,"12","Tomm22"
4.23860592915515e-05,0.116640683528376,0.055,0.412,1,"12","Ccdc107"
4.23860592915515e-05,0.330694822925055,0.053,0.371,1,"12","Sympk"
4.23860592915515e-05,0.400673265659142,0.052,0.32,1,"12","Mcur1"
4.23860592915515e-05,0.433046382527314,0.052,0.29,1,"12","Pgm1"
4.30015522952727e-05,0.250320634230275,0.091,0.511,1,"12","Cir1"
4.33411269583738e-05,0.380501565404231,0.09,0.548,1,"12","Fam162a"
4.38446624175853e-05,0.3089629853005,0.19,0.766,1,"12","Scaf11"
4.41598347840976e-05,0.156876463462528,0.076,0.506,1,"12","Impa2"
4.41598347840976e-05,0.403092343137744,0.064,0.426,1,"12","Pak1ip1"
4.41598347840976e-05,0.118006172887903,0.053,0.405,1,"12","Preb"
4.41598347840976e-05,0.120739450529044,0.058,0.398,1,"12","Anapc10"
4.41598347840976e-05,0.62822638508342,0.064,0.402,1,"12","Vps72"
4.41598347840976e-05,0.100564841032534,0.056,0.394,1,"12","Washc2"
4.41598347840976e-05,0.223188333763883,0.043,0.368,1,"12","Myo1g"
4.41598347840976e-05,0.237462345914664,0.05,0.367,1,"12","Prep"
4.41598347840976e-05,0.63841200991086,0.073,0.386,1,"12","Thumpd1"
4.41598347840976e-05,0.412270249015443,0.07,0.378,1,"12","Krr1"
4.41598347840976e-05,0.17146124382949,0.058,0.358,1,"12","Rad17"
4.41598347840976e-05,0.254811257329342,0.055,0.354,1,"12","Mbd1"
4.41598347840976e-05,0.609929423924652,0.07,0.366,1,"12","Hspa4l"
4.41598347840976e-05,0.409212531850925,0.055,0.345,1,"12","Rpf2"
4.41598347840976e-05,0.481886705350045,0.064,0.35,1,"12","Egln1"
4.41598347840976e-05,0.335772960094258,0.055,0.338,1,"12","Arfgap2"
4.41598347840976e-05,0.10989695430268,0.044,0.322,1,"12","Orc5"
4.41598347840976e-05,1.6773457892441,0.082,0.318,1,"12","Timm8a1"
4.46251932245213e-05,0.574886280692117,0.09,0.541,1,"12","Glod4"
4.46251932245213e-05,0.33985250823632,0.081,0.521,1,"12","Ech1"
4.46251932245213e-05,0.807902919822213,0.1,0.498,1,"12","Ilkap"
4.46251932245213e-05,0.316158435942664,0.082,0.478,1,"12","R3hdm4"
4.46251932245213e-05,0.300752038346266,0.096,0.477,1,"12","Ints6l"
4.46251932245213e-05,0.213096509727025,0.07,0.44,1,"12","Ldhb"
4.46251932245213e-05,0.380265551916107,0.091,0.449,1,"12","Ing1"
4.48274415849561e-05,0.51888983947343,0.137,0.615,1,"12","Aprt"
4.48274415849561e-05,0.767005168024486,0.123,0.583,1,"12","Cetn3"
4.51103803982352e-05,0.707608603384568,0.126,0.545,1,"12","Polr2k"
4.63642777955373e-05,0.547702035944176,0.158,0.671,1,"12","Llph"
4.96578897729738e-05,0.162450107916535,0.087,0.463,1,"12","Chmp3"
5.0212085257501e-05,0.410531395197932,0.093,0.505,1,"12","Psmd6"
5.16487148964147e-05,0.576382542306384,0.21,0.747,1,"12","Cct4"
5.17907971247399e-05,0.191265945849984,0.258,0.829,1,"12","Arpc3"
5.23734259533757e-05,0.335118386014463,0.056,0.362,1,"12","Ncbp2"
5.36570401733903e-05,0.272281910235112,0.073,0.457,1,"12","Ubp1"
5.37790220732165e-05,0.763301517109992,0.211,0.727,1,"12","Cox7b"
5.39120427277376e-05,0.178114070398171,0.084,0.493,1,"12","Lyl1"
5.46260135590817e-05,0.157546911865859,0.122,0.606,1,"12","Txnrd1"
5.47226908076941e-05,0.317681914987447,0.043,0.342,1,"12","Nomo1"
5.47226908076941e-05,0.589066045335567,0.055,0.321,1,"12","Gosr2"
5.47226908076941e-05,0.20385489432463,0.035,0.289,1,"12","Gm17018"
5.61518829701868e-05,0.42245842428492,0.155,0.666,1,"12","Sdha"
5.65401343103461e-05,0.103633411681394,0.119,0.615,1,"12","Vps4b"
5.65401343103461e-05,0.233035287057117,0.105,0.589,1,"12","Mpc1"
5.71715570907918e-05,0.413033009764038,0.076,0.429,1,"12","Lypla1"
5.71715570907918e-05,0.231959194685587,0.056,0.371,1,"12","Msrb2"
5.71715570907918e-05,0.240278766001046,0.043,0.352,1,"12","C87436"
5.71715570907918e-05,0.216197120254453,0.049,0.358,1,"12","Trim35"
5.71715570907918e-05,0.187003774147099,0.038,0.343,1,"12","Pwp1"
5.71715570907918e-05,0.40473681590608,0.053,0.356,1,"12","Tmem248"
5.71715570907918e-05,0.350315804462754,0.043,0.336,1,"12","Trappc2l"
5.71715570907918e-05,0.20767831244651,0.049,0.334,1,"12","Ints4"
5.71715570907918e-05,0.33169636337323,0.065,0.349,1,"12","Ccdc69"
5.71715570907918e-05,0.232653510712866,0.046,0.327,1,"12","Sap30bp"
5.71715570907918e-05,0.944343642021988,0.062,0.336,1,"12","Psmg1"
5.71715570907918e-05,0.175545339721991,0.033,0.306,1,"12","Ptgr2"
5.71715570907918e-05,0.157386828697063,0.038,0.307,1,"12","Slc4a1ap"
5.71715570907918e-05,0.52308241025737,0.049,0.313,1,"12","Mepce"
5.71715570907918e-05,0.156201066522919,0.044,0.305,1,"12","Stk19"
5.71715570907918e-05,0.204002104307414,0.032,0.29,1,"12","Letm1"
5.71715570907918e-05,0.187344181366949,0.044,0.301,1,"12","Wdyhv1"
5.71715570907918e-05,0.183188519947553,0.03,0.272,1,"12","Pinx1"
5.71715570907918e-05,0.476755390591612,0.035,0.273,1,"12","Vipas39"
5.71715570907918e-05,0.169069513689204,0.024,0.248,1,"12","Dohh"
5.71715570907918e-05,0.593461219489784,0.044,0.264,1,"12","Cxcr4"
5.78693280027963e-05,0.243813493293734,0.079,0.48,1,"12","Hbs1l"
5.7960074406638e-05,0.342447229549312,0.082,0.439,1,"12","Clpx"
5.7960074406638e-05,0.332944199857903,0.073,0.426,1,"12","Mta1"
5.85176699995647e-05,0.251050014064059,0.099,0.577,1,"12","Vps36"
5.99496561778303e-05,0.119873565795438,0.135,0.642,1,"12","Mia2"
5.99496561778303e-05,0.13657648515865,0.087,0.545,1,"12","Cdk11b"
5.99496561778303e-05,0.422128165392114,0.106,0.562,1,"12","Selenoh"
5.99496561778303e-05,0.174778896499361,0.082,0.53,1,"12","4833420G17Rik"
5.99496561778303e-05,0.33780554988577,0.103,0.543,1,"12","Aco2"
5.99496561778303e-05,0.462985791880966,0.093,0.508,1,"12","Crebzf"
5.99550075696209e-05,0.933544546700783,0.198,0.686,1,"12","Atp5o"
6.02322342327963e-05,0.19348613357609,0.076,0.409,1,"12","Smim7"
6.02413485090644e-05,0.100408953509009,0.164,0.728,1,"12","Cul1"
6.05605877239457e-05,0.191682710174786,0.135,0.606,1,"12","Casd1"
6.20889065736712e-05,0.572013166421415,0.166,0.649,1,"12","Manf"
6.21679404234639e-05,0.84744869245881,0.229,0.72,1,"12","Fkbp3"
6.25885616623657e-05,0.537343671969142,0.109,0.54,1,"12","Nfya"
6.25885616623657e-05,0.418816124887529,0.081,0.492,1,"12","Glo1"
6.25885616623657e-05,0.493897184057095,0.084,0.491,1,"12","Pfdn6"
6.25885616623657e-05,0.301405228473046,0.084,0.463,1,"12","Mcrip1"
6.25885616623657e-05,0.215227502470719,0.065,0.442,1,"12","Dcps"
6.25885616623657e-05,0.338061125482497,0.082,0.456,1,"12","Ensa"
6.25885616623657e-05,0.53425944795815,0.067,0.411,1,"12","Mrps26"
6.25885616623657e-05,0.213662916869293,0.061,0.359,1,"12","Mier3"
6.26709109094335e-05,0.337562126362424,0.144,0.621,1,"12","Clec2d"
6.26709109094335e-05,0.187550687589426,0.102,0.575,1,"12","Uba1"
6.30335753968171e-05,0.51897058810682,0.079,0.468,1,"12","Ctr9"
6.50475622222749e-05,0.192984305039265,0.035,0.34,1,"12","Sgta"
6.50475622222749e-05,0.309391370750457,0.046,0.311,1,"12","Kdsr"
6.50475622222749e-05,0.166352894729065,0.029,0.293,1,"12","Zpr1"
6.50475622222749e-05,0.172649005150863,0.05,0.312,1,"12","Asb7"
6.50475622222749e-05,0.293202438849254,0.043,0.291,1,"12","Nelfa"
6.50475622222749e-05,0.115649839569777,0.078,0.305,1,"12","Vldlr"
6.50475622222749e-05,0.362232831844144,0.032,0.241,1,"12","Ccdc167"
6.50475622222749e-05,0.282303504394031,0.046,0.251,1,"12","Ulk1"
6.50475622222749e-05,0.117383986552865,0.029,0.232,1,"12","Vps4a"
6.53943602492036e-05,0.336909491332659,0.116,0.551,1,"12","Ahctf1"
6.55772274190404e-05,0.410814810543386,0.14,0.639,1,"12","Ss18"
6.55848881340884e-05,0.764822993018475,0.12,0.479,1,"12","Dnmt1"
7.03692372132802e-05,0.238896017989106,0.082,0.549,1,"12","Syf2"
7.03692372132802e-05,0.248122734448691,0.088,0.459,1,"12","Ibtk"
7.04733188149728e-05,0.211298935053193,0.228,0.767,1,"12","Smc1a"
7.05527673294033e-05,0.718568430488115,0.076,0.394,1,"12","Kmt2d"
7.22550529833781e-05,0.147663452281014,0.19,0.746,1,"12","Hp1bp3"
7.5700697375294e-05,0.545672898571317,0.093,0.494,1,"12","Kmt5a"
7.5700697375294e-05,0.355680648452964,0.111,0.511,1,"12","Irak1"
7.5700697375294e-05,0.552293501829381,0.067,0.412,1,"12","Cetn2"
7.65185936648937e-05,0.590476055622322,0.059,0.426,1,"12","Eci2"
7.65185936648937e-05,0.348213650043943,0.065,0.422,1,"12","Rgs19"
7.85075356774767e-05,0.670580006438429,0.09,0.507,1,"12","Mbd3"
7.95130109866785e-05,0.384588762811335,0.103,0.594,1,"12","Magoh"
7.95130109866785e-05,0.399526320889973,0.131,0.584,1,"12","Treml2"
7.96774219333066e-05,0.607810119250055,0.064,0.378,1,"12","Cnih1"
7.96774219333066e-05,0.13575912201359,0.052,0.321,1,"12","Slc37a1"
7.96774219333066e-05,0.563584063563771,0.05,0.305,1,"12","Myo1c"
7.96774219333066e-05,0.420230762579547,0.059,0.297,1,"12","Sacs"
7.96774219333066e-05,0.625775671256463,0.043,0.266,1,"12","Jpt2"
7.97883020801874e-05,0.489499025525907,0.184,0.748,1,"12","Ppp1ca"
7.98209382220845e-05,0.883974933790965,0.216,0.65,1,"12","Fbl"
8.14125668934208e-05,0.25293555545749,0.078,0.525,1,"12","Psmg4"
8.29592462526601e-05,0.892996788010745,0.052,0.325,1,"12","Pfdn4"
8.36697447774469e-05,0.605337961247234,0.078,0.494,1,"12","Pdap1"
8.44189981875457e-05,0.733681266352734,0.116,0.57,1,"12","Polr2e"
8.44189981875457e-05,0.583064160311098,0.1,0.528,1,"12","Snrnp40"
8.44189981875457e-05,0.460937868963418,0.071,0.48,1,"12","Mrps15"
8.44189981875457e-05,0.623883678723359,0.073,0.409,1,"12","Polr2b"
8.44189981875457e-05,0.660478667998122,0.074,0.406,1,"12","Kdelr2"
8.44189981875457e-05,0.600047829325654,0.087,0.417,1,"12","Ptprs"
8.49230615492705e-05,0.368661856604056,0.157,0.668,1,"12","Dbi"
8.57165637007762e-05,0.284318830161317,0.166,0.658,1,"12","G3bp2"
8.63685361539924e-05,0.839174307539412,0.087,0.474,1,"12","Mrpl21"
8.63685361539924e-05,0.451566106724401,0.076,0.425,1,"12","Hspa14"
8.63685361539924e-05,0.665010671920647,0.055,0.395,1,"12","Med21"
8.63685361539924e-05,0.630797761478692,0.046,0.372,1,"12","Hypk"
8.63685361539924e-05,0.274215563715371,0.053,0.377,1,"12","Babam1"
8.63685361539924e-05,0.139696722432988,0.073,0.393,1,"12","Mbnl3"
8.63685361539924e-05,0.65210308616184,0.059,0.378,1,"12","Meaf6"
8.63685361539924e-05,0.504775429859955,0.053,0.365,1,"12","Tctex1d2"
8.63685361539924e-05,0.406716162049083,0.05,0.355,1,"12","Faap20"
8.63685361539924e-05,0.548974523650788,0.059,0.362,1,"12","Rpgrip1"
8.63685361539924e-05,0.515205524861754,0.05,0.342,1,"12","Psmd9"
8.63685361539924e-05,0.552255065084654,0.1,0.392,1,"12","Tipin"
8.63685361539924e-05,0.537502998431666,0.062,0.349,1,"12","Smim15"
8.63685361539924e-05,0.778621746313436,0.056,0.341,1,"12","Prorsd1"
8.63685361539924e-05,0.123429902962072,0.043,0.321,1,"12","Atg101"
8.63685361539924e-05,0.243999047177921,0.046,0.32,1,"12","Kcnab2"
8.63685361539924e-05,0.459562424880295,0.068,0.341,1,"12","Wdr75"
8.63685361539924e-05,0.82308219400681,0.061,0.332,1,"12","Nop16"
8.63685361539924e-05,0.31237424408977,0.052,0.319,1,"12","Pcp4l1"
8.63685361539924e-05,0.415891236515649,0.047,0.289,1,"12","Rnft1"
8.63685361539924e-05,1.00469073018596,0.056,0.266,1,"12","Nde1"
8.63685361539924e-05,0.936221987814637,0.043,0.252,1,"12","Lonp1"
8.69248785017472e-05,0.676353086387182,0.097,0.522,1,"12","Sdhd"
8.69248785017472e-05,0.319240875900943,0.093,0.515,1,"12","Cops4"
8.69248785017472e-05,0.972545703088781,0.106,0.42,1,"12","AI506816"
8.88363513823563e-05,0.11257951271396,0.26,0.836,1,"12","Csnk1a1"
8.93458584826746e-05,1.05358262224282,0.135,0.567,1,"12","Mrpl18"
9.07954050897075e-05,0.210460058520826,0.188,0.733,1,"12","Larp1"
9.17165112768606e-05,0.273682567953682,0.079,0.494,1,"12","Mapkapk2"
9.22428117342126e-05,0.143739026737787,0.184,0.764,1,"12","Tle5"
9.23184976125922e-05,0.143393692082358,0.128,0.637,1,"12","Mbd2"
9.23184976125922e-05,0.29665263014617,0.103,0.564,1,"12","Akr1b3"
9.25930604526114e-05,0.863635756626907,0.178,0.589,1,"12","Tubb4b"
9.32044155812282e-05,0.112043478257262,0.094,0.593,1,"12","B230219D22Rik"
9.47272205819618e-05,0.151457768748656,0.106,0.519,1,"12","Gclm"
9.63223014335698e-05,0.513794150011957,0.088,0.514,1,"12","Fcf1"
9.65025544341031e-05,0.206649466969146,0.093,0.523,1,"12","Trp53bp1"
9.75519885041833e-05,0.895072365533202,0.301,0.747,1,"12","Hnrnpab"
9.89655011672789e-05,0.33785405761155,0.07,0.333,1,"12","Tob2"
9.99106735577205e-05,0.364891631504829,0.093,0.515,1,"12","Strap"
0.000101339548025457,0.46000631256294,0.214,0.749,1,"12","Gpi1"
0.00010278967166783,0.193941897233378,0.062,0.412,1,"12","Zdhhc3"
0.00010278967166783,0.611004677969222,0.061,0.379,1,"12","1500011B03Rik"
0.000103605166035078,0.354193762175743,0.04,0.285,1,"12","Lemd2"
0.000105193051040434,0.134375789230115,0.12,0.657,1,"12","Drap1"
0.000106548794598511,0.568204167391891,0.106,0.519,1,"12","Exosc5"
0.000106753012092206,0.640901719806926,0.109,0.503,1,"12","Rbm17"
0.000106753012092206,0.334795723190612,0.079,0.469,1,"12","Nolc1"
0.000106753012092206,0.132539026094096,0.09,0.457,1,"12","Nxn"
0.00010763275866511,0.248673002535195,0.143,0.643,1,"12","Setx"
0.000108187470376542,0.664372561472401,0.053,0.273,1,"12","Blm"
0.000108586901060315,0.797638619801277,0.166,0.612,1,"12","Mapre1"
0.000110067169305347,0.459995606177185,0.085,0.498,1,"12","Mrpl54"
0.000110067169305347,1.01707689131843,0.094,0.346,1,"12","H2afx"
0.000110179467625283,0.400864459097765,0.129,0.617,1,"12","Imp3"
0.000110829584021223,0.478965038457942,0.094,0.568,1,"12","Smim11"
0.000110829584021223,0.304570053145313,0.106,0.56,1,"12","Raf1"
0.000110829584021223,0.177865292487819,0.073,0.5,1,"12","Uqcc3"
0.000110829584021223,0.322229454379068,0.079,0.504,1,"12","Zfp62"
0.000110829584021223,0.501388666142604,0.112,0.514,1,"12","Cops3"
0.000110829584021223,0.732910098111517,0.117,0.5,1,"12","Dctpp1"
0.000110860239219573,0.967378793470356,0.12,0.436,1,"12","Nasp"
0.000110860239219573,0.201452108625016,0.055,0.347,1,"12","Gfm2"
0.000112960521517743,0.431160634697251,0.036,0.362,1,"12","Rpp21"
0.000112960521517743,0.573887101960025,0.056,0.357,1,"12","Tvp23b"
0.000112960521517743,0.417182110600513,0.05,0.345,1,"12","Mrps10"
0.000112960521517743,0.23683326795067,0.024,0.312,1,"12","Clec16a"
0.000112960521517743,0.644836787605008,0.061,0.337,1,"12","Nae1"
0.000112960521517743,0.141030326417792,0.043,0.318,1,"12","Ttc33"
0.000112960521517743,0.585417311601002,0.059,0.332,1,"12","Sdad1"
0.000112960521517743,0.668402149559111,0.046,0.314,1,"12","Fam53a"
0.000112960521517743,0.400231908274219,0.04,0.307,1,"12","Nufip1"
0.000112960521517743,0.149921152441126,0.041,0.308,1,"12","Rbm14"
0.000112960521517743,0.216523680492617,0.049,0.311,1,"12","Gpalpp1"
0.000112960521517743,0.497675698406734,0.046,0.305,1,"12","Gatd1"
0.000112960521517743,0.249846320465895,0.032,0.272,1,"12","Edrf1"
0.000112960521517743,0.249272852716262,0.047,0.281,1,"12","Ptger3"
0.000112960521517743,1.03312264800012,0.068,0.292,1,"12","Mogs"
0.000112960521517743,0.481678150345108,0.046,0.269,1,"12","Dis3"
0.000112960521517743,0.566668047392188,0.035,0.252,1,"12","Fads2"
0.000112960521517743,0.278749995943881,0.029,0.241,1,"12","Pdik1l"
0.000112960521517743,0.113759821728749,0.024,0.231,1,"12","Tor2a"
0.000114790904260803,0.29661872257584,0.161,0.68,1,"12","Hprt"
0.000114887052232029,0.503248092460707,0.102,0.543,1,"12","Emc6"
0.000115116216251587,0.972536476213641,0.093,0.428,1,"12","Cnot8"
0.00011568688350377,0.585535154192876,0.17,0.681,1,"12","Psma1"
0.000117793764727377,0.201142182939209,0.149,0.687,1,"12","Mcl1"
0.000117793764727377,0.245381245293061,0.087,0.5,1,"12","Camta1"
0.000118302777931321,0.107525502191092,0.108,0.603,1,"12","Lamtor4"
0.000118684812556,0.213423878118983,0.138,0.621,1,"12","Nup210"
0.000118684812556,0.383527158216039,0.137,0.548,1,"12","Nfe2"
0.000119525956863608,0.148923496640236,0.085,0.512,1,"12","Plec"
0.000119525956863608,0.382008096902853,0.082,0.494,1,"12","Rab18"
0.000119525956863608,0.645516799982425,0.103,0.5,1,"12","Lsm2"
0.000119525956863608,0.235330573687421,0.079,0.476,1,"12","Eed"
0.000119525956863608,0.287131267527107,0.047,0.391,1,"12","Timm17b"
0.000119525956863608,0.171706642261533,0.055,0.386,1,"12","Gsdme"
0.000119525956863608,0.127489954079738,0.074,0.4,1,"12","Dnmt3b"
0.000119525956863608,1.12275185871206,0.099,0.417,1,"12","Dnajc9"
0.000119525956863608,0.513695372390506,0.058,0.355,1,"12","Kars"
0.000121784443291756,0.727502383178086,0.106,0.489,1,"12","Atic"
0.00012260072879189,0.104824206088311,0.109,0.64,1,"12","Mdm4"
0.000122635258243844,0.524882536076472,0.076,0.485,1,"12","Dnttip2"
0.000123242300139987,0.417476387545559,0.298,0.837,1,"12","Ywhaz"
0.0001271170058298,0.251690995756606,0.079,0.466,1,"12","Nudt5"
0.0001271170058298,0.198334463834631,0.065,0.406,1,"12","Mecr"
0.000129208146895081,0.591611527275091,0.058,0.345,1,"12","Fxr2"
0.000129208146895081,0.702351673383045,0.052,0.326,1,"12","Tsen15"
0.000129208146895081,0.260671866663786,0.04,0.312,1,"12","Arfrp1"
0.000129208146895081,0.283200687700862,0.047,0.308,1,"12","Brap"
0.000129208146895081,0.443912445022804,0.044,0.297,1,"12","Tmem222"
0.000129208146895081,0.216592054893527,0.035,0.288,1,"12","Ormdl3"
0.000129208146895081,0.499547360919255,0.035,0.276,1,"12","Nfkbil1"
0.000129208146895081,0.115808174598377,0.032,0.27,1,"12","Adrm1"
0.000129208146895081,0.115383392386839,0.029,0.263,1,"12","Deaf1"
0.000129208146895081,0.218584981613701,0.032,0.25,1,"12","Ndor1"
0.000129208146895081,0.129153534784173,0.026,0.243,1,"12","Ankra2"
0.000129208146895081,0.120785648565474,0.029,0.24,1,"12","Zbtb25"
0.000129208146895081,1.19531106316863,0.055,0.265,1,"12","Hirip3"
0.000129208146895081,0.307532683618487,0.03,0.235,1,"12","Csf2rb"
0.000130151224217956,0.235306439178244,0.096,0.513,1,"12","Sfxn1"
0.000131752802823123,0.603998602813357,0.103,0.486,1,"12","Ppa1"
0.000131752802823123,0.914806675435888,0.102,0.441,1,"12","Nifk"
0.000134086363134924,0.451115140326455,0.198,0.713,1,"12","Uqcr11"
0.000135092069956259,0.137295157948613,0.128,0.644,1,"12","Adss"
0.000135092069956259,0.219538556839449,0.146,0.659,1,"12","Dync1h1"
0.000135400043948007,0.252600759348726,0.153,0.68,1,"12","Nudcd3"
0.000136547571357632,0.184366435876216,0.09,0.506,1,"12","Ppp1r2"
0.000136547571357632,0.333157718821526,0.082,0.491,1,"12","Higd1a"
0.000136547571357632,0.162250400673872,0.064,0.404,1,"12","Ap1ar"
0.000138875664600905,0.275485034362226,0.105,0.554,1,"12","Chordc1"
0.000139057564589319,0.379127295094955,0.108,0.56,1,"12","Ccnh"
0.000139515728087424,0.115185496401469,0.144,0.674,1,"12","Srcap"
0.000139515728087424,0.492488270937014,0.144,0.61,1,"12","Cmpk1"
0.000139886914478813,0.376371635984543,0.254,0.809,1,"12","Ssb"
0.000141506377205393,0.207976894956097,0.085,0.515,1,"12","Fkbp8"
0.000141506377205393,0.533077598315186,0.087,0.457,1,"12","Ube2v1"
0.000142272037061603,0.458250512880701,0.061,0.31,1,"12","Rnf141"
0.000142805267802504,0.63157036184079,0.196,0.69,1,"12","Lars2"
0.000143723085137006,0.320357756168278,0.128,0.609,1,"12","Cggbp1"
0.000143723085137006,0.273249301232376,0.116,0.589,1,"12","Ubtf"
0.000143723085137006,0.584409009882956,0.112,0.54,1,"12","Uqcc2"
0.000143723085137006,0.356949078053104,0.105,0.481,1,"12","Nras"
0.000143731415837586,0.189566959591125,0.084,0.49,1,"12","Zfp451"
0.000143731415837586,0.228251864271251,0.064,0.424,1,"12","Mphosph10"
0.000146221407707067,0.411643167940882,0.337,0.834,1,"12","Calr"
0.000146634433494401,0.273904676721949,0.079,0.491,1,"12","Atp2a3"
0.000146634433494401,0.733856815682831,0.117,0.502,1,"12","Ctdsp2"
0.000148746730004005,0.194991359127015,0.065,0.423,1,"12","Psd4"
0.000148746730004005,0.606800966259216,0.076,0.401,1,"12","Sf3a1"
0.000148775490698653,0.29306387608135,0.103,0.552,1,"12","Prrc2a"
0.000149324584130512,0.44882406377025,0.219,0.779,1,"12","Anp32a"
0.000151937104506827,0.829555360816825,0.106,0.468,1,"12","Trim27"
0.000153619486081715,0.196712345300171,0.129,0.64,1,"12","Spcs1"
0.000154049945701614,0.363715317852685,0.085,0.449,1,"12","Chmp5"
0.000154049945701614,0.292640369992094,0.056,0.395,1,"12","Desi1"
0.000154049945701614,1.12934376961056,0.103,0.391,1,"12","Cks1b"
0.000154049945701614,0.28033295610774,0.029,0.259,1,"12","Dhrs7"
0.000156917171251947,0.529906315318828,0.123,0.54,1,"12","Ndufs6"
0.000157419909559075,0.35116559935965,0.108,0.559,1,"12","Nsmaf"
0.000157419909559075,0.141052476769859,0.064,0.454,1,"12","Mrpl17"
0.000157419909559075,0.29705406336463,0.061,0.433,1,"12","BC004004"
0.000157419909559075,1.20511183555012,0.084,0.377,1,"12","Mrto4"
0.000157419909559075,0.438725864297166,0.036,0.322,1,"12","Alg5"
0.000159275657219597,0.254478461712258,0.099,0.569,1,"12","Cwc15"
0.000160277414088235,0.109065883910231,0.055,0.376,1,"12","Taz"
0.000160277414088235,0.196434739788259,0.041,0.359,1,"12","Mmadhc"
0.000160277414088235,0.677345839514135,0.052,0.325,1,"12","Usp5"
0.000160277414088235,0.269441187394944,0.046,0.283,1,"12","Ttpa"
0.000162005284702756,0.307382336025215,0.14,0.595,1,"12","Tmem30a"
0.000165962177929277,1.03121411866007,0.198,0.592,1,"12","Anp32e"
0.000166741217043445,0.373157822930058,0.064,0.423,1,"12","Naxd"
0.000166741217043445,0.525745800800605,0.068,0.422,1,"12","Rbm43"
0.000166741217043445,0.289943779247816,0.049,0.397,1,"12","Pde6d"
0.000166741217043445,0.165224529531646,0.056,0.394,1,"12","Tmf1"
0.000166741217043445,0.708270217973584,0.097,0.434,1,"12","Kansl2"
0.000166741217043445,0.373135120664633,0.059,0.374,1,"12","Odr4"
0.000166741217043445,0.196097548179503,0.044,0.358,1,"12","Imp4"
0.000166741217043445,0.430736628521474,0.065,0.374,1,"12","Ankrd27"
0.000166741217043445,0.243620444557644,0.05,0.349,1,"12","Mettl1"
0.000166741217043445,0.532113674187313,0.064,0.354,1,"12","Cops8"
0.000166741217043445,0.708065792426512,0.05,0.338,1,"12","Asnsd1"
0.000166741217043445,0.356357683155567,0.043,0.329,1,"12","Hdhd2"
0.000166741217043445,0.324108975461207,0.038,0.319,1,"12","Pgrmc2"
0.000166741217043445,0.351497152218005,0.064,0.345,1,"12","Prpf18"
0.000166741217043445,0.652377876419117,0.065,0.342,1,"12","Taf5l"
0.000166741217043445,0.300628332351024,0.035,0.311,1,"12","Ino80e"
0.000166741217043445,0.659465233471361,0.055,0.327,1,"12","Cops7a"
0.000166741217043445,0.374678283145741,0.055,0.326,1,"12","Usp11"
0.000166741217043445,0.252788982283928,0.046,0.316,1,"12","Taf11"
0.000166741217043445,0.607522924129341,0.058,0.322,1,"12","AI467606"
0.000166741217043445,0.608121848163713,0.061,0.321,1,"12","Rbm34"
0.000166741217043445,0.790100226342199,0.04,0.281,1,"12","Nr2c2ap"
0.000166741217043445,0.284528114463138,0.052,0.277,1,"12","Sec23ip"
0.000166741217043445,0.477549155993372,0.035,0.248,1,"12","Zfp593"
0.000172275389269273,0.38345886078917,0.134,0.642,1,"12","Nrd1"
0.000176391959041688,0.428985264102466,0.058,0.405,1,"12","Fopnl"
0.000179045425315096,0.474038511347758,0.116,0.548,1,"12","Chd3"
0.000179045425315096,0.238267764682969,0.109,0.531,1,"12","Mdn1"
0.000180147867078865,0.67664145790532,0.134,0.578,1,"12","Rfc2"
0.000181165741958809,0.438470319672779,0.141,0.575,1,"12","Glipr1"
0.000182471751393905,0.107289281929079,0.091,0.537,1,"12","Tgs1"
0.000183308698761156,0.135970322692547,0.096,0.558,1,"12","Virma"
0.000183423104819318,0.181829063847038,0.099,0.477,1,"12","Gtf2a1"
0.000184163299911529,0.740846756958791,0.196,0.675,1,"12","Snu13"
0.000185946224907995,0.159152763030081,0.074,0.493,1,"12","Mphosph8"
0.000187157845634828,0.523352389838184,0.099,0.451,1,"12","Isoc1"
0.000187333671722862,0.37330777547246,0.231,0.789,1,"12","Psmb1"
0.000188748150728882,0.165817044708554,0.108,0.628,1,"12","Lsm14a"
0.000188748150728882,0.309643306523798,0.078,0.457,1,"12","Zrsr2"
0.000192354437479193,0.875809893380833,0.173,0.577,1,"12","Eif2s3x"
0.000194236252484378,0.738376258850549,0.082,0.427,1,"12","Ddx1"
0.000195227046233773,0.5975205800456,0.076,0.508,1,"12","Gm2000"
0.000196916602102958,0.22179124544078,0.088,0.416,1,"12","Gclc"
0.000197532622083226,0.39413146787832,0.094,0.55,1,"12","Sugt1"
0.000201110893328063,0.169176091221926,0.172,0.711,1,"12","Glud1"
0.000201565657699554,0.330808345940525,0.074,0.374,1,"12","Irf9"
0.000201565657699554,0.126209543508291,0.043,0.326,1,"12","Lrrc41"
0.000201914487333995,0.15565392995278,0.103,0.554,1,"12","Mcmbp"
0.000201914487333995,0.272773923263011,0.096,0.532,1,"12","Kras"
0.000201914487333995,0.120232500769913,0.073,0.481,1,"12","Dicer1"
0.000201914487333995,0.20301120614217,0.079,0.483,1,"12","Ube2v2"
0.000201914487333995,0.167194320312718,0.059,0.413,1,"12","Fbxo7"
0.000202576942481064,0.683281240448581,0.043,0.254,1,"12","Gnpnat1"
0.000203765871792633,0.753786761674106,0.243,0.752,1,"12","AC149090.1"
0.000204083578614207,0.496558442352953,0.141,0.622,1,"12","Brd2"
0.000207397344098877,0.215310012689187,0.155,0.712,1,"12","Bzw1"
0.000209154298021129,1.09800314265018,0.09,0.415,1,"12","Exosc8"
0.000209154298021129,0.646121144050688,0.067,0.359,1,"12","Mtmr2"
0.000209154298021129,0.67207649148897,0.061,0.35,1,"12","Idh3a"
0.000209154298021129,0.434745969584018,0.058,0.346,1,"12","Unk"
0.000209154298021129,0.529275260860689,0.046,0.259,1,"12","Rab10os"
0.000210291985665224,0.409694216057686,0.196,0.755,1,"12","Ubl5"
0.000210838208855633,0.331979541790436,0.122,0.581,1,"12","Cisd2"
0.000210838208855633,0.653820909666594,0.129,0.576,1,"12","Arhgef1"
0.000211338706813741,0.270548885354231,0.093,0.534,1,"12","Gtf2h5"
0.000211338706813741,0.315129737630268,0.102,0.523,1,"12","Prkd3"
0.000211407938857634,0.164395326968237,0.047,0.309,1,"12","Ogfr"
0.000211407938857634,0.904135824871647,0.065,0.317,1,"12","Patl1"
0.000215873169616657,0.16031222487652,0.123,0.632,1,"12","Kdm1a"
0.00021701065538107,0.726807486281708,0.088,0.433,1,"12","Tomm40"
0.00021701065538107,0.363232660217831,0.062,0.387,1,"12","Pnrc2"
0.00021701065538107,0.287523561966801,0.055,0.376,1,"12","Tm2d3"
0.00021701065538107,0.908845272963842,0.067,0.288,1,"12","Gmnn"
0.0002178023718434,0.173593879257433,0.163,0.667,1,"12","Pdcd6ip"
0.0002178023718434,0.306702314575775,0.132,0.576,1,"12","Xpo1"
0.0002178023718434,0.421479700725864,0.106,0.535,1,"12","Ilf2"
0.000218916287948126,0.186728759902068,0.07,0.466,1,"12","Akt1"
0.0002205278990179,0.354830119478743,0.185,0.734,1,"12","Krtcap2"
0.000220599515611481,0.249582582870847,0.068,0.469,1,"12","Rnf114"
0.000220599515611481,0.156618900139874,0.07,0.455,1,"12","Gnpat"
0.000220599515611481,0.114349290990864,0.073,0.431,1,"12","Gbp7"
0.000220599515611481,0.553025126054044,0.055,0.384,1,"12","Tmem128"
0.000220599515611481,0.113513399993476,0.052,0.374,1,"12","Ccdc174"
0.000220599515611481,0.115255477243183,0.04,0.324,1,"12","Upf3a"
0.000220599515611481,0.482755160642895,0.049,0.331,1,"12","Cdk5rap3"
0.000220599515611481,0.758599935852103,0.059,0.289,1,"12","Abca7"
0.000220599515611481,0.497897279288545,0.043,0.269,1,"12","Bhlhb9"
0.000220599515611481,0.29567448911779,0.023,0.234,1,"12","Flywch1"
0.000220599515611481,0.282772375345097,0.036,0.245,1,"12","Cacna1a"
0.000220599515611481,0.228992536968615,0.03,0.238,1,"12","Insig2"
0.000220599515611481,0.957361911947435,0.035,0.242,1,"12","Fam216a"
0.000220599515611481,0.791385379755989,0.024,0.227,1,"12","Haus1"
0.000222801575205235,0.855260528982682,0.175,0.627,1,"12","Cacybp"
0.000225099193172978,0.64331131833253,0.176,0.685,1,"12","Psip1"
0.000225143463299484,0.554892857842396,0.073,0.461,1,"12","Fam173a"
0.000225143463299484,0.253517174869935,0.059,0.437,1,"12","Nt5c"
0.000225143463299484,0.218829940550167,0.064,0.427,1,"12","Aagab"
0.000225143463299484,0.240602839063955,0.059,0.412,1,"12","Suds3"
0.000225143463299484,0.223810213607337,0.061,0.404,1,"12","Edc3"
0.000225143463299484,0.26386945998951,0.052,0.385,1,"12","Map4k1"
0.000225143463299484,0.339155062767172,0.07,0.402,1,"12","Cebpg"
0.000225143463299484,0.355286469709842,0.076,0.408,1,"12","Mapk6"
0.000225143463299484,0.814382058926098,0.084,0.412,1,"12","Odc1"
0.000225143463299484,0.391901944271384,0.067,0.385,1,"12","Rnf168"
0.000225143463299484,0.69024407148803,0.082,0.396,1,"12","Cdca7"
0.000225143463299484,0.336093458096732,0.041,0.344,1,"12","Mrpl41"
0.000225143463299484,0.600263404455266,0.071,0.361,1,"12","Ubfd1"
0.000225143463299484,0.598724293543826,0.041,0.33,1,"12","Ccs"
0.000225143463299484,0.653273517842905,0.058,0.319,1,"12","Slain1"
0.000225143463299484,0.926717520443512,0.052,0.284,1,"12","Ubac1"
0.00022993831665185,0.360038408575886,0.143,0.62,1,"12","Atp2a2"
0.00022993831665185,0.112698600437057,0.12,0.575,1,"12","Neat1"
0.00022993831665185,0.466074265115534,0.097,0.482,1,"12","Sdhc"
0.000234435906386633,0.352286107509246,0.125,0.591,1,"12","Wdr43"
0.000240012961093292,0.437511341913333,0.093,0.552,1,"12","Aurkaip1"
0.000240012961093292,0.913690573626375,0.122,0.539,1,"12","Npm3"
0.000243208045324716,0.792799929335629,0.094,0.404,1,"12","Spcs3"
0.000244860117550808,0.764430477305539,0.138,0.585,1,"12","Ssr1"
0.000246835630534739,0.411926268759657,0.141,0.639,1,"12","Srsf10"
0.000247876954764281,0.102313348452504,0.122,0.587,1,"12","Zyx"
0.000251484468743059,0.183617378775014,0.035,0.249,1,"12","Wdr11"
0.000251852058006298,1.45660776356412,0.125,0.391,1,"12","Rpl9-ps6"
0.000253976368838715,0.685899256130632,0.05,0.383,1,"12","Pin1"
0.000253976368838715,0.391730326649076,0.046,0.337,1,"12","Utp20"
0.000253976368838715,0.20711349345865,0.053,0.307,1,"12","Ccndbp1"
0.000253976368838715,0.140232751940738,0.035,0.282,1,"12","Myg1"
0.000253976368838715,0.404673442914284,0.052,0.297,1,"12","H2-Ob"
0.000253976368838715,0.320388049681918,0.036,0.275,1,"12","Tecpr2"
0.000253976368838715,0.315816268471323,0.04,0.274,1,"12","Tor3a"
0.000253976368838715,0.463470150299037,0.03,0.259,1,"12","Mrpl46"
0.000253976368838715,0.298492231928611,0.026,0.254,1,"12","Dele1"
0.000253976368838715,0.100981731920282,0.03,0.256,1,"12","Vps45"
0.000253976368838715,0.501168633121859,0.029,0.244,1,"12","Noa1"
0.000253976368838715,0.149640479717198,0.026,0.239,1,"12","Sco2"
0.000253976368838715,0.254606906869946,0.035,0.247,1,"12","Zfp426"
0.000253976368838715,0.137091307006134,0.038,0.249,1,"12","Lrrc8b"
0.000253976368838715,0.114542664593617,0.03,0.237,1,"12","Mn1"
0.000254508285470598,0.341182430913799,0.172,0.632,1,"12","Cbx5"
0.00025598213959552,0.377054661377912,0.109,0.542,1,"12","Rnf4"
0.000258439141960079,0.684115780493706,0.208,0.71,1,"12","Rcc2"
0.000260228602927144,0.774368451219334,0.081,0.421,1,"12","Slc9a3r1"
0.000260686670062216,0.446821941567742,0.128,0.602,1,"12","Eif1ax"
0.000260783567138875,0.306504301484344,0.064,0.456,1,"12","Idh3b"
0.000260783567138875,0.402898572415916,0.087,0.42,1,"12","Irf1"
0.000260783567138875,0.635502534374329,0.067,0.388,1,"12","Alkbh5"
0.000262389934149664,0.18149955154883,0.152,0.615,1,"12","Tsc22d1"
0.000268954921928578,0.195886823748695,0.109,0.547,1,"12","Camkk2"
0.000268954921928578,0.732198853778868,0.125,0.532,1,"12","U2af2"
0.000270011397420926,0.269145143860267,0.111,0.54,1,"12","Otud4"
0.000270011397420926,0.264008162722524,0.085,0.439,1,"12","Lasp1"
0.000270011397420926,0.247763733537284,0.073,0.413,1,"12","Arhgap4"
0.000270011397420926,0.631123337501119,0.085,0.423,1,"12","Cox20"
0.000273987750492004,0.420290729989992,0.19,0.689,1,"12","Dhx15"
0.000277471588646898,0.666642895976413,0.229,0.723,1,"12","Atp5mpl"
0.000278227049513938,0.800557612805397,0.138,0.492,1,"12","Lmnb1"
0.000278889734261653,0.629707380083177,0.14,0.614,1,"12","Eloc"
0.000281899464673949,0.353149408712839,0.217,0.764,1,"12","Ywhaq"
0.000281899464673949,0.316446528136144,0.143,0.657,1,"12","Zranb2"
0.000282838738587498,1.14856194007943,0.065,0.277,1,"12","Nup62"
0.000286953411391206,0.109673091761047,0.134,0.657,1,"12","S100a10"
0.000287657625285939,0.553046964076186,0.085,0.382,1,"12","Uhmk1"
0.000287995131200893,0.133222775415495,0.135,0.698,1,"12","Pabpn1"
0.000289392549337225,0.149397543997977,0.065,0.453,1,"12","Rbm28"
0.000289392549337225,0.88635079520515,0.116,0.502,1,"12","Cdk9"
0.000289392549337225,0.48961494650117,0.096,0.464,1,"12","Prkcd"
0.000289392549337225,1.08604137434931,0.085,0.424,1,"12","Gtf3a"
0.000289392549337225,1.07305171049487,0.05,0.283,1,"12","Pole3"
0.0002940795201873,0.936196500977704,0.053,0.35,1,"12","1110038F14Rik"
0.0002940795201873,0.824133822238638,0.064,0.354,1,"12","Prpf31"
0.00029634205648072,0.136020995886345,0.123,0.663,1,"12","Sec11a"
0.00029634205648072,0.5715701397165,0.196,0.681,1,"12","Pdia6"
0.000297387032033346,0.611719706312237,0.125,0.543,1,"12","Ak2"
0.000297420953473554,0.782475432587693,0.135,0.566,1,"12","Gmps"
0.000299057077969817,0.822748635203923,0.199,0.685,1,"12","Txnl1"
0.000304549253765331,0.208025462946498,0.117,0.621,1,"12","Tnrc18"
0.000305737711824847,0.321723457569442,0.079,0.465,1,"12","Mgat2"
0.000305737711824847,0.57543446488142,0.053,0.362,1,"12","2310009A05Rik"
0.000305737711824847,0.397173018307267,0.058,0.364,1,"12","Casp2"
0.000305737711824847,0.253204683181621,0.056,0.344,1,"12","Cracr2a"
0.000305737711824847,0.229294840820758,0.055,0.322,1,"12","Armc10"
0.000305737711824847,0.108871511956747,0.049,0.313,1,"12","CAAA01118383.1"
0.000305737711824847,1.21728856811785,0.062,0.313,1,"12","Pes1"
0.000305737711824847,0.510139065999075,0.044,0.294,1,"12","Sart3"
0.000307423996073768,0.372823008540223,0.085,0.451,1,"12","Echs1"
0.00031411300248764,0.136757794310436,0.117,0.661,1,"12","Pts"
0.000314813283769714,0.446698327461464,0.179,0.658,1,"12","Tmpo"
0.000314813283769714,0.491162517186172,0.122,0.588,1,"12","Gtpbp4"
0.00031702251139793,0.412566209393041,0.307,0.812,1,"12","Sec61b"
0.00031718898870186,0.247627969120163,0.135,0.685,1,"12","Esd"
0.00031718898870186,0.452192767375039,0.137,0.65,1,"12","Cdc26"
0.000317777473330066,0.357265980353497,0.084,0.495,1,"12","Polr2g"
0.000317827587189035,0.174885014113644,0.068,0.44,1,"12","Mtrex"
0.000317827587189035,0.201559080669776,0.065,0.431,1,"12","Ago1"
0.000317827587189035,0.154553935648858,0.053,0.392,1,"12","Pglyrp2"
0.000317827587189035,0.332285871461842,0.05,0.385,1,"12","Ndufv1"
0.000317827587189035,0.310899827779013,0.056,0.389,1,"12","Abhd17a"
0.000317827587189035,0.640990009243954,0.074,0.395,1,"12","Rasal3"
0.000317827587189035,0.426358306173578,0.056,0.371,1,"12","Pnpt1"
0.000317827587189035,1.09543748516249,0.058,0.368,1,"12","Fh1"
0.000317827587189035,0.618194861349264,0.065,0.362,1,"12","Apaf1"
0.000317827587189035,1.40352261360118,0.099,0.392,1,"12","Rpa3"
0.000317827587189035,0.604491320967463,0.065,0.356,1,"12","Sart1"
0.000317827587189035,0.811712454532773,0.064,0.354,1,"12","Ccdc115"
0.000317827587189035,0.30618308950288,0.053,0.339,1,"12","Nup88"
0.000317827587189035,0.472123530733296,0.033,0.305,1,"12","Trmt10c"
0.000317827587189035,0.515777652062402,0.052,0.311,1,"12","Heatr1"
0.000317827587189035,0.300989917878089,0.046,0.301,1,"12","Pqbp1"
0.000317827587189035,0.432012193038247,0.068,0.321,1,"12","Dtl"
0.000317827587189035,0.248439169633678,0.027,0.254,1,"12","Itgb1bp1"
0.000317827587189035,1.3514256939036,0.065,0.28,1,"12","Uap1"
0.000317827587189035,0.806089697011443,0.035,0.248,1,"12","Aimp2"
0.00032395735452503,0.141707424501705,0.091,0.601,1,"12","Rnf7"
0.00032395735452503,0.471544528635732,0.144,0.648,1,"12","Cct7"
0.00032395735452503,0.590430032457509,0.14,0.602,1,"12","Paics"
0.000324447972425142,0.29800487521582,0.123,0.615,1,"12","1110004F10Rik"
0.000327446756546276,0.607343490514103,0.093,0.525,1,"12","Pdrg1"
0.00032785070817544,0.433889852343602,0.16,0.606,1,"12","Tmem14c"
0.000328456654559864,0.479507193641535,0.103,0.546,1,"12","Psmd12"
0.000332736190385423,0.375398548955979,0.17,0.684,1,"12","Pgls"
0.000336709208421342,0.297053913292256,0.067,0.384,1,"12","Mrpl35"
0.000336709208421342,0.661420175172373,0.068,0.369,1,"12","Med30"
0.000339470970679372,0.167064801364102,0.096,0.532,1,"12","Rab11a"
0.000339470970679372,0.28398198409017,0.093,0.528,1,"12","Ndufa1"
0.000341457608872591,0.587095109058112,0.108,0.492,1,"12","Lta4h"
0.000349242557881869,0.749221812872713,0.252,0.73,1,"12","Atp5g3"
0.000350830098182455,0.281711205425591,0.116,0.576,1,"12","Pank2"
0.000350830098182455,0.497022218750253,0.108,0.496,1,"12","Cd93"
0.000360291267294495,0.341770561497644,0.143,0.612,1,"12","Eid1"
0.000362543964655951,0.290112544864303,0.087,0.531,1,"12","Sbds"
0.000362543964655951,0.294637857628858,0.102,0.518,1,"12","Slc44a2"
0.000362543964655951,0.3212325679713,0.1,0.503,1,"12","Bclaf3"
0.000362543964655951,0.940368119129498,0.122,0.468,1,"12","Smarcd2"
0.000362543964655951,0.697852792299431,0.102,0.447,1,"12","Fyttd1"
0.000371907155673187,0.57870152955122,0.119,0.581,1,"12","Lman2"
0.000371907155673187,0.394985121499154,0.078,0.517,1,"12","Mrpl14"
0.000375462989607251,0.657093792733506,0.084,0.435,1,"12","Larp7"
0.000375462989607251,0.170357736801203,0.041,0.305,1,"12","Gatd3a"
0.000375494213348171,0.236057450488169,0.03,0.244,1,"12","Crbn"
0.000383872411857672,0.620360742685398,0.126,0.556,1,"12","Ppp6r1"
0.000389281396271712,0.28881187539001,0.05,0.435,1,"12","Polr2c"
0.000389281396271712,0.205076572669577,0.053,0.403,1,"12","0610010K14Rik"
0.000389281396271712,0.297322193992002,0.043,0.316,1,"12","Oard1"
0.000389281396271712,0.230063782290955,0.033,0.266,1,"12","Arl2"
0.000391666211534939,0.518558238087747,0.035,0.267,1,"12","Tars2"
0.000396196689365899,0.646773635956888,0.099,0.513,1,"12","Rnaseh2c"
0.000396196689365899,0.400875015733142,0.084,0.419,1,"12","Stard7"
0.000398470600659255,0.764467682679329,0.225,0.741,1,"12","Cct2"
0.000400641639552341,0.407017848117976,0.188,0.758,1,"12","Ndufb9"
0.000403573907659379,0.362121988573167,0.067,0.36,1,"12","Mthfd1"
0.000408400674567314,0.76038132153153,0.208,0.696,1,"12","Psmb4"
0.000408400674567314,0.567353808714232,0.155,0.642,1,"12","Lsm4"
0.000408487215999557,0.654932636366446,0.055,0.35,1,"12","Aifm1"
0.000408487215999557,0.309612234744321,0.062,0.32,1,"12","Txndc5"
0.000408487215999557,0.599747708854596,0.043,0.25,1,"12","Otud6b"
0.000408487215999557,0.259123802483338,0.036,0.24,1,"12","Rnf170"
0.000408560863694433,0.760883401861268,0.21,0.711,1,"12","U2af1"
0.000408889880854719,0.301477463128625,0.09,0.577,1,"12","Mrpl30"
0.000412071951816173,0.157772361694449,0.122,0.659,1,"12","Snw1"
0.000412071951816173,0.274885784985662,0.119,0.655,1,"12","Ndufs7"
0.000412071951816173,0.524603755547945,0.164,0.686,1,"12","Psmb3"
0.000418355453231639,0.551805438639553,0.091,0.531,1,"12","Copb2"
0.000418355453231639,0.357384603570074,0.088,0.469,1,"12","Derl1"
0.000418355453231639,0.701009354047746,0.082,0.461,1,"12","Ssna1"
0.000418355453231639,0.360585238562368,0.087,0.431,1,"12","Srek1ip1"
0.000418355453231639,1.05162093298634,0.106,0.447,1,"12","Hmgb3"
0.000418355453231639,0.473453409718116,0.076,0.415,1,"12","Ift52"
0.000418355453231639,0.144856378941757,0.071,0.39,1,"12","Fbxo33"
0.000418355453231639,0.250564278780375,0.046,0.354,1,"12","Adsl"
0.000418355453231639,0.735481508455303,0.058,0.364,1,"12","Mfsd10"
0.000418355453231639,0.205299260934608,0.061,0.36,1,"12","Dpy19l4"
0.000418355453231639,0.321179117593732,0.04,0.267,1,"12","Ap5m1"
0.000418599697620676,0.428117015488224,0.296,0.847,1,"12","Tpr"
0.000420437987813865,0.512249451140706,0.188,0.689,1,"12","Ddx3x"
0.000420541017917188,0.255376763808404,0.172,0.624,1,"12","2900097C17Rik"
0.000420744466855105,0.14964115837931,0.222,0.773,1,"12","Cpsf6"
0.000420946720725443,0.343148371622232,0.114,0.464,1,"12","Copz1"
0.000421768935205372,0.502839331254224,0.167,0.67,1,"12","Taf1d"
0.000425981117781377,0.37380951897872,0.05,0.38,1,"12","Pam16"
0.000425981117781377,0.15200036932862,0.046,0.355,1,"12","Mob1b"
0.000425981117781377,0.504651719278312,0.044,0.314,1,"12","Snrk"
0.000425981117781377,0.453429402653977,0.049,0.319,1,"12","Serf1"
0.000425981117781377,0.402010905294613,0.053,0.321,1,"12","Mrpl19"
0.000425981117781377,0.459831794849709,0.043,0.31,1,"12","Fes"
0.000425981117781377,0.715138700017777,0.064,0.326,1,"12","Map2k3"
0.000425981117781377,0.284371955846634,0.04,0.299,1,"12","Lnpk"
0.000425981117781377,0.455666889665266,0.044,0.298,1,"12","Tor1a"
0.000425981117781377,0.576644467860463,0.033,0.269,1,"12","Slc35b2"
0.000425981117781377,0.651102775413258,0.049,0.285,1,"12","Hdac3"
0.000425981117781377,0.489583383026134,0.04,0.275,1,"12","Mrps18b"
0.000425981117781377,0.837552260929394,0.061,0.294,1,"12","Ttll4"
0.000425981117781377,0.275138868123634,0.029,0.26,1,"12","Pycrl"
0.000425981117781377,0.649293533504949,0.044,0.267,1,"12","Vamp1"
0.000425981117781377,0.329428758297808,0.038,0.261,1,"12","Ccdc9"
0.000425981117781377,0.665752734133226,0.038,0.251,1,"12","Ccdc66"
0.000425981117781377,0.312705699175265,0.026,0.232,1,"12","Tradd"
0.000425981117781377,0.48998139352812,0.044,0.249,1,"12","Chpt1"
0.000425981117781377,0.393742149033133,0.036,0.241,1,"12","Tsr1"
0.00043326276376272,0.283306689424357,0.155,0.67,1,"12","Naa15"
0.000435875349484081,0.235774349174933,0.185,0.724,1,"12","Arf5"
0.000438976696204366,0.696135273633725,0.187,0.709,1,"12","Mrpl33"
0.000442669075665751,0.144015425647348,0.062,0.399,1,"12","Zfp740"
0.000445512973971652,0.560148765649076,0.163,0.645,1,"12","Pnp"
0.00044928556009907,0.487489871928062,0.099,0.533,1,"12","Plekhj1"
0.00044928556009907,0.645352005282057,0.081,0.5,1,"12","Rbmxl1"
0.00044928556009907,0.30768732402777,0.106,0.519,1,"12","Msl2"
0.00044928556009907,0.599014803237564,0.091,0.503,1,"12","Eif6"
0.000450162116602967,0.964828703863124,0.102,0.437,1,"12","Gart"
0.000458018116642065,1.05087454730688,0.093,0.387,1,"12","Syce2"
0.000464057276226285,0.79661828370724,0.125,0.567,1,"12","Eif3d"
0.000470559483091711,0.631130637751954,0.234,0.763,1,"12","Uqcrb"
0.000473616694975987,0.373614376629978,0.15,0.619,1,"12","Rpn2"
0.000473862628695579,0.104714969431351,0.088,0.446,1,"12","Parp11"
0.000488460645824676,0.458770070478407,0.108,0.523,1,"12","Txn2"
0.000490217261360955,0.713628629347876,0.074,0.436,1,"12","Nsmce1"
0.000493056147493195,0.409551531294987,0.102,0.571,1,"12","Psmd4"
0.000494324738147379,0.252188528970979,0.043,0.309,1,"12","Ppih"
0.000494324738147379,0.165671344242578,0.041,0.29,1,"12","Alg14"
0.000494324738147379,0.408628475235039,0.035,0.259,1,"12","Cdk16"
0.000494324738147379,0.129551815672453,0.027,0.245,1,"12","Casp1"
0.000494324738147379,0.437034843989835,0.026,0.24,1,"12","1110032A03Rik"
0.000494324738147379,0.192416985046476,0.027,0.234,1,"12","Nudt14"
0.000494324738147379,0.451803865971445,0.027,0.228,1,"12","9130401M01Rik"
0.000502438601718521,0.120601329566505,0.134,0.59,1,"12","Ocrl"
0.0005081811337493,0.15091761683448,0.131,0.638,1,"12","March7"
0.0005081811337493,0.296647424470644,0.106,0.546,1,"12","Ipo7"
0.000513590624019218,0.211970169981605,0.036,0.264,1,"12","Lin9"
0.000518753244375291,0.435016982236609,0.196,0.716,1,"12","Tomm6"
0.000524517427512545,0.383059520562259,0.076,0.472,1,"12","Tprgl"
0.000524517427512545,0.247110089124228,0.102,0.493,1,"12","Vcpip1"
0.000524517427512545,0.121316711661499,0.067,0.453,1,"12","Rnf14"
0.000524517427512545,1.2146987050283,0.12,0.461,1,"12","Sf3a3"
0.000524517427512545,0.318520438766294,0.071,0.405,1,"12","2610001J05Rik"
0.000524517427512545,0.754039161779185,0.081,0.402,1,"12","Gigyf1"
0.000524517427512545,0.382225310144324,0.049,0.36,1,"12","Clk2"
0.000528976108913012,0.346693864504435,0.084,0.454,1,"12","Ier2"
0.000528976108913012,0.298918119074394,0.081,0.427,1,"12","Gusb"
0.000533644347853833,0.283218329292401,0.049,0.355,1,"12","Ei24"
0.000533644347853833,0.231456008493223,0.046,0.259,1,"12","2510039O18Rik"
0.000539737276082634,0.309458561562853,0.125,0.572,1,"12","Eif4e"
0.000539737276082634,0.293070000764368,0.108,0.51,1,"12","Map3k20"
0.000546367170131568,0.10406685782776,0.085,0.509,1,"12","Ppip5k2"
0.000546367170131568,0.199201019310727,0.071,0.441,1,"12","Bri3bp"
0.000546367170131568,0.744787873836022,0.087,0.417,1,"12","Rbm22"
0.00054838405427739,0.201767545820239,0.234,0.769,1,"12","Hnrnpr"
0.000548751156907855,0.158167903206139,0.132,0.613,1,"12","Mtpn"
0.000548751156907855,1.20696078975132,0.12,0.487,1,"12","Cyc1"
0.000553658576401273,0.248894689951963,0.109,0.54,1,"12","Sec31a"
0.000554425755698839,0.347994754233718,0.049,0.363,1,"12","Esyt1"
0.000554425755698839,0.519064048576384,0.049,0.344,1,"12","Ptpmt1"
0.000554425755698839,0.110550431152511,0.038,0.303,1,"12","Net1"
0.000554425755698839,0.501259470247511,0.047,0.298,1,"12","Rab35"
0.000554425755698839,0.531299738644825,0.038,0.276,1,"12","Mrpl38"
0.000554425755698839,0.202766905508567,0.052,0.29,1,"12","Wdr76"
0.000554425755698839,0.645951199240947,0.043,0.261,1,"12","Wdr6"
0.000567447173943303,0.809623622837765,0.188,0.658,1,"12","Rsl1d1"
0.000571179682223239,0.59493294402298,0.085,0.455,1,"12","Smu1"
0.000575958971791996,0.560874267635802,0.052,0.357,1,"12","Ppp1r12c"
0.000575958971791996,0.113206803422537,0.071,0.32,1,"12","Slc18a2"
0.000575958971791996,0.122554397433899,0.055,0.302,1,"12","Guf1"
0.000575958971791996,0.641990997344809,0.07,0.304,1,"12","G2e3"
0.000575958971791996,0.491166714918944,0.041,0.264,1,"12","Mto1"
0.000589215989881585,0.431188906494214,0.078,0.488,1,"12","Timm8b"
0.000598268830969312,0.181832198449489,0.055,0.435,1,"12","Acyp1"
0.000598268830969312,0.546992345570454,0.061,0.378,1,"12","Pdcd11"
0.000598268830969312,0.755204958995858,0.058,0.362,1,"12","Fdx1"
0.000598268830969312,0.474155753741645,0.047,0.348,1,"12","Prdx4"
0.000598268830969312,0.291402302287282,0.049,0.345,1,"12","Ptrh2"
0.000598268830969312,0.626992975129135,0.071,0.359,1,"12","Wdr5"
0.000598268830969312,0.128287278795696,0.044,0.33,1,"12","Clptm1"
0.000598268830969312,0.346694463184371,0.053,0.337,1,"12","Pitrm1"
0.000598268830969312,0.431417971942254,0.043,0.321,1,"12","Agpat2"
0.000598268830969312,0.378451518633286,0.05,0.31,1,"12","Pqlc1"
0.000598268830969312,0.482844597937212,0.055,0.311,1,"12","Med23"
0.000598268830969312,0.74739694303822,0.049,0.295,1,"12","Gcsh"
0.000598268830969312,0.870168222688775,0.052,0.297,1,"12","Rab24"
0.000598268830969312,0.674581660278229,0.038,0.28,1,"12","Timm21"
0.000598268830969312,0.422858591006477,0.035,0.274,1,"12","Tmx2"
0.000598268830969312,0.710500299012396,0.041,0.28,1,"12","Etaa1"
0.000598268830969312,0.483160359055124,0.043,0.279,1,"12","Map1s"
0.000598268830969312,0.472135795002559,0.036,0.272,1,"12","Fam136a"
0.000598268830969312,1.29565647031261,0.068,0.302,1,"12","Yae1d1"
0.000598268830969312,0.130614568904978,0.04,0.267,1,"12","Gnpda2"
0.000598268830969312,0.667483698793463,0.047,0.272,1,"12","Sephs2"
0.000598268830969312,0.202021427961292,0.032,0.254,1,"12","Aldh7a1"
0.000598268830969312,0.490724090139182,0.056,0.277,1,"12","Chuk"
0.000598268830969312,0.391017142601395,0.038,0.257,1,"12","Dmac2l"
0.000598268830969312,0.141223734769026,0.03,0.236,1,"12","Pcid2"
0.000603403913417136,0.579391090643799,0.135,0.571,1,"12","Jpt1"
0.000607781334771986,0.35980270628179,0.126,0.58,1,"12","Romo1"
0.000616701094260711,0.383832146069985,0.109,0.558,1,"12","Eif2a"
0.000621396221691477,0.629355994752549,0.087,0.514,1,"12","Ssr2"
0.000621396221691477,0.127544323443623,0.082,0.434,1,"12","Pdk1"
0.000621396221691477,0.448839104601027,0.082,0.424,1,"12","Dgcr2"
0.000628217234548658,0.34439660409849,0.096,0.492,1,"12","Acsl5"
0.000629499115294901,0.737354378333708,0.233,0.724,1,"12","Cct5"
0.000631127993127538,0.599524729861886,0.201,0.638,1,"12","Smc4"
0.000634871398482179,0.37919825508525,0.137,0.599,1,"12","Stk26"
0.000641596684878631,0.449463828996497,0.112,0.528,1,"12","Aamp"
0.000641596684878631,0.290692992313862,0.07,0.458,1,"12","Tmx4"
0.000641596684878631,0.619121469652072,0.109,0.493,1,"12","Tcf3"
0.000641596684878631,0.418939704153187,0.087,0.456,1,"12","Cramp1l"
0.000641596684878631,0.353364765719807,0.093,0.451,1,"12","Igfbp4"
0.000641596684878631,1.05507694686795,0.105,0.447,1,"12","Lyar"
0.000642838755538117,0.226350842347579,0.081,0.456,1,"12","Limd1"
0.000652837413601775,0.343699472021244,0.242,0.796,1,"12","Eef1d"
0.00065788466147598,0.567510808372874,0.132,0.609,1,"12","Eif1b"
0.000663159523204829,0.602662905591272,0.195,0.744,1,"12","Selenof"
0.000666057257361085,0.321451597697862,0.061,0.451,1,"12","Sar1b"
0.000666057257361085,0.478553262462488,0.079,0.413,1,"12","Gramd4"
0.000666794934168973,0.674194430461437,0.146,0.606,1,"12","Morf4l2"
0.000666794934168973,0.350174449320054,0.07,0.446,1,"12","Gemin7"
0.000666794934168973,0.843150781098199,0.091,0.456,1,"12","Snrpa1"
0.000669963599156333,0.576637358117424,0.243,0.766,1,"12","Tomm20"
0.000687621478512436,0.458760604795804,0.108,0.575,1,"12","Rer1"
0.000689310139641836,0.512938826523071,0.035,0.245,1,"12","Tmem80"
0.000690053527816801,0.437489234739706,0.074,0.433,1,"12","Ganab"
0.000690053527816801,0.482203884589873,0.047,0.337,1,"12","Acaa2"
0.000690053527816801,0.299849173149589,0.055,0.343,1,"12","Nmd3"
0.000690053527816801,0.763366340393336,0.05,0.289,1,"12","Abcf2"
0.000690053527816801,0.619639096806749,0.052,0.28,1,"12","Rnf181"
0.00069241412240193,0.532859016717853,0.114,0.62,1,"12","Ndufa12"
0.000695062978937293,0.362850616541564,0.091,0.432,1,"12","Ugcg"
0.000713993479650015,0.393285244455176,0.198,0.701,1,"12","Eif5b"
0.000714851295833711,0.15054550120703,0.09,0.521,1,"12","Fam32a"
0.000714851295833711,0.423701734403699,0.074,0.471,1,"12","Snf8"
0.000714851295833711,0.672885312829046,0.056,0.349,1,"12","Parp2"
0.000714851295833711,0.241775804742929,0.043,0.302,1,"12","Cdc25a"
0.000722018881413142,0.76128025851615,0.135,0.545,1,"12","Trim28"
0.000740474930144239,0.403740401601434,0.067,0.452,1,"12","Acp1"
0.000740474930144239,0.71140808242475,0.071,0.418,1,"12","Ddx27"
0.000740474930144239,0.297033561616475,0.047,0.345,1,"12","Cldnd1"
0.000742526128091051,0.495243874867405,0.097,0.444,1,"12","Gmfb"
0.000748398101900679,0.537487122350253,0.147,0.527,1,"12","Serpinb1a"
0.000749115789481382,0.741955352173035,0.056,0.323,1,"12","Mdc1"
0.000766949453657221,0.132348088413449,0.07,0.435,1,"12","Smad1"
0.000766949453657221,0.711668889162322,0.093,0.453,1,"12","Wdr61"
0.000766949453657221,0.254893829074568,0.056,0.405,1,"12","Brcc3"
0.000766949453657221,0.212277304349101,0.058,0.388,1,"12","Ppp2cb"
0.000766949453657221,0.527061933418952,0.079,0.409,1,"12","Gorasp2"
0.000766949453657221,0.260485128472341,0.053,0.372,1,"12","Svbp"
0.000766949453657221,0.569079741888653,0.059,0.365,1,"12","Zmiz2"
0.000766949453657221,0.260968699984972,0.043,0.313,1,"12","Mrpl58"
0.000766949453657221,0.743360739294646,0.038,0.297,1,"12","Polr2d"
0.000766949453657221,0.81143703133655,0.044,0.285,1,"12","Hras"
0.000766949453657221,0.636284808407494,0.053,0.285,1,"12","Polr3h"
0.000766949453657221,0.992321786461984,0.055,0.27,1,"12","Tmed4"
0.000777121628534005,0.552144968267553,0.105,0.544,1,"12","Wtap"
0.000778990373003857,0.438325393339446,0.184,0.715,1,"12","Smc3"
0.000780793400146957,0.143074468398703,0.046,0.288,1,"12","Erlin1"
0.000780793400146957,0.463887912917192,0.038,0.271,1,"12","Khk"
0.000780793400146957,0.345492584667415,0.041,0.269,1,"12","Ctdsp1"
0.000789134516470854,0.753861176922868,0.111,0.52,1,"12","Cuta"
0.000791966738081738,0.538334274628157,0.163,0.636,1,"12","Grk2"
0.00079283103545101,0.28671115349864,0.149,0.645,1,"12","Cox6a1"
0.000794497007400491,0.428267947266309,0.087,0.429,1,"12","Zdhhc21"
0.000797231396734534,0.553952051679489,0.211,0.751,1,"12","Eif3c"
0.000801082104407851,0.211634198652864,0.167,0.73,1,"12","Gnb2"
0.000801716329370779,0.540449780910795,0.289,0.81,1,"12","Snrnp70"
0.00080956420475522,0.152391481452888,0.184,0.747,1,"12","Smchd1"
0.000812763319871304,0.12249035485732,0.112,0.571,1,"12","Hhex"
0.000813710709725828,0.455671934553831,0.05,0.368,1,"12","Bcl10"
0.000813710709725828,0.200587167727064,0.047,0.351,1,"12","Zfp24"
0.000813710709725828,0.126947805733082,0.044,0.335,1,"12","Armc1"
0.000813710709725828,0.561233560321202,0.056,0.327,1,"12","Katna1"
0.000813710709725828,0.103455243214823,0.029,0.292,1,"12","Arhgef7"
0.000813710709725828,0.159399130427706,0.024,0.281,1,"12","Tma16"
0.000813710709725828,0.148806197315742,0.04,0.295,1,"12","Atl2"
0.000813710709725828,0.32015713717401,0.052,0.305,1,"12","Plcg1"
0.000813710709725828,0.271370194200571,0.032,0.277,1,"12","Ubl4a"
0.000813710709725828,0.193638395609733,0.043,0.288,1,"12","Xpo5"
0.000813710709725828,0.500215440108531,0.052,0.286,1,"12","Mgat4b"
0.000813710709725828,0.664643043923299,0.046,0.278,1,"12","Usp39"
0.000813710709725828,0.34515421342279,0.029,0.261,1,"12","Zfp830"
0.000813710709725828,0.481331943034979,0.038,0.27,1,"12","H2-M3"
0.000813710709725828,0.547611486519796,0.044,0.275,1,"12","Pola2"
0.000813710709725828,0.248116158461234,0.026,0.24,1,"12","Cep152"
0.000813710709725828,0.148229009238849,0.029,0.235,1,"12","Hagh"
0.000813710709725828,1.21620811147787,0.044,0.247,1,"12","Ndufaf7"
0.000813710709725828,0.305405400153964,0.024,0.224,1,"12","Stambp"
0.000819550987795827,0.236845809991593,0.207,0.765,1,"12","Cox5b"
0.000821339796913958,0.452505535768597,0.068,0.411,1,"12","Eapp"
0.000821339796913958,0.830515069058036,0.064,0.325,1,"12","Snx14"
0.000833783968633799,0.304441944552015,0.324,0.832,1,"12","Nme2"
0.000837047188620875,0.534895967904728,0.111,0.557,1,"12","Dcun1d5"
0.000837047188620875,0.730179546088,0.125,0.531,1,"12","1110038B12Rik"
0.000843538754769814,0.346856966666073,0.088,0.531,1,"12","Srp19"
0.000848770661197862,0.499389359762221,0.223,0.755,1,"12","Snrpb"
0.000849021941589454,0.235268868266463,0.096,0.536,1,"12","Akap8"
0.000849021941589454,0.194090628198391,0.061,0.47,1,"12","Eif4e2"
0.000849021941589454,0.606682800401238,0.076,0.43,1,"12","Sec61a1"
0.000849021941589454,0.250418582463835,0.044,0.371,1,"12","Nfs1"
0.000849021941589454,0.306252084934191,0.061,0.385,1,"12","Wdr36"
0.000849021941589454,0.847731149388245,0.062,0.339,1,"12","Stard10"
0.000870605045863909,0.45089219677547,0.103,0.579,1,"12","Denr"
0.00087089433763766,0.204673298692932,0.158,0.737,1,"12","Selenok"
0.00087355323812646,0.202510354048924,0.185,0.672,1,"12","Vim"
0.000877700508357263,0.293729070282313,0.178,0.725,1,"12","Ppp2ca"
0.000887646471444443,0.888402867670417,0.137,0.579,1,"12","Chchd1"
0.000907000202937975,0.544534742487421,0.097,0.396,1,"12","Gata2"
0.00091484639241798,0.64717082005964,0.129,0.57,1,"12","Dazap1"
0.000921862999476312,0.37326679366987,0.257,0.806,1,"12","Ddx17"
0.000924109317046547,0.383211530902845,0.207,0.744,1,"12","Etfb"
0.000927506395423097,0.15954755950578,0.061,0.417,1,"12","Impa1"
0.000937345771319915,0.674360481372109,0.087,0.476,1,"12","Mrpl13"
0.000937345771319915,0.683110522369117,0.096,0.47,1,"12","Usp1"
0.000937345771319915,0.977187321896158,0.078,0.438,1,"12","Psmc2"
0.000937345771319915,0.140612513131503,0.065,0.412,1,"12","Tug1"
0.000937345771319915,0.601596014573008,0.088,0.423,1,"12","Prkcsh"
0.000937345771319915,0.497063462186054,0.074,0.38,1,"12","Zfp771"
0.000937345771319915,1.44639511841695,0.058,0.266,1,"12","Htra2"
0.000941068757327173,0.232999110798091,0.116,0.578,1,"12","Uchl5"
0.000944724514929147,0.21043196740163,0.176,0.746,1,"12","Tbca"
0.000953362814751275,0.527554052297678,0.038,0.299,1,"12","Isg20l2"
0.000953362814751275,0.295824054492692,0.033,0.278,1,"12","Akt1s1"
0.000953362814751275,0.151213444181118,0.044,0.289,1,"12","Ccdc127"
0.000953362814751275,0.452052376008514,0.038,0.263,1,"12","Elovl1"
0.000953362814751275,0.200575989527928,0.047,0.269,1,"12","Ypel2"
0.000953362814751275,0.344873797744295,0.04,0.258,1,"12","Acvr1b"
0.000953362814751275,0.550791395647408,0.041,0.258,1,"12","Ctps"
0.000953362814751275,0.256355256618301,0.023,0.227,1,"12","Cfap298"
0.000953362814751275,0.833720631905431,0.043,0.245,1,"12","Cmc2"
0.000957173787553789,0.187723911706324,0.102,0.559,1,"12","Rnps1"
0.000957968694763992,0.180476718604802,0.053,0.392,1,"12","Mrpl3"
0.000982046886732546,0.721348396025754,0.102,0.468,1,"12","Atf4"
0.000990178597181227,0.186228147714164,0.152,0.694,1,"12","Erp29"
0.000990178597181227,0.366039386131913,0.17,0.665,1,"12","Tcerg1"
0.000996182088969542,0.488648986981116,0.138,0.659,1,"12","Mrps33"
0.0010075510946072,0.754886762584936,0.374,0.824,1,"12","Snrpg"
0.00101795409919913,0.356031356951789,0.153,0.701,1,"12","Ndufb5"
0.00101916265430776,0.322273385496461,0.097,0.489,1,"12","Tmem123"
0.00102474848338055,0.694864206043904,0.17,0.651,1,"12","Cdk8"
0.00103249455163661,0.16606477941653,0.044,0.364,1,"12","Nop14"
0.00103249455163661,0.570906476980529,0.061,0.321,1,"12","Rpia"
0.00103249455163661,0.989575059094348,0.058,0.313,1,"12","Thyn1"
0.00103249455163661,0.973854869041084,0.058,0.301,1,"12","Clasrp"
0.00103249455163661,0.539175413678543,0.027,0.234,1,"12","Fbxl6"
0.00103249455163661,0.682145584439172,0.036,0.243,1,"12","D030056L22Rik"
0.00103774787206249,0.777436543053314,0.234,0.74,1,"12","Eif4b"
0.00104319502566101,0.3053441626164,0.097,0.585,1,"12","Dpm3"
0.0010515316218055,0.512025954658688,0.073,0.422,1,"12","Erg28"
0.00105856672396379,0.512972200027827,0.185,0.689,1,"12","Ndufab1"
0.00106619425582478,0.344878535203198,0.102,0.62,1,"12","Rrp1"
0.00107173694943071,0.615934795335861,0.055,0.338,1,"12","Sdhaf2"
0.00107173694943071,0.353798821538345,0.05,0.323,1,"12","Polr1c"
0.00107173694943071,0.95966740537315,0.071,0.307,1,"12","1700017B05Rik"
0.00108484953404232,0.276002339122236,0.076,0.457,1,"12","Hint2"
0.00108705346027831,0.407406648985382,0.214,0.702,1,"12","Dazap2"
0.00108936332516061,0.631294154611738,0.074,0.358,1,"12","Slc35c2"
0.00110785006877338,0.323233884049748,0.097,0.543,1,"12","Lars"
0.00110785006877338,0.424853011963286,0.068,0.471,1,"12","Dap3"
0.00111235513332899,0.675734280170874,0.052,0.369,1,"12","Cic"
0.00111235513332899,0.157835941688842,0.059,0.345,1,"12","Zfp369"
0.00111235513332899,0.333271157757246,0.047,0.331,1,"12","Adssl1"
0.00111235513332899,0.381222584063277,0.043,0.326,1,"12","Dhx8"
0.00111235513332899,0.463236320795772,0.064,0.345,1,"12","Pus7"
0.00111235513332899,0.236005807913652,0.044,0.317,1,"12","Fbrsl1"
0.00111235513332899,0.236966463900354,0.044,0.312,1,"12","Mitd1"
0.00111235513332899,0.71695236954965,0.059,0.316,1,"12","Haus4"
0.00111235513332899,0.432287841035006,0.032,0.285,1,"12","Trappc1"
0.00111235513332899,0.59573956151905,0.038,0.286,1,"12","Exosc4"
0.00111235513332899,0.662275858187313,0.055,0.302,1,"12","Wdr73"
0.00111235513332899,0.205085775215863,0.043,0.283,1,"12","Crls1"
0.00111235513332899,0.908770713761407,0.047,0.284,1,"12","Pigyl"
0.00111235513332899,0.133640721011696,0.05,0.276,1,"12","Ptdss1"
0.00111235513332899,0.755871744271299,0.041,0.265,1,"12","Leo1"
0.00111235513332899,0.459396103926158,0.04,0.264,1,"12","Nubp1"
0.00111235513332899,1.12235419721219,0.061,0.285,1,"12","Wdr18"
0.00111235513332899,0.942523632851493,0.043,0.259,1,"12","Gmpr2"
0.00111235513332899,0.45071892967313,0.038,0.253,1,"12","Tada2a"
0.00111235513332899,0.464225217320265,0.047,0.261,1,"12","Tor1b"
0.00111235513332899,0.807079660489822,0.044,0.257,1,"12","Lias"
0.00111235513332899,0.325068042112201,0.029,0.242,1,"12","Hsf1"
0.00111235513332899,0.443804238784431,0.032,0.24,1,"12","Ubqln4"
0.00111914154344375,0.313202771566892,0.1,0.502,1,"12","Snx4"
0.00111914154344375,0.36994986764647,0.082,0.476,1,"12","Arl1"
0.00111914154344375,0.600268646215422,0.087,0.48,1,"12","Pbdc1"
0.00111914154344375,0.225512980523411,0.067,0.368,1,"12","Zfp869"
0.00114154903578231,0.346565446828902,0.094,0.519,1,"12","Siva1"
0.00114676260213916,0.930443169965822,0.16,0.58,1,"12","Tial1"
0.00116796904961514,0.434558267159179,0.14,0.619,1,"12","Cdv3"
0.00117863266944148,0.25423004636778,0.161,0.654,1,"12","Sypl"
0.00120823672807494,0.318042506537018,0.169,0.72,1,"12","Eif4g1"
0.00121180699872085,0.120375981176726,0.073,0.487,1,"12","Dbnl"
0.00121180699872085,0.830831959867556,0.088,0.414,1,"12","Rps27rt"
0.00121320535689611,0.497064449754819,0.105,0.556,1,"12","Gtf2a2"
0.00123350225905916,0.19680215993751,0.108,0.618,1,"12","Ostc"
0.0012340383701875,0.51477738222792,0.261,0.774,1,"12","G3bp1"
0.00124841441093493,0.150358398494302,0.084,0.52,1,"12","Uchl3"
0.00124841441093493,0.454495594858354,0.096,0.498,1,"12","Mrps9"
0.00125140972671142,0.409140589306357,0.065,0.428,1,"12","Dhdds"
0.00125140972671142,0.377304330126319,0.061,0.347,1,"12","Macrod1"
0.00125140972671142,0.197862058366021,0.052,0.33,1,"12","Atg2b"
0.00125257817972188,0.365778371643508,0.195,0.74,1,"12","Abracl"
0.00125257817972188,0.619093000987918,0.195,0.674,1,"12","Ppp1r14b"
0.00126597181473024,0.396127393876677,0.217,0.776,1,"12","Pomp"
0.00126752719053936,0.169805772487963,0.181,0.745,1,"12","Mapk1"
0.00128604061011681,0.618972183345814,0.097,0.507,1,"12","Ppm1g"
0.00129102058012834,0.284444793835441,0.208,0.762,1,"12","Khdrbs1"
0.00129526078090604,0.259154150473915,0.059,0.363,1,"12","Ecd"
0.00129526078090604,0.413042746957655,0.052,0.349,1,"12","Eef1e1"
0.00129526078090604,0.132665264016247,0.044,0.291,1,"12","Gpat4"
0.00129526078090604,0.95258605926198,0.059,0.299,1,"12","Mrpl44"
0.00129526078090604,0.328893900396466,0.049,0.285,1,"12","Arrb2"
0.00129526078090604,0.228599543060303,0.047,0.262,1,"12","Zfp113"
0.0013071848782367,0.245701705223852,0.195,0.765,1,"12","Sarnp"
0.00131773586197124,0.401361861930421,0.05,0.315,1,"12","Zdhhc5"
0.00132110680334096,0.148376267911619,0.108,0.644,1,"12","Ndufa8"
0.00132262294858816,0.545473274177283,0.078,0.461,1,"12","Stub1"
0.00132471115197792,0.248853361720641,0.082,0.535,1,"12","Higd2a"
0.00132471115197792,0.433788144351962,0.087,0.496,1,"12","Csnk2b"
0.00132471115197792,0.481470768345062,0.073,0.452,1,"12","Naa10"
0.00132471115197792,0.803883495485458,0.114,0.482,1,"12","Egfl7"
0.00132471115197792,1.0402824678159,0.09,0.432,1,"12","Exosc3"
0.00133290189274993,0.255041738922562,0.239,0.794,1,"12","Prdx2"
0.00134052626135207,0.226591707420686,0.036,0.316,1,"12","Adprh"
0.00134052626135207,0.624469075402462,0.058,0.329,1,"12","Aph1a"
0.00134052626135207,1.3874218026465,0.096,0.348,1,"12","Plppr3"
0.00134537819658099,0.412930829644234,0.126,0.618,1,"12","Hnrnpul2"
0.00136107290326403,0.307140183342178,0.091,0.509,1,"12","Stip1"
0.00136127834596485,0.50769143954509,0.065,0.33,1,"12","Rela"
0.00137413398039437,0.461895115006477,0.067,0.449,1,"12","Grpel1"
0.001374869473117,0.509894811325174,0.106,0.555,1,"12","Bex3"
0.00137742067407691,0.182926626495824,0.368,0.873,1,"12","Atp5g2"
0.00138724724078471,0.446761763186821,0.044,0.386,1,"12","Pnkd"
0.00138724724078471,0.280572536362276,0.059,0.393,1,"12","Anapc4"
0.00138724724078471,0.124359239003558,0.053,0.386,1,"12","Vps53"
0.00138724724078471,0.305898775823491,0.05,0.383,1,"12","Srp68"
0.00138724724078471,0.343213144108499,0.053,0.376,1,"12","Topors"
0.00138724724078471,0.6612860518573,0.074,0.382,1,"12","Rcl1"
0.00138724724078471,0.435973952165618,0.053,0.359,1,"12","Utp18"
0.00138724724078471,0.104837298920703,0.052,0.35,1,"12","Gm37494"
0.00138724724078471,0.34173016264962,0.055,0.352,1,"12","Usp38"
0.00138724724078471,0.473404416417267,0.044,0.339,1,"12","Commd2"
0.00138724724078471,0.289428441017813,0.052,0.347,1,"12","Cdc16"
0.00138724724078471,0.395529491774128,0.041,0.327,1,"12","Dhrs4"
0.00138724724078471,0.763677401033908,0.07,0.34,1,"12","Csgalnact2"
0.00138724724078471,0.198766836138989,0.041,0.311,1,"12","Ccdc77"
0.00138724724078471,0.171431565328134,0.03,0.292,1,"12","2300009A05Rik"
0.00138724724078471,0.463078523421403,0.038,0.277,1,"12","Golga3"
0.00138724724078471,0.70813175278401,0.053,0.284,1,"12","Prpf4"
0.00138724724078471,0.842346697206183,0.052,0.278,1,"12","Socs6"
0.00138724724078471,0.493803879852263,0.049,0.267,1,"12","Noc3l"
0.00138724724078471,0.382444951331389,0.043,0.26,1,"12","Arfgap1"
0.00138724724078471,1.54105600511418,0.074,0.29,1,"12","Dtx3"
0.00138724724078471,0.241668802011449,0.029,0.229,1,"12","Armt1"
0.00140055159167182,0.585271012850285,0.1,0.552,1,"12","Adh5"
0.00140148472818701,0.311278390506278,0.239,0.795,1,"12","Atp5c1"
0.00140614459762717,0.523713794333042,0.078,0.421,1,"12","Rbck1"
0.00140614459762717,0.894154019369435,0.065,0.297,1,"12","Dr1"
0.00141804714058482,0.452781165111147,0.035,0.251,1,"12","Orai3"
0.00142238610242757,0.219658987521791,0.119,0.595,1,"12","Brd8"
0.00142793057323191,0.198833823291907,0.325,0.825,1,"12","Hsp90b1"
0.0014476531015179,0.188898351543176,0.15,0.668,1,"12","Prkacb"
0.00145237081953556,0.837297735336019,0.07,0.379,1,"12","Elp3"
0.00146239543003012,0.639902859241374,0.081,0.487,1,"12","Vps29"
0.00147581116236951,0.519955402057604,0.141,0.564,1,"12","Ckap5"
0.00147704699712197,0.364225848478007,0.046,0.284,1,"12","Nudcd1"
0.00147704699712197,0.691535854997493,0.052,0.27,1,"12","Ate1"
0.00147704699712197,0.287213212662042,0.036,0.254,1,"12","Vegfb"
0.00149583501058282,1.00659804904361,0.15,0.532,1,"12","Tuba4a"
0.00150761423864041,0.601532986116864,0.084,0.417,1,"12","Rfwd3"
0.00150784249822091,0.396415237515147,0.123,0.664,1,"12","Mrps14"
0.00153830150694953,0.174690476065103,0.052,0.409,1,"12","Sde2"
0.00153830150694953,0.19893854393466,0.046,0.338,1,"12","Gmip"
0.00153830150694953,0.260537627621856,0.046,0.329,1,"12","Riox2"
0.00153830150694953,0.223406028049441,0.038,0.31,1,"12","Cbr1"
0.00153830150694953,1.16608425358733,0.078,0.338,1,"12","Fcho1"
0.00153830150694953,0.293065995130456,0.035,0.278,1,"12","Slc25a1"
0.00153830150694953,0.617213354438346,0.052,0.291,1,"12","Scamp3"
0.00153830150694953,0.126175095369291,0.047,0.283,1,"12","Slc39a9"
0.00153830150694953,0.916344343619534,0.055,0.286,1,"12","Rangrf"
0.00153830150694953,0.467722784418788,0.044,0.273,1,"12","Nosip"
0.00153830150694953,0.133816682971726,0.027,0.251,1,"12","Pxylp1"
0.00153830150694953,0.339553294640105,0.035,0.254,1,"12","Mtf1"
0.00153830150694953,0.730467648884565,0.041,0.258,1,"12","Pfkp"
0.00153830150694953,0.408883832258766,0.041,0.243,1,"12","Rnpepl1"
0.00154554274658908,0.772935949831181,0.134,0.591,1,"12","Eif2s1"
0.00154554274658908,1.09573949764195,0.146,0.524,1,"12","Alyref"
0.00155768187030693,0.473682284384223,0.111,0.567,1,"12","Uqcrfs1"
0.00156925685475721,0.458204679862824,0.128,0.59,1,"12","Spn"
0.00156925685475721,0.576794229687017,0.105,0.508,1,"12","Khsrp"
0.00156925685475721,1.24579508365325,0.149,0.505,1,"12","Mrpl12"
0.0015737020742245,0.533164991035764,0.132,0.598,1,"12","Arpc4"
0.00158913819749259,0.537479082185686,0.234,0.785,1,"12","Rbx1"
0.00159763518994861,0.165374926070477,0.258,0.817,1,"12","Bclaf1"
0.00159958426786195,0.324645440758057,0.084,0.449,1,"12","Zbtb1"
0.00159958426786195,0.215370259215298,0.071,0.436,1,"12","Pdk3"
0.00159958426786195,0.45744723997501,0.074,0.406,1,"12","Azi2"
0.00159958426786195,0.78993940655432,0.058,0.286,1,"12","Arl2bp"
0.00165162975674634,0.623277800582481,0.096,0.484,1,"12","Mzt1"
0.00165162975674634,0.340097474705933,0.064,0.423,1,"12","Ctnnbl1"
0.00165162975674634,0.323277794390991,0.071,0.423,1,"12","Ndufaf2"
0.00165162975674634,0.456404052406451,0.064,0.414,1,"12","Amd1"
0.00165162975674634,0.206482422091306,0.05,0.397,1,"12","Ebpl"
0.00165162975674634,0.734237517125407,0.071,0.415,1,"12","Clpp"
0.00165162975674634,0.523671209496673,0.105,0.445,1,"12","Trim25"
0.00165162975674634,0.579252317358921,0.076,0.411,1,"12","Sars"
0.00165162975674634,0.184739106685377,0.081,0.41,1,"12","Setd1b"
0.00165162975674634,0.34705004894028,0.071,0.392,1,"12","Gypc"
0.00165162975674634,0.424096339289987,0.062,0.364,1,"12","Ythdf1"
0.00165162975674634,1.06550663404179,0.073,0.375,1,"12","Ruvbl2"
0.00165162975674634,0.608989786085316,0.064,0.362,1,"12","Pmpcb"
0.00165162975674634,0.696108262138971,0.052,0.345,1,"12","Ciz1"
0.00165162975674634,0.734230398254524,0.052,0.337,1,"12","Phb"
0.00165294918451979,0.808703655793326,0.05,0.268,1,"12","Ptar1"
0.00167845349499272,0.309317597284214,0.17,0.66,1,"12","1810037I17Rik"
0.00168835452673554,0.695909781933383,0.17,0.632,1,"12","Banf1"
0.00169637886409239,0.234974166795296,0.116,0.62,1,"12","Myl12a"
0.00170418905797192,0.465727797153772,0.096,0.479,1,"12","Maea"
0.00172504263523388,0.275928703705525,0.141,0.7,1,"12","Psma4"
0.00172504263523388,0.268745141457395,0.1,0.513,1,"12","Alkbh1"
0.00173026003008801,0.587437017180431,0.049,0.354,1,"12","Yif1b"
0.00175688626258553,0.299240042108972,0.081,0.483,1,"12","Mdm2"
0.00175688626258553,0.772917954139227,0.078,0.397,1,"12","Snx17"
0.00177281836960551,0.644543277607146,0.12,0.578,1,"12","Psmb7"
0.00182346989838934,0.100641426205683,0.038,0.324,1,"12","Atat1"
0.00182346989838934,0.581237346573552,0.032,0.272,1,"12","Emilin1"
0.00182346989838934,0.544398219147079,0.033,0.258,1,"12","Nt5m"
0.00183143739647379,0.700603881173303,0.047,0.284,1,"12","Znhit1"
0.00184256102908099,0.364186764133839,0.205,0.758,1,"12","Eif3m"
0.00184676819530655,0.66908859477798,0.112,0.523,1,"12","Uba2"
0.00186680194958396,0.48757409219533,0.084,0.455,1,"12","Nin"
0.00187094957829865,0.504700191484097,0.1,0.43,1,"12","A930015D03Rik"
0.00187203841585439,0.224304812071067,0.132,0.64,1,"12","Supt20"
0.00189766341928464,0.697296551411651,0.301,0.784,1,"12","Rps27l"
0.00189955870174258,0.29437248593181,0.085,0.534,1,"12","Mrpl51"
0.00189955870174258,0.737186492408478,0.119,0.465,1,"12","Atad2"
0.00189966855479039,0.822945257743228,0.047,0.282,1,"12","Eif2b5"
0.00189966855479039,0.218983076065078,0.044,0.272,1,"12","Jade2"
0.00190260548150857,0.648024988041405,0.103,0.389,1,"12","Cd48"
0.0019240971140026,0.625580269961771,0.091,0.437,1,"12","Cse1l"
0.0019240971140026,0.409016180762085,0.065,0.388,1,"12","Ttyh3"
0.0019240971140026,0.467791424305421,0.079,0.384,1,"12","Map4k2"
0.0019240971140026,0.690197181210815,0.074,0.362,1,"12","Marcksl1"
0.00192617693628313,0.630654176708141,0.059,0.36,1,"12","Nup50"
0.00196160314401162,0.816951414364748,0.182,0.639,1,"12","Impdh2"
0.00197022729034967,0.268065765822506,0.059,0.395,1,"12","Sucla2"
0.00197022729034967,0.226496435129093,0.046,0.318,1,"12","Txndc12"
0.00197022729034967,0.755319402492491,0.058,0.321,1,"12","Sec13"
0.00197022729034967,0.98199745167419,0.052,0.274,1,"12","Ddx19a"
0.00197022729034967,0.473287780809327,0.038,0.258,1,"12","Ints10"
0.0019880675321896,0.598952340094843,0.176,0.677,1,"12","Hnrnpl"
0.00203492838898694,0.456321983919577,0.129,0.603,1,"12","Tmem258"
0.00204114779924939,0.67536008929778,0.144,0.558,1,"12","Cd24a"
0.00204114779924939,0.151243174609608,0.093,0.503,1,"12","Prkar2b"
0.00204114779924939,0.594542912157233,0.102,0.45,1,"12","Hdac7"
0.00204114779924939,0.772369115828239,0.067,0.377,1,"12","Rbm38"
0.0020431844912543,0.172092579928262,0.049,0.394,1,"12","Grk6"
0.0020431844912543,0.348840248453472,0.047,0.361,1,"12","Pfkl"
0.0020431844912543,0.306808254618749,0.043,0.349,1,"12","Mrpl27"
0.0020431844912543,0.192202136165763,0.052,0.346,1,"12","Ccdc82"
0.0020431844912543,0.390936537223695,0.056,0.345,1,"12","Zfp746"
0.0020431844912543,0.264219975704629,0.046,0.32,1,"12","Ppp2r2d"
0.0020431844912543,0.500200013751392,0.053,0.326,1,"12","Ssbp4"
0.0020431844912543,0.266043899629465,0.043,0.308,1,"12","Gabbr1"
0.0020431844912543,0.222930332287877,0.038,0.294,1,"12","Ebag9"
0.0020431844912543,0.777304541067187,0.05,0.304,1,"12","Mrpl50"
0.0020431844912543,0.116778165898697,0.04,0.294,1,"12","Rad51d"
0.0020431844912543,0.283946588742113,0.036,0.283,1,"12","Fam98a"
0.0020431844912543,0.735007275952382,0.04,0.284,1,"12","Ngrn"
0.0020431844912543,0.831413474987085,0.046,0.289,1,"12","2410002F23Rik"
0.0020431844912543,0.159662915290409,0.044,0.278,1,"12","Taf4"
0.0020431844912543,0.58679183423987,0.038,0.267,1,"12","Ciapin1"
0.0020431844912543,0.497171706329422,0.033,0.258,1,"12","Bcl2l12"
0.0020431844912543,0.16639355541814,0.032,0.255,1,"12","Tbc1d19"
0.0020431844912543,0.670936398995582,0.041,0.262,1,"12","Lcmt1"
0.0020431844912543,0.493185963530137,0.058,0.278,1,"12","Hk3"
0.0020431844912543,0.507640562902645,0.041,0.258,1,"12","Mettl3"
0.0020431844912543,0.745002223889949,0.035,0.243,1,"12","Smg9"
0.0020431844912543,0.43344966870643,0.041,0.247,1,"12","Btf3l4"
0.0020431844912543,1.11384734161643,0.058,0.262,1,"12","Tex30"
0.0020431844912543,0.433596921304672,0.04,0.241,1,"12","Pigv"
0.0020876624581605,0.533166627014441,0.16,0.643,1,"12","Vdac1"
0.0020908220897746,0.612323376387233,0.331,0.835,1,"12","Eif3a"
0.0020935089372632,0.166346228222003,0.062,0.415,1,"12","Mfsd14a"
0.0020935089372632,0.171377448998578,0.056,0.344,1,"12","Foxk1"
0.0020935089372632,0.438020336705944,0.035,0.289,1,"12","Aspscr1"
0.00210096418620459,0.533970594963004,0.108,0.535,1,"12","Api5"
0.00210096418620459,0.755528856315809,0.074,0.413,1,"12","Polr2h"
0.00210105818817799,0.798522270135881,0.219,0.68,1,"12","Nop58"
0.00212841583796656,1.16721740469565,0.135,0.428,1,"12","Mcm7"
0.00215887698073318,0.86148565150597,0.229,0.685,1,"12","Hdgf"
0.00216238438176538,0.38382749236196,0.071,0.409,1,"12","Mrps36"
0.00216533714249133,0.193844597332345,0.046,0.27,1,"12","Nup93"
0.0021868478516758,0.406407405178635,0.117,0.541,1,"12","Hat1"
0.00220777129059777,0.466191137119304,0.176,0.735,1,"12","Polr1d"
0.00221320826303106,0.623585457634499,0.24,0.766,1,"12","Sf3b6"
0.00222544672006062,0.883407774639587,0.084,0.416,1,"12","Pop5"
0.002239418194846,0.648374534321189,0.035,0.245,1,"12","Appl2"
0.002239418194846,0.339551708583173,0.065,0.27,1,"12","Lockd"
0.0022467469152876,0.167953099338171,0.102,0.643,1,"12","Rab21"
0.00225737637155088,0.389100640008585,0.184,0.718,1,"12","Mdh1"
0.00231581500487896,0.377123519533528,0.047,0.304,1,"12","Osbpl2"
0.00234983300540206,0.213872361033001,0.331,0.864,1,"12","Calm2"
0.00237366191060847,0.565712206914038,0.184,0.695,1,"12","Gspt1"
0.00237366191060847,0.714304994422409,0.158,0.652,1,"12","Eprs"
0.00237446203105123,0.391443298392694,0.096,0.447,1,"12","Ndufs1"
0.00239459197266362,0.935981415400998,0.062,0.378,1,"12","Fmc1"
0.00239459197266362,0.870289722762872,0.09,0.393,1,"12","Becn1"
0.00239459197266362,0.2595062276843,0.04,0.341,1,"12","Las1l"
0.00239459197266362,0.717812661813361,0.047,0.312,1,"12","Nfyb"
0.00239459197266362,0.17803104424587,0.033,0.238,1,"12","Snapc1"
0.00241344676576404,0.116417902269842,0.14,0.532,1,"12","Gria3"
0.00242153773109517,0.713402252545324,0.356,0.815,1,"12","Srsf7"
0.00243557763291441,0.425410257798956,0.122,0.613,1,"12","Ndufb4"
0.00244091770682903,0.179264481217742,0.134,0.619,1,"12","Zfc3h1"
0.00244329682348709,0.168064184605206,0.173,0.714,1,"12","Arpc5"
0.00245406605696061,0.384306391301809,0.076,0.419,1,"12","Ccdc58"
0.00247581501438055,0.342721638548354,0.087,0.441,1,"12","D16Ertd472e"
0.00247581501438055,0.244067821143077,0.062,0.38,1,"12","Thumpd3"
0.00247581501438055,0.690093728090875,0.055,0.367,1,"12","Mrps25"
0.00247581501438055,0.292569957673917,0.053,0.36,1,"12","Chmp2b"
0.00247581501438055,0.319635396395013,0.052,0.343,1,"12","Rpp14"
0.00247581501438055,0.531475647254029,0.056,0.338,1,"12","Glmn"
0.00247581501438055,0.100466848924891,0.046,0.322,1,"12","Ahi1"
0.00247581501438055,0.260244847295966,0.035,0.301,1,"12","Mrpl45"
0.00247581501438055,0.114850014419607,0.055,0.316,1,"12","Slc7a6"
0.00247581501438055,0.153240951156442,0.036,0.29,1,"12","Mettl6"
0.00247581501438055,0.436444956350671,0.049,0.298,1,"12","Tyk2"
0.00247581501438055,0.506046483337682,0.049,0.289,1,"12","Pdlim1"
0.00247581501438055,0.946226051894077,0.056,0.287,1,"12","Tars"
0.00247581501438055,0.446852720077278,0.05,0.279,1,"12","Rpe"
0.00249739145285659,0.107929852550352,0.091,0.536,1,"12","Pcf11"
0.00250167927219438,0.307383493143756,0.155,0.681,1,"12","Nol7"
0.0025324383267767,0.234144515932053,0.067,0.432,1,"12","Dmac1"
0.0025324383267767,0.577249319131971,0.061,0.37,1,"12","Acads"
0.0025694183294846,0.57565768344785,0.134,0.605,1,"12","Rbm8a"
0.00257326105473568,0.371832043626485,0.105,0.461,1,"12","Trim12c"
0.00257650125427393,0.126253255169241,0.304,0.833,1,"12","Gapdh"
0.00263320359254202,0.716457257332651,0.173,0.668,1,"12","Timm13"
0.00265123287776696,0.497564790037825,0.07,0.362,1,"12","Rangap1"
0.0026950863099067,0.660579674086994,0.216,0.727,1,"12","Eif4h"
0.00269609105847942,0.162240555863326,0.082,0.421,1,"12","Kpna1"
0.00269609105847942,0.282923229234714,0.081,0.399,1,"12","C030034L19Rik"
0.00273135858443708,0.48383085198977,0.059,0.405,1,"12","Mrpl11"
0.00277087202571549,0.430892534212473,0.184,0.721,1,"12","Tspo"
0.00278149080650183,0.213782078955261,0.067,0.429,1,"12","Isy1"
0.00278149080650183,0.541984581716651,0.059,0.368,1,"12","Psmd3"
0.00278282348927297,0.726509473918155,0.138,0.596,1,"12","Polr2f"
0.0027993636501165,0.444433843369323,0.167,0.686,1,"12","Capns1"
0.00281369090537723,0.219580304315886,0.061,0.395,1,"12","Unc50"
0.00281369090537723,0.716346232189861,0.091,0.398,1,"12","Sun2"
0.00286935449319996,0.173191625711119,0.046,0.433,1,"12","Sap18"
0.00286935449319996,0.519571430096456,0.079,0.454,1,"12","Rae1"
0.00286935449319996,0.370074403223654,0.079,0.447,1,"12","Plaa"
0.00286935449319996,0.235966198416768,0.065,0.416,1,"12","Prdx3"
0.00286935449319996,0.290588421986074,0.05,0.395,1,"12","Mrps18a"
0.00286935449319996,0.244229002402555,0.064,0.406,1,"12","Bckdha"
0.00286935449319996,0.354162928566287,0.064,0.406,1,"12","Keap1"
0.00286935449319996,0.537961652178588,0.056,0.368,1,"12","Commd4"
0.00286935449319996,0.451876159038172,0.061,0.347,1,"12","Hars"
0.00286935449319996,1.01646366761526,0.079,0.357,1,"12","Slirp"
0.00286935449319996,0.67624924936152,0.087,0.352,1,"12","Il12a"
0.00286935449319996,0.410781768285427,0.055,0.299,1,"12","Cep63"
0.00286935449319996,1.31633203704792,0.074,0.304,1,"12","Ftsj3"
0.0028710401883323,0.949756099252181,0.157,0.619,1,"12","Emg1"
0.00287950515754262,0.18498360603326,0.059,0.34,1,"12","Prps2"
0.00287950515754262,0.177153484096242,0.044,0.308,1,"12","Naf1"
0.00287950515754262,0.704096214998672,0.041,0.303,1,"12","Isca2"
0.00287950515754262,0.349939471563138,0.043,0.299,1,"12","Slc28a2"
0.00287950515754262,0.323524725402671,0.044,0.289,1,"12","Ints14"
0.00287950515754262,0.773160788947236,0.059,0.29,1,"12","Mdp1"
0.00287950515754262,0.258145208835185,0.04,0.265,1,"12","Pi4k2a"
0.00287950515754262,0.816316645815991,0.036,0.258,1,"12","Kti12"
0.00287950515754262,0.197288779874851,0.036,0.255,1,"12","Taf13"
0.00287950515754262,0.488034884510211,0.036,0.254,1,"12","Ampd2"
0.00287950515754262,0.532911039395939,0.035,0.249,1,"12","Nol9"
0.00287950515754262,0.362508367387338,0.029,0.242,1,"12","Rpain"
0.00287950515754262,0.645100704541486,0.049,0.261,1,"12","Prim1"
0.00287950515754262,0.228363628302652,0.041,0.251,1,"12","Pgam5"
0.00287950515754262,0.463340725950841,0.029,0.238,1,"12","2410004B18Rik"
0.00287950515754262,0.377667999141304,0.036,0.24,1,"12","Dtd2"
0.00289828365564241,0.437097457784098,0.059,0.399,1,"12","Klhdc2"
0.00289828365564241,0.867073753907444,0.07,0.344,1,"12","Rabggtb"
0.00298519175107774,0.231947338885376,0.078,0.458,1,"12","Asrgl1"
0.00298519175107774,1.12085212724053,0.103,0.418,1,"12","Hmgn5"
0.00300093999166372,0.130197794847623,0.246,0.812,1,"12","Arid1a"
0.00301230244601798,0.110633179667853,0.141,0.658,1,"12","Dnajc3"
0.00301230244601798,0.237476662688,0.122,0.558,1,"12","Lrrc58"
0.00307447122476711,0.204475367127124,0.061,0.44,1,"12","Chchd7"
0.00307447122476711,0.857188318978387,0.067,0.408,1,"12","Cops6"
0.00310633385249823,0.785472499887504,0.105,0.488,1,"12","Glrx5"
0.00316617924355978,0.485682858183052,0.094,0.504,1,"12","Msh2"
0.00316617924355978,1.09570114363827,0.076,0.401,1,"12","Bola3"
0.00318486470596982,0.162998850511205,0.131,0.604,1,"12","AU020206"
0.00320022707957979,0.407256137518714,0.173,0.691,1,"12","Fxr1"
0.00320320210476315,0.316779601262378,0.116,0.494,1,"12","Rnasel"
0.00326037412467002,0.42585994364796,0.082,0.462,1,"12","Psmc5"
0.00326037412467002,0.459331660300733,0.079,0.454,1,"12","Rab8a"
0.00326037412467002,0.590798418576656,0.084,0.428,1,"12","Rbm7"
0.00326037412467002,0.368542778962796,0.103,0.445,1,"12","Tal1"
0.00326037412467002,0.189833245708681,0.055,0.397,1,"12","Calu"
0.00326037412467002,0.508212909232088,0.07,0.398,1,"12","Dnajb11"
0.00326037412467002,0.259406484716245,0.068,0.379,1,"12","Phtf1"
0.00326037412467002,0.360481287164113,0.067,0.365,1,"12","Pip5k1c"
0.00326037412467002,0.826610706754386,0.07,0.341,1,"12","Ap1s1"
0.0032784347204151,0.822971642441182,0.29,0.775,1,"12","Ewsr1"
0.00328011566247447,0.235942857698732,0.108,0.511,1,"12","Hjurp"
0.00329458288115623,0.20926381432178,0.061,0.432,1,"12","Usp10"
0.00329932102545549,0.959177375775926,0.202,0.656,1,"12","Gm26917"
0.00333250625116742,0.682539655438339,0.044,0.291,1,"12","Decr1"
0.00333619387303647,0.414353552604012,0.216,0.755,1,"12","Eif2s2"
0.00337478850982789,0.133533776761971,0.271,0.811,1,"12","Eif3e"
0.00338833227345471,0.490302704288249,0.088,0.445,1,"12","Smad5"
0.00338833227345471,0.495694362542897,0.084,0.425,1,"12","Eri1"
0.00343164291489901,0.377251310073696,0.198,0.74,1,"12","Emp3"
0.0034363390471524,0.76048274259857,0.167,0.667,1,"12","Nudc"
0.00345366070407507,0.170727297646637,0.059,0.304,1,"12","Hacd3"
0.00345366070407507,0.187377850225007,0.04,0.27,1,"12","Tnfrsf1b"
0.00345366070407507,0.100943856779015,0.036,0.249,1,"12","Snapin"
0.00345366070407507,0.266532993345672,0.033,0.241,1,"12","Erich1"
0.00346244582563732,0.270032100227501,0.032,0.241,1,"12","Pgs1"
0.00346271026658022,0.69221101583484,0.103,0.482,1,"12","Chtop"
0.00346271026658022,0.225640769854826,0.082,0.425,1,"12","Rbp1"
0.00348450438458752,0.37366441189041,0.087,0.486,1,"12","Snhg12"
0.00352361823511203,0.793054033945721,0.188,0.678,1,"12","Psma6"
0.00355743449720196,0.465806819586706,0.079,0.566,1,"12","Polr2j"
0.00356049285469784,0.37144850649337,0.103,0.559,1,"12","Sms"
0.00357881117861477,0.107648410490328,0.044,0.314,1,"12","Gnl3l"
0.00357881117861477,0.323559888840375,0.033,0.302,1,"12","Mrps30"
0.00357881117861477,0.348422726313647,0.046,0.314,1,"12","Sike1"
0.00357881117861477,1.15727666420932,0.056,0.261,1,"12","Pus1"
0.00358315434351298,0.731036451830388,0.062,0.401,1,"12","Timm17a"
0.00359562174059813,1.23137223455718,0.19,0.606,1,"12","Pgam1"
0.00368433831899304,0.497567103917627,0.068,0.466,1,"12","Lage3"
0.00368433831899304,0.141361954073961,0.076,0.44,1,"12","Odf2"
0.00370807355512275,0.203872433436157,0.055,0.38,1,"12","Usp16"
0.00370807355512275,0.784582328346549,0.05,0.344,1,"12","Sap30l"
0.00370807355512275,0.254696922271609,0.055,0.347,1,"12","Lin7c"
0.00370807355512275,0.572652375245909,0.056,0.343,1,"12","Papss1"
0.00370807355512275,0.436747495530609,0.05,0.327,1,"12","Yars"
0.00370807355512275,0.33708322355377,0.035,0.305,1,"12","Med4"
0.00370807355512275,0.165937480045939,0.056,0.322,1,"12","Fam185a"
0.00370807355512275,0.585148523275932,0.047,0.304,1,"12","Nsmce3"
0.00370807355512275,0.275816964433756,0.036,0.29,1,"12","Diablo"
0.00370807355512275,0.310966904929983,0.041,0.294,1,"12","Pisd"
0.00370807355512275,0.544019162808397,0.04,0.293,1,"12","Rfc3"
0.00370807355512275,0.430269434886722,0.056,0.305,1,"12","AI504432"
0.00370807355512275,0.218887372078703,0.04,0.285,1,"12","Tnpo2"
0.00370807355512275,0.244369083505507,0.023,0.267,1,"12","Hspb11"
0.00370807355512275,0.642393921209135,0.047,0.29,1,"12","Arrdc1"
0.00370807355512275,1.00723169863896,0.059,0.3,1,"12","Zfp444"
0.00370807355512275,0.600284318496679,0.044,0.279,1,"12","Plagl2"
0.00370807355512275,1.06791614514952,0.05,0.282,1,"12","Yrdc"
0.00370807355512275,0.736549175235477,0.044,0.272,1,"12","Tufm"
0.00370807355512275,0.100796790913231,0.024,0.247,1,"12","Mfsd13a"
0.00370807355512275,0.485865935541537,0.035,0.255,1,"12","Tbpl1"
0.00370807355512275,0.324150527617831,0.052,0.27,1,"12","Plscr1"
0.00370807355512275,0.858734639579854,0.058,0.273,1,"12","Nudt16l1"
0.00370807355512275,0.946132546651376,0.058,0.267,1,"12","A430005L14Rik"
0.00370807355512275,0.475284420076694,0.032,0.24,1,"12","Urm1"
0.00370807355512275,0.189657138847247,0.035,0.239,1,"12","Wdhd1"
0.00370807355512275,0.753163113235966,0.052,0.255,1,"12","Gga1"
0.00374202503678647,0.970498469162854,0.078,0.365,1,"12","Tsnax"
0.00378976628524336,0.217912949022395,0.082,0.513,1,"12","Stt3a"
0.00381892398173401,0.78624132735936,0.214,0.714,1,"12","Vdac2"
0.00382713335830556,0.42705129270269,0.31,0.841,1,"12","Canx"
0.00395443940730137,0.951148784996616,0.065,0.321,1,"12","Ndufaf4"
0.00395443940730137,0.222826644031507,0.061,0.302,1,"12","Fem1b"
0.00396036491465478,0.613271506342349,0.088,0.523,1,"12","Rnh1"
0.00396036491465478,0.331808269583451,0.073,0.463,1,"12","Ergic3"
0.00399169991063713,0.446433175243977,0.111,0.473,1,"12","Gabarapl1"
0.0040059917371423,0.277149495660352,0.321,0.846,1,"12","Hint1"
0.00408552820249031,0.813416493654649,0.067,0.384,1,"12","Snhg6"
0.00408552820249031,0.855131928290008,0.061,0.336,1,"12","Gsk3a"
0.00408552820249031,0.248402579410172,0.041,0.287,1,"12","Ttc13"
0.00408552820249031,0.422890806787351,0.043,0.277,1,"12","Unkl"
0.00408552820249031,0.82753651282145,0.044,0.276,1,"12","Nup107"
0.00410515276149945,0.607617190469841,0.205,0.767,1,"12","Atp5d"
0.00416722748825386,0.572018592592045,0.152,0.625,1,"12","Dnajc2"
0.00417699185950552,0.280267507854651,0.064,0.484,1,"12","Tpd52l2"
0.00417699185950552,0.794275856889839,0.091,0.47,1,"12","Samm50"
0.00422054890021009,0.829170067028425,0.059,0.342,1,"12","Med8"
0.00422054890021009,1.24035916853777,0.091,0.364,1,"12","Smyd2"
0.00422054890021009,0.3430857277242,0.047,0.282,1,"12","Ermp1"
0.00423819332531365,0.724468941125157,0.345,0.813,1,"12","Snrpe"
0.00430664466207227,0.481004548500414,0.199,0.675,1,"12","Irf2bp2"
0.00435387812433072,0.43480167718112,0.049,0.376,1,"12","Gpatch4"
0.00435960470439089,0.603915065470919,0.062,0.409,1,"12","Tex261"
0.00435960470439089,0.619358025283896,0.07,0.415,1,"12","Trap1"
0.00435960470439089,0.827894367422948,0.078,0.381,1,"12","Msl3"
0.00435960470439089,0.233010117439358,0.074,0.374,1,"12","Bahcc1"
0.00435960470439089,0.453198333283775,0.047,0.341,1,"12","Mrpl2"
0.00435960470439089,0.381484521948441,0.059,0.352,1,"12","Rpap2"
0.00435960470439089,0.112167706724642,0.043,0.335,1,"12","Dctd"
0.00435960470439089,0.979953583661409,0.084,0.374,1,"12","Htatsf1"
0.00435960470439089,0.295638031747252,0.062,0.349,1,"12","Gm49336"
0.00435960470439089,0.857360204744313,0.056,0.334,1,"12","Znrd2"
0.00435960470439089,0.34033826603662,0.053,0.315,1,"12","Chek2"
0.00435960470439089,0.824354760754734,0.056,0.317,1,"12","Taok2"
0.00435960470439089,0.283528103219028,0.038,0.291,1,"12","Ankmy2"
0.00435960470439089,0.616983056010273,0.04,0.281,1,"12","Dnlz"
0.00435960470439089,0.178344809257206,0.027,0.261,1,"12","Surf1"
0.00435960470439089,0.642087258785623,0.056,0.284,1,"12","Mlh1"
0.00435960470439089,0.571098623341835,0.052,0.271,1,"12","Lzts2"
0.00435960470439089,0.759504165807771,0.035,0.253,1,"12","Ddx41"
0.00435960470439089,0.500531976083471,0.049,0.257,1,"12","Laptm4b"
0.00435960470439089,0.55376585923654,0.036,0.242,1,"12","Lbp"
0.00443234676041363,0.244450609371829,0.111,0.603,1,"12","1810026B05Rik"
0.00448830768687262,0.749129813260841,0.074,0.382,1,"12","Orc2"
0.00454166580010449,0.34855013431806,0.161,0.589,1,"12","Serp1"
0.00454191160956516,0.829801329225337,0.12,0.559,1,"12","Dpy30"
0.00455193201874272,0.565465452687302,0.205,0.741,1,"12","Snrpd2"
0.00462648704207734,0.419261552882184,0.064,0.392,1,"12","Zfp664"
0.00462648704207734,0.285109481177344,0.038,0.315,1,"12","Cmtr1"
0.00462648704207734,0.519120453895861,0.055,0.325,1,"12","Anapc7"
0.00463600730625037,0.61895682100531,0.255,0.751,1,"12","Snrpf"
0.00465748132562493,0.236770911128846,0.103,0.553,1,"12","Fbxo3"
0.00472070325635011,0.135906904225041,0.093,0.486,1,"12","Atad1"
0.00472070325635011,0.513913947025728,0.062,0.402,1,"12","Bms1"
0.00472070325635011,0.476240756791725,0.067,0.385,1,"12","Emc8"
0.00474497408418204,0.217883032344539,0.062,0.304,1,"12","Cebpb"
0.00477337490125833,0.294895198568317,0.164,0.676,1,"12","Mrpl52"
0.00477774489590086,0.498983399020816,0.105,0.512,1,"12","Csnk1g2"
0.0048729466114291,0.121003434904356,0.093,0.532,1,"12","Mvb12b"
0.00488548398972627,0.8983228694585,0.175,0.638,1,"12","Ube2s"
0.00491446207291325,0.673744023903831,0.09,0.47,1,"12","Tbc1d10c"
0.00491446207291325,0.803549636284471,0.081,0.444,1,"12","Tmem147"
0.00491446207291325,0.742289271047152,0.082,0.427,1,"12","Prpf19"
0.00491446207291325,0.948595382065115,0.076,0.399,1,"12","Lrrc59"
0.00491446207291325,0.285147118482816,0.068,0.376,1,"12","Cbll1"
0.00491446207291325,0.76600279760468,0.061,0.365,1,"12","Ppp1r35"
0.00491446207291325,0.57621591033792,0.046,0.344,1,"12","Smim20"
0.00491446207291325,0.217307181931422,0.071,0.346,1,"12","Epn1"
0.00491446207291325,0.82427511823916,0.047,0.305,1,"12","Chaf1b"
0.00491446207291325,0.976383913643034,0.061,0.31,1,"12","Tdp2"
0.00491446207291325,0.436818289865716,0.043,0.29,1,"12","Haus3"
0.00491446207291325,0.520596674596553,0.046,0.282,1,"12","Rab37"
0.00491446207291325,1.01969243964946,0.079,0.308,1,"12","Mcm4"
0.00498482179278119,0.41140440934923,0.257,0.789,1,"12","Park7"
0.00499909839991454,0.123554718684056,0.067,0.483,1,"12","Clk4"
0.00499909839991454,0.56847819142847,0.097,0.456,1,"12","Emc10"
0.00499909839991454,0.885009959314692,0.111,0.415,1,"12","Mcm3"
0.00510832709617472,0.209700017118119,0.091,0.503,1,"12","Spast"
0.00510832709617472,0.316827321895782,0.062,0.464,1,"12","Utp3"
0.00513449036104419,0.568385441397742,0.043,0.258,1,"12","Bak1"
0.00514103436859523,0.129671736689373,0.144,0.664,1,"12","Def6"
0.00514103436859523,0.575334972822885,0.137,0.594,1,"12","Ndufa3"
0.00514379011072685,0.440695875385043,0.112,0.492,1,"12","Dynll2"
0.00514379011072685,0.148099909159196,0.074,0.445,1,"12","Setdb1"
0.00514379011072685,0.697801799921861,0.093,0.407,1,"12","Snrpb2"
0.00516163613619463,0.638184652510855,0.384,0.867,1,"12","Rsrp1"
0.00520793840869403,0.289048699356176,0.04,0.26,1,"12","Acadsb"
0.00523112460009007,0.19779912986304,0.277,0.748,1,"12","Ramp1"
0.0052922560776684,1.40671912714854,0.094,0.37,1,"12","Ddx39"
0.0053398893470078,0.47013802403052,0.05,0.369,1,"12","Bola1"
0.0053398893470078,0.787388801209278,0.065,0.35,1,"12","Upf1"
0.0053398893470078,0.944393173690736,0.068,0.328,1,"12","Atad3a"
0.0053398893470078,0.593473328395687,0.044,0.277,1,"12","Cep19"
0.0053398893470078,0.798831133209469,0.041,0.269,1,"12","Gpn3"
0.0053398893470078,0.279807361071419,0.026,0.254,1,"12","Med12"
0.0053398893470078,0.347937947947431,0.04,0.256,1,"12","Rfk"
0.0053398893470078,0.891924426337264,0.049,0.259,1,"12","Gt(ROSA)26Sor"
0.0053398893470078,0.40646825752781,0.032,0.232,1,"12","Tspan2"
0.0053398893470078,0.107754903626382,0.056,0.256,1,"12","Snx18"
0.00539324104763141,0.326941333542087,0.207,0.756,1,"12","Ywhab"
0.00539445924752859,0.639900796189008,0.102,0.468,1,"12","Xpot"
0.005444581848158,0.134465556344468,0.079,0.509,1,"12","Mxd4"
0.005444581848158,0.348112984164876,0.076,0.374,1,"12","Sord"
0.005444581848158,0.511849221472087,0.05,0.344,1,"12","Mrpl53"
0.005444581848158,0.821589673751039,0.084,0.367,1,"12","Firre"
0.005444581848158,0.942917706273297,0.082,0.352,1,"12","Ccdc34"
0.00550393491274838,0.82874445111407,0.271,0.747,1,"12","Ptges3"
0.00551937976576752,0.817529796930868,0.188,0.635,1,"12","Ssrp1"
0.00553409920555167,0.379690467309983,0.079,0.46,1,"12","Ppfia1"
0.0055428840956135,0.259172299525888,0.07,0.409,1,"12","Pold3"
0.00556149813740025,0.24800022172338,0.102,0.5,1,"12","Uck2"
0.0055699776927792,0.377569026745553,0.236,0.784,1,"12","Zfp207"
0.0056273605822288,0.881179760978165,0.123,0.55,1,"12","Srrt"
0.00570855471009674,0.164285447865417,0.131,0.634,1,"12","Mib1"
0.00571778753735796,0.276973954267843,0.316,0.767,1,"12","Myb"
0.00578718502644428,0.216723596480672,0.043,0.285,1,"12","Rnf139"
0.00582261387738304,0.34514292731176,0.065,0.44,1,"12","Puf60"
0.00585910920967155,0.782684921575033,0.073,0.43,1,"12","Stk11"
0.00593380555714868,0.583549186959412,0.249,0.715,1,"12","Nucks1"
0.00593408978173296,0.205186458952116,0.289,0.85,1,"12","mt-Nd3"
0.00596186842959841,0.187744257264021,0.198,0.77,1,"12","Eif4a2"
0.00596186842959841,0.617701246971681,0.237,0.778,1,"12","Atp5j2"
0.00601052842458158,0.250670681078761,0.079,0.426,1,"12","Ddhd2"
0.00601052842458158,0.277783592667268,0.073,0.416,1,"12","Mrpl28"
0.00612302992254393,0.702743948092007,0.093,0.499,1,"12","Ndufb6"
0.00617020799449026,0.558964195826239,0.233,0.727,1,"12","Prdx6"
0.00620498102660732,0.340057472714286,0.056,0.325,1,"12","Zbed4"
0.00633248675317049,1.01151474995788,0.146,0.551,1,"12","Nhp2"
0.00633353481051287,0.381998989065835,0.199,0.751,1,"12","Ndufa6"
0.00633903956048134,0.630911148387802,0.363,0.836,1,"12","Sub1"
0.00636013227718981,0.375953801964757,0.128,0.551,1,"12","Gnl3"
0.00643733456073609,0.870111080360761,0.14,0.542,1,"12","Sumo3"
0.00653556966225465,0.184110185156749,0.035,0.243,1,"12","Nlgn2"
0.00654683539327502,0.397968363399851,0.195,0.731,1,"12","Aldoa"
0.00664974145240545,0.351385975016918,0.046,0.376,1,"12","Zmat5"
0.00664974145240545,0.224575861300883,0.064,0.373,1,"12","Impad1"
0.00664974145240545,0.616848700625048,0.041,0.321,1,"12","Galk1"
0.00664974145240545,0.452399404843079,0.032,0.293,1,"12","Sap30"
0.00664974145240545,0.662080186447652,0.058,0.316,1,"12","Fbrs"
0.00664974145240545,0.963011928018887,0.05,0.292,1,"12","Ltv1"
0.00664974145240545,0.608687961429565,0.041,0.283,1,"12","Mrpl16"
0.00664974145240545,0.24242777884041,0.052,0.287,1,"12","Hells"
0.00664974145240545,0.506874066754954,0.04,0.268,1,"12","Zfyve27"
0.00664974145240545,0.58395903055287,0.053,0.277,1,"12","Retreg2"
0.00664974145240545,0.117147392405302,0.035,0.253,1,"12","Tmem170b"
0.00664974145240545,0.335927278222264,0.046,0.259,1,"12","Slc33a1"
0.00664974145240545,0.14598162832879,0.035,0.245,1,"12","Gm7072"
0.00664974145240545,0.387886042580366,0.046,0.255,1,"12","Nup35"
0.00664974145240545,0.490431791349597,0.04,0.247,1,"12","Kpna6"
0.00664974145240545,1.04177963015158,0.036,0.24,1,"12","Jmjd6"
0.00664974145240545,0.227983424430877,0.017,0.22,1,"12","Acot8"
0.00664974145240545,0.690065309411994,0.04,0.243,1,"12","Arid5a"
0.00666691426774563,0.11504023589518,0.088,0.473,1,"12","Tmem260"
0.00669593042990244,0.143551762986632,0.353,0.857,1,"12","Prdx1"
0.00674950516225936,0.507143541593526,0.15,0.646,1,"12","Ppp1cc"
0.00688993415633244,0.883946837138716,0.059,0.287,1,"12","Cdkn2aipnl"
0.00695115576736369,0.111477407333487,0.26,0.809,1,"12","Fubp1"
0.00695590206261515,0.570906595129457,0.047,0.294,1,"12","Rbm15"
0.00703892372279034,0.414321075277581,0.097,0.504,1,"12","Bub3"
0.00710922250085707,0.642635516392818,0.201,0.696,1,"12","Supt16"
0.00711137466668272,0.333070520787701,0.064,0.408,1,"12","Dync1li2"
0.00711137466668272,0.437865924472413,0.049,0.361,1,"12","Rmnd1"
0.00711137466668272,0.414839694795855,0.036,0.265,1,"12","Slc39a7"
0.00711137466668272,0.304690641646467,0.03,0.258,1,"12","Rnf5"
0.00716492611124253,0.335686221537283,0.03,0.243,1,"12","Hist1h4d"
0.0072021472047308,0.411913321836408,0.278,0.66,1,"12","Cd34"
0.00724354380458946,0.793019654538709,0.196,0.624,1,"12","C1qbp"
0.00733918385690747,0.288023745250542,0.036,0.342,1,"12","2310033P09Rik"
0.0073795710957876,0.27969660335366,0.041,0.338,1,"12","Aup1"
0.00738250786183544,0.521593247830697,0.061,0.326,1,"12","Pom121"
0.00738401334097942,0.364586210351842,0.205,0.74,1,"12","Nono"
0.00757351888464924,0.603152557856176,0.056,0.432,1,"12","Card19"
0.00757351888464924,0.227432575975446,0.059,0.406,1,"12","Mapk9"
0.00757351888464924,0.296563958496199,0.067,0.398,1,"12","Gid4"
0.00757351888464924,0.655317499018299,0.067,0.383,1,"12","Stk16"
0.00757351888464924,0.21648322993825,0.033,0.341,1,"12","Rrp1b"
0.00757351888464924,0.195766268495809,0.059,0.364,1,"12","Ascc2"
0.00757351888464924,0.414388394719636,0.055,0.356,1,"12","Mrps23"
0.00757351888464924,0.87649967079836,0.067,0.347,1,"12","2310011J03Rik"
0.00757351888464924,0.241062612778681,0.053,0.322,1,"12","Grsf1"
0.00757351888464924,0.550403888799596,0.049,0.308,1,"12","Tceanc2"
0.00757351888464924,0.295414952653423,0.056,0.309,1,"12","Gmeb2"
0.00757351888464924,0.57388802223423,0.046,0.298,1,"12","Dusp12"
0.00757351888464924,0.226536443576232,0.032,0.279,1,"12","Sun1"
0.00757351888464924,0.286106229638012,0.046,0.286,1,"12","Ero1l"
0.00757351888464924,1.26545346756566,0.076,0.312,1,"12","Tsfm"
0.00757351888464924,0.473997520269233,0.055,0.286,1,"12","Afdn"
0.00757351888464924,0.166377482002841,0.047,0.275,1,"12","Adat1"
0.00757351888464924,0.30694700102318,0.035,0.262,1,"12","Necap2"
0.00757351888464924,0.727493079643651,0.047,0.261,1,"12","Ing2"
0.00757351888464924,1.02577689584827,0.049,0.261,1,"12","Paf1"
0.00757351888464924,0.163450949366568,0.038,0.244,1,"12","Alg8"
0.00757351888464924,0.593570688338455,0.046,0.251,1,"12","Scnm1"
0.00759068956497359,0.700232125563427,0.131,0.544,1,"12","Eif3b"
0.00776979454369739,0.418589935986123,0.158,0.671,1,"12","Anapc5"
0.00780533679204697,0.386441050314094,0.065,0.388,1,"12","Zfp260"
0.00780533679204697,0.343669184211248,0.07,0.382,1,"12","Rhog"
0.00782624497729635,0.189276118348982,0.047,0.402,1,"12","Mak16"
0.00784590482113928,0.254297707788456,0.103,0.49,1,"12","Gsto1"
0.00804193789544222,0.455858011838005,0.096,0.453,1,"12","Acly"
0.00805854029922364,0.390397854860552,0.043,0.271,1,"12","Rbm18"
0.00825726230556795,0.621721396715891,0.053,0.276,1,"12","Pwwp3a"
0.00829698945365245,0.187887119272447,0.062,0.436,1,"12","Cirbp"
0.00829698945365245,0.316701637936223,0.07,0.428,1,"12","Casc3"
0.00829698945365245,0.794221462815116,0.065,0.373,1,"12","Ufm1"
0.00829698945365245,0.152190955335958,0.046,0.347,1,"12","Zfp622"
0.00829698945365245,0.542216056886021,0.053,0.344,1,"12","Ilk"
0.00829698945365245,0.839397788010788,0.081,0.349,1,"12","Nus1"
0.00829698945365245,0.921584818399676,0.064,0.319,1,"12","Rpa2"
0.00829698945365245,0.957046143228622,0.052,0.283,1,"12","Wdr74"
0.00829698945365245,0.159677132166,0.029,0.251,1,"12","Xpnpep1"
0.0083962675962942,0.582967447822576,0.36,0.857,1,"12","Hnrnpk"
0.00848031406109812,0.312216394937668,0.05,0.379,1,"12","Nrbp1"
0.00856099265906993,0.161933953086586,0.362,0.875,1,"12","Uqcrh"
0.00859151550584566,0.174266639367865,0.108,0.546,1,"12","Abce1"
0.00866894114919063,0.47720886990856,0.157,0.663,1,"12","Mdh2"
0.00870344891049337,0.469990881736884,0.093,0.532,1,"12","Commd3"
0.00870344891049337,0.80652556813256,0.122,0.518,1,"12","Eif3l"
0.00870344891049337,0.675373525935295,0.088,0.477,1,"12","Rnf20"
0.00878754791494219,0.577112366913254,0.208,0.747,1,"12","Nedd8"
0.0088180359341825,0.559571078989402,0.363,0.848,1,"12","Atp5e"
0.00892617006208742,0.746419592198779,0.202,0.664,1,"12","Snhg8"
0.00893452248757652,0.198719352264751,0.079,0.463,1,"12","Zbtb11"
0.00895883259462102,0.254643125944492,0.055,0.39,1,"12","Nelfb"
0.00895883259462102,0.545585189280782,0.055,0.364,1,"12","Gps2"
0.00895883259462102,0.448855923931915,0.078,0.38,1,"12","Cfap36"
0.00895883259462102,0.399014807734724,0.058,0.352,1,"12","Ube3b"
0.00895883259462102,0.688496239453225,0.043,0.311,1,"12","Pop7"
0.00895883259462102,1.07246544569615,0.064,0.317,1,"12","Magohb"
0.00896928041500454,0.611865834036688,0.207,0.737,1,"12","Ndufc2"
0.00902743508832113,0.37600344234299,0.076,0.469,1,"12","BC005624"
0.00902743508832113,0.722910928139449,0.106,0.47,1,"12","Atxn2l"
0.0090745747171582,0.284021310317495,0.258,0.808,1,"12","Psme1"
0.00919146916161167,0.474509902454336,0.336,0.849,1,"12","Sem1"
0.00925709978116938,0.448329366861372,0.1,0.506,1,"12","Tap1"
0.00927372198809988,0.239062380290701,0.155,0.661,1,"12","Slc38a2"
0.00927372198809988,0.286320304042707,0.116,0.605,1,"12","Ptpn6"
0.00928211606868062,0.26637756985625,0.395,0.708,1,"12","Ifitm1"
0.00946516693200525,1.00695002497751,0.169,0.564,1,"12","Nop56"
0.0096609674984429,0.676234132158595,0.093,0.472,1,"12","Zfp445"
0.0096609674984429,0.491474854183693,0.068,0.398,1,"12","Gtf3c6"
0.0096609674984429,0.218693803497744,0.056,0.376,1,"12","Cdc42se1"
0.0096609674984429,0.175948931335072,0.071,0.365,1,"12","Zfp217"
0.0096609674984429,0.279614357399061,0.061,0.355,1,"12","Pgd"
0.00981619874790355,0.363535056425847,0.053,0.338,1,"12","Dpp3"
0.00981619874790355,0.241561066909827,0.032,0.252,1,"12","Phpt1"
0.00981619874790355,0.246302134647611,0.03,0.249,1,"12","Dda1"
0.00981619874790355,0.458103095789623,0.032,0.238,1,"12","Vac14"
2.23157286663617e-17,5.32046528075922,0.844,0.057,7.20463299993487e-13,"13","Shtn1"
5.22721114895819e-17,6.16134387490311,0.83,0.028,1.68760511944115e-12,"13","Zbtb46"
1.20307355768924e-15,6.42609558362771,0.908,0.124,3.88412298099972e-11,"13","H2-Eb1"
1.60826582046518e-15,4.66220244410993,0.894,0.077,5.19228620137182e-11,"13","Plbd1"
2.32129917195101e-15,5.43695097006285,0.79,0.062,7.49431437664383e-11,"13","Naaa"
3.11636977868898e-15,2.66612151813653,0.919,0.11,1.00611998304974e-10,"13","Ly86"
3.51946886634744e-15,4.10425070806677,0.899,0.092,1.13626052350027e-10,"13","Ifi30"
4.59311926869629e-15,4.97717973483031,0.9,0.037,1.4828885558986e-10,"13","Pid1"
5.60438207582128e-15,2.80381818850849,0.91,0.347,1.8093747531789e-10,"13","Otulinl"
7.11637736239664e-15,3.06048738748672,0.851,0.11,2.29752243144976e-10,"13","Lgals3"
7.1560667128512e-15,5.90332093560875,0.752,0.013,2.31033613824401e-10,"13","Zfp366"
8.81599747252989e-15,6.06841670605094,0.913,0.173,2.84624478400628e-10,"13","H2-Aa"
9.46292563529986e-15,1.8678716402768,0.879,0.163,3.05510554135656e-10,"13","Mpeg1"
1.9751511430052e-14,3.09334107123779,0.769,0.17,6.37677546519229e-10,"13","Naga"
2.07889983916271e-14,3.8687798980675,0.825,0.109,6.7117281307368e-10,"13","Pkib"
2.57838118754358e-14,5.47823442086904,0.801,0.039,8.32430366398446e-10,"13","Apba1"
2.97125852954645e-14,6.08482360196934,0.919,0.299,9.59270816264072e-10,"13","H2-Ab1"
3.14517961442107e-14,5.32928010435907,0.937,0.286,1.01542123851584e-09,"13","Cd74"
5.13476254905938e-14,7.57868427268909,0.816,0.013,1.65775808896382e-09,"13","Jaml"
6.38282589759072e-14,8.75765060683506,0.74,0.004,2.06069534103717e-09,"13","Clec9a"
6.38282589759072e-14,7.4925188181888,0.704,0.009,2.06069534103717e-09,"13","Rab7b"
9.01255859678802e-14,2.93138907642828,0.919,0.471,2.90970454297301e-09,"13","Rab43"
9.25563971431222e-14,6.11702350458682,0.835,0.034,2.9881832817657e-09,"13","Ccr2"
1.49442184809484e-13,1.95003533609543,0.96,0.538,4.82474093657419e-09,"13","Nptn"
1.5089811170655e-13,6.07829358403569,0.861,0.049,4.87174553644598e-09,"13","Ciita"
1.84822816550381e-13,4.0826304974283,0.749,0.038,5.96700463232905e-09,"13","Nrp1"
3.33964233265994e-13,3.34645919905375,0.874,0.183,1.07820352709926e-08,"13","Tbc1d9"
5.24536944091535e-13,6.76563044727368,0.779,0.006,1.69346752399952e-08,"13","Batf3"
5.4205065350959e-13,2.47414954291137,0.845,0.121,1.75001053485571e-08,"13","Ckb"
6.42033061825559e-13,2.80258575188433,0.862,0.323,2.07280374010382e-08,"13","Fgd2"
9.55506069348536e-13,3.33677571106236,0.859,0.064,3.08485134489175e-08,"13","Pld4"
1.41213357015061e-12,3.76586192154842,0.887,0.337,4.55907323123124e-08,"13","Cdk14"
1.65274434695635e-12,2.72495058447735,0.806,0.161,5.33588512414859e-08,"13","Irf5"
2.0134723440586e-12,3.50159000286251,0.836,0.401,6.5004954627932e-08,"13","Ppt1"
2.06754857327536e-12,5.46251960896257,0.778,0.035,6.6750805688195e-08,"13","Kmo"
2.74235459491419e-12,2.65921984870188,0.821,0.14,8.85369180968046e-08,"13","St3gal5"
3.54441448549033e-12,2.50790374133638,0.877,0.227,1.14431421664055e-07,"13","Ctsh"
3.98409133192312e-12,9.34935234902241,0.694,0.001,1.28626388651138e-07,"13","Ifi205"
4.41922175128538e-12,4.11041393578606,0.893,0.05,1.42674574240248e-07,"13","March1"
5.41272291848168e-12,1.36353541203196,0.775,0.128,1.74749759423181e-07,"13","Aif1"
5.82416229271124e-12,1.78974602475204,0.897,0.559,1.88033079620182e-07,"13","Selplg"
5.99190202787044e-12,1.00610374981771,0.908,0.494,1.93448556969797e-07,"13","Ctsz"
6.04680166732108e-12,4.42342541837145,0.879,0.142,1.95220991829461e-07,"13","Ahnak"
6.29247990927571e-12,3.82126244516278,0.868,0.204,2.03152713870966e-07,"13","Itgb7"
6.50223440852447e-12,3.25732396467317,0.942,0.537,2.09924637879212e-07,"13","Cd52"
7.5554089539042e-12,1.87872023878015,0.991,0.735,2.43926378076797e-07,"13","Pip4k2a"
7.64335150939536e-12,3.17306838401933,0.804,0.224,2.46765603480829e-07,"13","Pik3cb"
9.11229865749895e-12,1.49746803663417,0.876,0.484,2.94190562157354e-07,"13","Acer3"
9.57326420744461e-12,3.22118017100157,0.752,0.068,3.09072834937349e-07,"13","Slc46a3"
1.00364757897467e-11,1.05019419602428,0.908,0.403,3.24027620871973e-07,"13","Tyrobp"
1.06708172026467e-11,7.01464011211013,0.678,0.012,3.44507333387448e-07,"13","Olfm1"
1.06956619676476e-11,2.67488122852148,0.825,0.1,3.45309446625503e-07,"13","Hck"
1.20946220527028e-11,3.00442261621584,0.847,0.282,3.90474872971511e-07,"13","Tbc1d8"
1.33664361265374e-11,2.77445434475394,0.896,0.319,4.31535390345259e-07,"13","Plekho1"
1.58774197566043e-11,3.25484472392029,0.828,0.148,5.12602496841971e-07,"13","Id2"
1.70671988204982e-11,1.06475299914776,0.881,0.467,5.51014513919786e-07,"13","Asah1"
1.74285172987696e-11,3.44886181721053,0.908,0.137,5.62679680990777e-07,"13","Gm26740"
2.0047089438024e-11,3.19480549295732,0.856,0.317,6.47220282506604e-07,"13","Rnase6"
2.0223132713363e-11,4.34724855762874,0.845,0.2,6.52903839650924e-07,"13","Irf8"
2.69953524304618e-11,1.63201895241821,0.94,0.529,8.71544953217459e-07,"13","Unc93b1"
2.97012042744843e-11,3.37774343602534,0.712,0.094,9.58903380001724e-07,"13","Evi2a"
3.3465183364277e-11,3.99638017220725,0.881,0.221,1.08042344491568e-06,"13","H2-DMb1"
3.48520499930092e-11,4.01135490749881,0.816,0.046,1.1251984340243e-06,"13","Slamf7"
5.2386181636824e-11,2.14371987435263,0.893,0.388,1.69128787414486e-06,"13","Ptms"
5.55136270970016e-11,5.67780399134744,0.55,0.011,1.7922574508267e-06,"13","Slamf8"
5.65122000170747e-11,3.91810476967007,0.729,0.116,1.82449637755126e-06,"13","Phf11b"
8.03083074077898e-11,1.7285284725608,0.873,0.45,2.59275370466049e-06,"13","Ctnna1"
8.19164450720239e-11,1.67189168338078,0.789,0.232,2.64467242915029e-06,"13","Evl"
8.63312212533899e-11,2.20052487619497,0.893,0.593,2.78720347816569e-06,"13","H2-DMa"
9.12965533702182e-11,2.44763961676361,0.842,0.172,2.94750922555749e-06,"13","Rassf4"
9.49250283358664e-11,3.24228912213518,0.922,0.6,3.06465453982345e-06,"13","Lsp1"
9.58487949412337e-11,1.38095730617118,0.943,0.531,3.09447834467773e-06,"13","Slc9a9"
1.14439055330198e-10,1.51598391284599,0.985,0.768,3.69466490133543e-06,"13","Lyn"
1.14500286824777e-10,3.55917616012646,0.836,0.202,3.69664176013793e-06,"13","Lrrk2"
1.14500286824777e-10,2.82164784994471,0.887,0.314,3.69664176013793e-06,"13","Anxa2"
1.23410363778026e-10,1.54430216708352,0.936,0.379,3.98430359457355e-06,"13","Ctss"
1.41465350589027e-10,2.39454634970413,0.917,0.658,4.56720884376672e-06,"13","Vim"
1.48786413692418e-10,2.11542948974928,0.839,0.342,4.80356936605971e-06,"13","Efhd2"
1.54888360482696e-10,3.05040042050436,0.74,0.156,5.00057071818383e-06,"13","Ppm1m"
1.57045491585762e-10,4.98886907830839,0.642,0.024,5.07021369584632e-06,"13","Rasgrp4"
1.80705374134438e-10,1.94643261462549,0.844,0.344,5.83407300393033e-06,"13","Arhgap5"
1.83719818514527e-10,5.40622718562366,0.636,0.009,5.93139434074149e-06,"13","Gm36723"
1.83719818514527e-10,8.59672680585052,0.567,0.001,5.93139434074149e-06,"13","Gm43914"
1.83719818514527e-10,4.25779353506277,0.574,0.012,5.93139434074149e-06,"13","P2ry6"
1.83719818514527e-10,5.57372678050937,0.573,0.022,5.93139434074149e-06,"13","Rnd3"
1.83719818514527e-10,2.3939652436334,0.482,0.035,5.93139434074149e-06,"13","Cd36"
1.83882654931727e-10,3.78317418405488,0.735,0.036,5.9366515144708e-06,"13","Ppfia4"
1.92393539472208e-10,1.54975404464146,0.925,0.629,6.21142542186024e-06,"13","Spi1"
1.93412167624937e-10,2.72075314345997,0.821,0.192,6.24431183177109e-06,"13","Ust"
2.06623199686842e-10,3.00113575956036,0.66,0.096,6.67083000188969e-06,"13","Raph1"
2.08968042150132e-10,2.32468849198957,0.936,0.491,6.74653324081701e-06,"13","Myo1f"
2.20404350119195e-10,1.2641054454844,0.897,0.64,7.11575444359822e-06,"13","Smdt1"
2.36589817245198e-10,5.87322401573165,0.603,0.016,7.6383022497612e-06,"13","Tlr3"
2.45627282782429e-10,1.38419685634606,0.933,0.679,7.93007682463073e-06,"13","Erp29"
2.94992502609375e-10,2.55770396999005,0.835,0.373,9.52383294674367e-06,"13","Arsb"
3.65568375046517e-10,3.0757796528912,0.632,0.072,1.18023749883768e-05,"13","Tspan33"
3.96425155299062e-10,2.3849060125589,0.767,0.18,1.27985861388302e-05,"13","Gsn"
4.36500966829073e-10,2.74748000133516,0.844,0.325,1.40924337140766e-05,"13","Srgap3"
4.45795365995005e-10,2.15138756586783,0.951,0.728,1.43925033911487e-05,"13","Itpr1"
4.46586375157351e-10,2.77503050321586,0.9,0.363,1.44180411219551e-05,"13","Plekhm3"
5.15190468186795e-10,2.71327705892589,0.942,0.547,1.66329242654107e-05,"13","Trerf1"
5.25649674256201e-10,2.15559823416454,0.933,0.654,1.69705997333615e-05,"13","Alcam"
5.76721505718041e-10,2.9330025481622,0.708,0.146,1.8619453812107e-05,"13","Slc8b1"
6.31363585580186e-10,1.97799608010521,0.873,0.39,2.03835733604563e-05,"13","Syngr2"
6.44987369408493e-10,3.96628693432829,0.689,0.054,2.08234172213532e-05,"13","Cyp27a1"
6.56488651159375e-10,1.53913790608821,0.845,0.473,2.11947361026804e-05,"13","Dbnl"
6.89931710428271e-10,3.0198994377028,0.766,0.161,2.22744452711767e-05,"13","Rgs10"
7.3294293185553e-10,1.93778556662601,0.841,0.335,2.36630625549558e-05,"13","5031439G07Rik"
8.27361066909615e-10,2.49844113260448,0.842,0.402,2.67113520451769e-05,"13","Pak1"
8.59955930706667e-10,0.69151848643944,0.662,0.131,2.77636772228647e-05,"13","Cd68"
9.16406193636265e-10,2.55714826858324,0.654,0.045,2.95861739615468e-05,"13","Ifi207"
9.48043014260137e-10,1.38905416816662,0.934,0.669,3.06075687153885e-05,"13","Atox1"
1.09518797782832e-09,2.12630226818122,0.848,0.416,3.53581438641874e-05,"13","Anxa6"
1.12215689168096e-09,8.75296676239547,0.539,0.002,3.62288352479198e-05,"13","Mycl"
1.18465010100453e-09,2.44846415593859,0.752,0.247,3.82464285109312e-05,"13","Ece1"
1.18861690213832e-09,3.5992822727125,0.665,0.14,3.83744966855356e-05,"13","Fgl2"
1.202380761875e-09,3.37600932948141,0.547,0.089,3.88188628971344e-05,"13","Nrg2"
1.89627028353148e-09,2.18070495554902,0.907,0.509,6.12210861038138e-05,"13","Rbpj"
1.90472672664583e-09,2.32936884062675,0.571,0.074,6.14941023697606e-05,"13","Tmem51"
1.94079466524458e-09,3.60771682621378,0.761,0.075,6.26585557674212e-05,"13","Grap2"
1.99614777860674e-09,4.63523862443746,0.747,0.027,6.44456310323186e-05,"13","Gm15987"
2.04244772773107e-09,2.81794443143907,0.911,0.706,6.59404248897975e-05,"13","Crip1"
2.70435774249524e-09,6.05172499805946,0.583,0.009,8.73101897164589e-05,"13","Ptpro"
2.70435774249524e-09,8.09742706258446,0.469,0.002,8.73101897164589e-05,"13","Arhgap22"
3.26970529741918e-09,2.41376925405602,0.896,0.516,0.000105562435527178,"13","Gm2a"
3.31088449555066e-09,1.90435547098219,0.902,0.662,0.000106891905938853,"13","Alox5ap"
3.64823084364417e-09,2.24623470694237,0.723,0.227,0.000117783132787052,"13","Sdf2l1"
4.04999110650401e-09,1.87294255220083,0.579,0.084,0.000130753962873482,"13","Pirb"
4.20367503986268e-09,1.29312233077434,0.864,0.464,0.000135715648661967,"13","Cotl1"
4.34841505829713e-09,1.9342780978514,0.637,0.176,0.000140388580157123,"13","Cd86"
4.82598715819394e-09,1.51653466940912,0.76,0.267,0.000155806995402291,"13","Lbh"
5.96177710529437e-09,1.48283086871103,0.951,0.658,0.000192475973844429,"13","Ccdc88a"
6.41203769400972e-09,9.64624331868484,0.466,0.001,0.000207012636951104,"13","Htr7"
6.41203769400972e-09,2.71897403476992,0.472,0.02,0.000207012636951104,"13","Acvrl1"
6.7846902428874e-09,2.84837508579981,0.701,0.143,0.00021904372449162,"13","Pik3r5"
7.36738072639616e-09,3.10046098402672,0.818,0.297,0.0002378558867517,"13","S100a6"
8.40549783465835e-09,1.65099950029272,0.9,0.693,0.000271371497591945,"13","Fmnl2"
9.28474600804866e-09,0.477190008032354,0.692,0.215,0.000299758024869851,"13","Clec12a"
9.5062780682861e-09,1.74292746153687,0.845,0.462,0.000306910187434617,"13","Bloc1s2"
9.73177575055703e-09,2.0404389834655,0.802,0.304,0.000314190380106734,"13","Gsap"
1.12511321740465e-08,3.35715555582782,0.772,0.151,0.000363242802239091,"13","Btla"
1.25222912601084e-08,2.55573789616993,0.723,0.136,0.000404282173332598,"13","Myadm"
1.36939665209692e-08,1.08376182513085,0.904,0.619,0.000442109709129491,"13","Arhgdia"
1.39280246900014e-08,2.51006281357827,0.663,0.118,0.000449666277116695,"13","Il10ra"
1.46600669104526e-08,1.37419771541469,0.862,0.52,0.000473300260203962,"13","Atf6"
1.47823326628682e-08,1.52870001933204,0.939,0.644,0.000477247610020698,"13","Notch2"
1.49249967711561e-08,1.899529355532,0.859,0.445,0.000481853520756776,"13","Rala"
1.49626681636315e-08,4.8453277372725,0.562,0.008,0.000483069741662843,"13","Cd226"
1.49626681636315e-08,3.4677118462694,0.556,0.013,0.000483069741662843,"13","Klrk1"
1.49626681636315e-08,9.64057536145325,0.47,0.001,0.000483069741662843,"13","Xcr1"
1.49626681636315e-08,4.37388545309464,0.481,0.013,0.000483069741662843,"13","Itgax"
1.49626681636315e-08,8.75177143251289,0.38,0.001,0.000483069741662843,"13","Sept3"
1.49662699467799e-08,2.26885440513815,0.68,0.246,0.000483186025231788,"13","Pfkp"
1.49793459564858e-08,0.370579641451571,0.882,0.465,0.000483608184205143,"13","Fcer1g"
1.6350532713629e-08,1.76748391319081,0.694,0.251,0.000527876948659513,"13","Csf2ra"
1.67015900168985e-08,2.91212710107428,0.835,0.172,0.000539210833695567,"13","Cd180"
1.67158734976666e-08,3.43455075315558,0.593,0.076,0.000539671975872168,"13","Rap1gap2"
1.81516709346756e-08,1.66880273610182,0.698,0.263,0.000586026696126001,"13","Rab32"
1.88865139841565e-08,1.04557457294165,0.894,0.689,0.000609751103978492,"13","Scand1"
2.10383276356103e-08,1.77408075505552,0.804,0.182,0.000679222407715679,"13","Itgb2"
2.11410266023909e-08,2.24772014479328,0.807,0.31,0.000682538043858191,"13","Zfp516"
2.27834520797025e-08,2.19919925384072,0.838,0.323,0.000735563750393195,"13","Dpy19l1"
2.31729376563788e-08,1.43093777858453,0.946,0.671,0.000748138292236189,"13","Diaph2"
2.43025578986603e-08,1.75743454845153,0.433,0.034,0.000784608081758248,"13","Adap2"
2.61569426553476e-08,2.1757952140867,0.908,0.5,0.000844476893627897,"13","Hdac9"
3.03431745326113e-08,2.77129548513611,0.737,0.197,0.000979629389785356,"13","Ccnd1"
3.09317665987325e-08,1.46569274137114,0.821,0.412,0.00099863208464008,"13","Slc8a1"
3.12830999995868e-08,5.36821582146611,0.58,0.028,0.00100997488348666,"13","Gpr141"
3.43765866262904e-08,8.4528065962444,0.446,0.001,0.00110984809922978,"13","Snx22"
3.43765866262904e-08,4.71853022716679,0.427,0.011,0.00110984809922978,"13","Cysltr1"
3.46448088420571e-08,1.97631278341545,0.72,0.248,0.00111850765346581,"13","Dpysl2"
3.51918732762955e-08,1.69217030378318,0.864,0.596,0.0011361696287252,"13","Psme2"
3.63989757693663e-08,2.3468859869298,0.812,0.352,0.00117514093271399,"13","Dock5"
3.79271300487285e-08,2.53026082573524,0.752,0.142,0.0012244773936232,"13","Slfn2"
4.26935960823594e-08,2.98773220850216,0.819,0.157,0.00137836274951897,"13","Tpm4"
4.62269846855959e-08,1.96989386295761,0.885,0.374,0.00149243820057446,"13","Cd48"
4.65493736866229e-08,0.63154780003233,0.772,0.37,0.00150284652947262,"13","Gns"
5.05967816065469e-08,3.76007209210627,0.49,0.049,0.00163351709416737,"13","Prr5l"
5.27856775164461e-08,0.984606840163765,0.821,0.432,0.00170418559861846,"13","BC035044"
5.64566501938992e-08,3.40704341108443,0.73,0.113,0.00182270295151003,"13","Card11"
5.91039343685613e-08,1.26613097832175,0.969,0.715,0.001908170521089,"13","Asap1"
5.94629872604184e-08,2.74296640288082,0.513,0.056,0.00191976254370261,"13","Tubb2a"
6.09041950040128e-08,1.27333146933979,0.876,0.415,0.00196629193570455,"13","Kctd12"
6.40117306108827e-08,1.79981914476568,0.825,0.266,0.00206661872277235,"13","Atp8b4"
6.7242121892152e-08,4.32335668069809,0.492,0.034,0.00217091190528813,"13","Havcr2"
6.9953653238407e-08,1.35435946772888,0.711,0.298,0.00225845369480197,"13","App"
7.24757086814197e-08,0.333136995787072,0.89,0.679,0.00233987825477964,"13","Reep5"
7.50654230436475e-08,2.17532058987405,0.894,0.611,0.00242348718296416,"13","Napsa"
7.77888271636172e-08,6.67979384423591,0.518,0.006,0.00251141228497738,"13","Phf11a"
7.77888271636172e-08,6.37604781012955,0.505,0.011,0.00251141228497738,"13","Rtn1"
7.77888271636172e-08,5.33815264773231,0.467,0.023,0.00251141228497738,"13","Gcsam"
8.00792960485891e-08,2.5465119151586,0.579,0.125,0.0025853600729287,"13","Crybg3"
8.21721246215528e-08,4.73070188661398,0.554,0.015,0.00265292704340683,"13","Adam19"
9.4097272771808e-08,3.43732587381718,0.573,0.055,0.00303793045143782,"13","Rab39"
9.96155224447298e-08,0.373329232587561,0.493,0.129,0.0032160871421281,"13","AB124611"
1.08771645236402e-07,2.44278160889674,0.877,0.429,0.00351169256645724,"13","Dpp4"
1.24214775163977e-07,3.45332615255632,0.801,0.175,0.004010274016169,"13","Ms4a6c"
1.28340101334935e-07,3.8426412948335,0.331,0.035,0.00414346017159839,"13","Gm35853"
1.28787308035895e-07,0.635798806709039,0.818,0.53,0.00415789823993886,"13","Gltp"
1.29379108440963e-07,1.68133841321483,0.632,0.227,0.00417700451601648,"13","Gramd3"
1.4259713840656e-07,1.67033003323489,0.518,0.057,0.00460374861345578,"13","Cd300c2"
1.47391188532901e-07,1.88239770598114,0.729,0.301,0.00475852452178471,"13","Plin2"
1.53578199560544e-07,1.28430470787576,0.806,0.493,0.00495827217281215,"13","Tap1"
1.54828308742652e-07,1.74139778187384,0.755,0.391,0.00499863194775651,"13","Fuca1"
1.59160609117748e-07,2.04326562589785,0.858,0.356,0.00513850026536648,"13","Fam129a"
1.59539026013835e-07,1.68919856180859,0.865,0.394,0.00515071745485666,"13","Stx7"
1.61927665871244e-07,1.74610037952127,0.926,0.613,0.00522783469265312,"13","Samhd1"
1.63368454889478e-07,4.60753303946973,0.568,0.02,0.00527435056610679,"13","Ifi211"
1.73433623114878e-07,5.88537703659299,0.381,0.016,0.00559930452226384,"13","P3h2"
1.74228797407351e-07,1.77942669562667,0.841,0.435,0.00562497672429634,"13","Grk3"
1.8085927847661e-07,2.55463859286391,0.698,0.091,0.00583904180561737,"13","Ifi209"
1.90500900470232e-07,0.311108657649881,0.632,0.173,0.00615032157168146,"13","Fcgrt"
1.9081302642861e-07,1.65819353164851,0.882,0.543,0.00616039855824769,"13","Ifngr1"
1.9891701799802e-07,0.813486776926786,0.919,0.67,0.00642203592606608,"13","Itgb1"
2.20305202861552e-07,1.96290869168546,0.462,0.161,0.0071125534743852,"13","Rab11fip1"
2.43954900826571e-07,2.36864415803678,0.73,0.207,0.00787608397318585,"13","Plekha1"
2.72036820375894e-07,5.29119607158117,0.426,0.016,0.00878270874583573,"13","Anpep"
2.74282137969902e-07,1.01603982585952,0.764,0.449,0.00885519882435829,"13","Bax"
2.75987854806321e-07,1.10027575757813,0.931,0.634,0.00891026789242208,"13","Sgk3"
2.81248923238997e-07,5.07604090585761,0.404,0.007,0.00908012148677102,"13","Gpr35"
3.13122433166835e-07,1.93006249290723,0.815,0.293,0.0101091577547913,"13","Btg2"
3.27268721202986e-07,2.24561211904691,0.47,0.093,0.0105658706640384,"13","Itpripl1"
3.58858074713175e-07,2.02026663468419,0.534,0.057,0.0115857329421148,"13","Dock4"
3.63734954476327e-07,0.239583904841542,0.712,0.344,0.0117431830052682,"13","Itm2c"
3.77148934603049e-07,0.790024529901913,0.92,0.676,0.0121762533536594,"13","Ostf1"
3.81130019167373e-07,6.89884557992008,0.346,0.004,0.0123047826688186,"13","Strip2"
3.8629764954511e-07,2.58910994551007,0.654,0.157,0.0124716196155639,"13","Slc12a9"
4.03001560443318e-07,3.09433277817564,0.686,0.084,0.0130109053789125,"13","Klf2"
4.32430712889763e-07,1.49429250907432,0.894,0.58,0.013961025565646,"13","Lrrk1"
4.35458764552248e-07,3.80788980836687,0.462,0.035,0.0140587862135693,"13","Scimp"
4.9405319775433e-07,2.11913747661989,0.871,0.475,0.0159505074894986,"13","Dipk1a"
4.99897094568682e-07,2.57847219776788,0.53,0.084,0.0161391776981499,"13","Slc31a2"
5.0263454885057e-07,1.77557534326361,0.844,0.43,0.0162275564096407,"13","Cnn2"
5.33680616381753e-07,2.03009952882361,0.727,0.279,0.0172298786998849,"13","Unc119"
5.46532614282849e-07,0.670755693134074,0.793,0.498,0.0176448054521218,"13","Lamtor1"
5.60903655268856e-07,0.957067201890947,0.858,0.508,0.018108774510355,"13","Myo9a"
5.78144788642012e-07,1.3395961832811,0.62,0.236,0.0186654045013074,"13","Acss1"
6.02910905983947e-07,1.15347264977946,0.675,0.314,0.0194649785996917,"13","Zfp36l1"
6.25132614583327e-07,2.38600884506857,0.417,0.112,0.0201824064618227,"13","Nlrp1b"
6.25472491343457e-07,1.70531562558087,0.914,0.61,0.0201933793830235,"13","Zfp710"
6.40610689150499e-07,2.02765986309012,0.77,0.269,0.0206821160992239,"13","Hps3"
6.49019696965795e-07,2.24678853029509,0.433,0.085,0.0209536009165407,"13","Lacc1"
6.68355472210556e-07,1.43050134662928,0.971,0.755,0.0215778564203178,"13","Uvrag"
6.69224920521316e-07,1.81881153037522,0.427,0.053,0.0216059265590307,"13","Hfe"
6.69224920521316e-07,1.53695041353053,0.358,0.093,0.0216059265590307,"13","Nucb2"
6.92978549721473e-07,0.815626001539473,0.919,0.654,0.0223728124777578,"13","Picalm"
7.41837961766228e-07,1.73372376646128,0.686,0.306,0.0239502385956227,"13","Sh3bp1"
7.51274939278533e-07,3.72642831908117,0.643,0.052,0.0242549114146074,"13","Tifab"
7.94471285363397e-07,1.07597027693584,0.874,0.598,0.0256495054479573,"13","Atp2b1"
8.0056463526445e-07,1.75281451752469,0.887,0.49,0.0258462292495128,"13","Ext1"
8.01455093033537e-07,2.11202493771285,0.879,0.556,0.0258749776785878,"13","Gng10"
8.25849688076695e-07,9.84707883038313,0.289,0,0.0266625571795561,"13","Gpr141b"
8.25849688076695e-07,3.59152100098372,0.302,0.016,0.0266625571795561,"13","Trim36"
8.78173190405398e-07,2.21311855681501,0.548,0.053,0.0283518214522383,"13","Plxdc1"
8.94762061501592e-07,2.05505905655224,0.7,0.401,0.0288873931555789,"13","BC028528"
9.31601770185969e-07,2.32643260814532,0.694,0.207,0.030076763150454,"13","Dna2"
9.38101472568486e-07,4.35669823914508,0.536,0.046,0.0302866060418736,"13","Tnni2"
9.43833841905132e-07,1.62228483319078,0.914,0.53,0.0304716755859072,"13","Man2b1"
9.54538302718644e-07,1.8516461690385,0.858,0.412,0.0308172691032714,"13","Rbms1"
1.04421275759315e-06,1.59523864280597,0.807,0.369,0.0337124088788949,"13","Rbm47"
1.04867664540648e-06,2.76984203996851,0.392,0.062,0.0338565254969481,"13","2310040G24Rik"
1.07942295886628e-06,7.13932701449972,0.406,0.005,0.0348491702269977,"13","Itga8"
1.08297278052543e-06,2.09141701259864,0.783,0.311,0.0349637762192634,"13","Pdlim5"
1.18483739659549e-06,1.58421671472596,0.919,0.623,0.0382524753490854,"13","Arhgap26"
1.23385911525949e-06,1.80778986599516,0.317,0.041,0.0398351415361525,"13","Ifi204"
1.24154175314639e-06,1.91007668322557,0.861,0.39,0.0400831755003311,"13","Rgs2"
1.25323902199542e-06,1.78907771508344,0.632,0.196,0.0404608218251222,"13","Tnfaip8l2"
1.25968214585267e-06,2.4292015860225,0.335,0.053,0.0406688380788534,"13","Naip6"
1.26802968292826e-06,2.33479903900908,0.669,0.188,0.0409383383133388,"13","Bcl6"
1.3006780997822e-06,1.53415590988284,0.79,0.337,0.0419923924514684,"13","Commd8"
1.31620580563238e-06,1.82992841679182,0.904,0.548,0.0424937044348414,"13","Vrk2"
1.32100485324769e-06,0.785246046910557,0.839,0.577,0.0426486416871018,"13","Hcls1"
1.32538041197432e-06,2.02471482354591,0.493,0.128,0.042789906600591,"13","Mtmr4"
1.35779860333711e-06,2.20533345676433,0.409,0.031,0.0438365279087386,"13","Amz1"
1.44415416599602e-06,3.73322167240719,0.455,0.046,0.0466245172491814,"13","Klf4"
1.44490672085259e-06,1.92251945289648,0.888,0.397,0.0466488134827258,"13","Nav1"
1.54744048558317e-06,0.977158074456121,0.68,0.404,0.0499591160770527,"13","Mfsd14a"
1.56472197004108e-06,1.19123861575584,0.884,0.652,0.0505170488027762,"13","Hipk2"
1.60749072123081e-06,1.23338862180948,0.877,0.516,0.0518978379349367,"13","Anxa5"
1.65445901042117e-06,4.34129431318342,0.409,0.028,0.0534142091514475,"13","Nectin1"
1.74710744213948e-06,1.12852935062092,0.68,0.346,0.0564053637694732,"13","Slc35c2"
1.75483634271799e-06,1.45760170153397,0.963,0.7,0.0566548913246502,"13","Ankrd44"
1.76515934465433e-06,3.10619107062291,0.421,0.042,0.056988169442165,"13","I830077J02Rik"
1.76515934465433e-06,5.0356926767287,0.32,0.006,0.056988169442165,"13","Cfh"
1.76515934465433e-06,6.21563319642578,0.315,0.004,0.056988169442165,"13","Bcl2a1d"
1.76515934465433e-06,3.3502286700343,0.331,0.03,0.056988169442165,"13","Plpp1"
1.76515934465433e-06,5.8205862821256,0.305,0.006,0.056988169442165,"13","Gpr68"
1.76515934465433e-06,2.70542232752229,0.352,0.058,0.056988169442165,"13","Cadm1"
1.76515934465433e-06,4.18879564388085,0.254,0.005,0.056988169442165,"13","Cxcl16"
1.76544279445929e-06,1.4929787518954,0.704,0.28,0.0569973206191183,"13","Ehbp1l1"
1.84602621227105e-06,1.29591068475817,0.685,0.331,0.0595989562631707,"13","Inpp4a"
1.85317727446377e-06,2.51642913062906,0.789,0.217,0.059829828306063,"13","Ier5"
1.86904163135865e-06,1.12854967092551,0.686,0.353,0.060342009068414,"13","Me2"
1.92745504457432e-06,1.1415119048664,0.6,0.3,0.0622278861140821,"13","Pqlc1"
2.02265606566428e-06,1.22039170300244,0.953,0.736,0.0653014510799714,"13","Phactr2"
2.06291212265298e-06,1.72715080364252,0.706,0.312,0.0666011178798514,"13","Atp6v0a2"
2.10606247854704e-06,3.06852723784701,0.632,0.141,0.0679942271198913,"13","H2-Oa"
2.10896444666053e-06,1.91787621630996,0.724,0.298,0.0680879171604351,"13","Txndc15"
2.22247595239262e-06,3.31527470807476,0.591,0.072,0.0717526361229956,"13","Sema4a"
2.30827206602963e-06,1.61005321365608,0.893,0.516,0.0745225636517667,"13","Jak2"
2.35077562108887e-06,0.706211799494414,0.789,0.552,0.0758947909268543,"13","Magt1"
2.47628735119623e-06,1.31258653291351,0.887,0.542,0.0799469371333703,"13","Ncoa3"
2.52654448293236e-06,1.18592080646674,0.936,0.631,0.0815694886314713,"13","Baz1a"
2.59418651361419e-06,3.07629925752626,0.571,0.124,0.083753311592034,"13","Kctd14"
2.61934943505881e-06,2.96381303545918,0.515,0.072,0.0845656965108738,"13","P2ry10"
2.62771896394207e-06,4.16846017494578,0.398,0.03,0.0848359067508699,"13","Clec1a"
2.68016438081434e-06,1.36942626003545,0.706,0.337,0.0865291070345911,"13","Nfatc2"
2.80420653656829e-06,0.833979735792275,0.498,0.171,0.0905338080331074,"13","Zfp385a"
2.88799016049647e-06,3.01624113827391,0.306,0.041,0.0932387623316284,"13","Kif5a"
3.08771344361573e-06,2.71144578469425,0.557,0.085,0.099686828527134,"13","Crybg1"
3.13413383846751e-06,4.55763492053054,0.317,0.02,0.101185510974923,"13","Itga1"
3.13740420287542e-06,2.73415742628129,0.378,0.022,0.101291094689833,"13","Il13ra1"
3.2541273212126e-06,1.49514239754634,0.502,0.128,0.105059500565349,"13","Ralb"
3.38552215173633e-06,1.07234787037539,0.726,0.428,0.109301582668807,"13","Bri3bp"
3.7229983629128e-06,10.0393386788201,0.315,0,0.12019700214664,"13","Tlr11"
3.7229983629128e-06,2.17047303976206,0.351,0.043,0.12019700214664,"13","Tmem156"
3.7229983629128e-06,3.6783989857008,0.263,0.017,0.12019700214664,"13","Tlr12"
3.96546884628727e-06,1.57417471448273,0.749,0.355,0.128025161702385,"13","Cd9"
4.13475813307661e-06,1.11163846837646,0.792,0.509,0.133490666326378,"13","Rnh1"
4.4664456966917e-06,1.1602231018539,0.923,0.673,0.144199199317692,"13","Mcl1"
4.55943034270652e-06,1.49103501296771,0.597,0.201,0.14720120861428,"13","Gatm"
4.67693589845159e-06,2.16433512887262,0.49,0.04,0.150994875481509,"13","Lrrc25"
4.91330535977824e-06,1.40941897616145,0.715,0.355,0.15862606354044,"13","Myo1g"
5.02762168705346e-06,0.95453791415655,0.85,0.564,0.162316766166521,"13","Timm10b"
5.14398680617258e-06,2.42453981991693,0.609,0.163,0.166073614037282,"13","Arid3b"
5.58529306364758e-06,1.45922336740066,0.617,0.239,0.180321186559862,"13","Stard3nl"
5.62552544729792e-06,1.049738583944,0.867,0.626,0.181620089066013,"13","Trim30a"
5.65871797079854e-06,0.580134377979062,0.712,0.461,0.182691709687231,"13","Hpcal1"
5.85199266766157e-06,1.32990538883039,0.847,0.512,0.188931583275454,"13","Tns3"
6.09844885428463e-06,1.44689376730903,0.473,0.18,0.196888421260579,"13","Ap1s2"
6.70698342660054e-06,0.831107456559415,0.688,0.415,0.216534959927798,"13","Epb41l2"
6.97054924871933e-06,2.62312592403118,0.649,0.249,0.225044182494904,"13","Il6st"
7.05462675245084e-06,0.805274588451419,0.885,0.668,0.227758624702875,"13","Pdia6"
7.14457446875867e-06,1.08996359257314,0.933,0.725,0.230662586723874,"13","Spag9"
7.16119794557004e-06,1.72417973061712,0.493,0.157,0.231199275672729,"13","Acox3"
7.18610522205744e-06,1.83710055386183,0.55,0.136,0.232003407094124,"13","Sumf1"
7.23826555551561e-06,1.90434494852927,0.599,0.167,0.233687403459821,"13","Prkar2a"
7.2884725501714e-06,1.53810198070093,0.933,0.481,0.235308336282284,"13","Cd2ap"
7.52560486539592e-06,2.93732553044315,0.348,0.048,0.242964153079307,"13","Gas7"
7.70615673640313e-06,1.33491641821846,0.77,0.458,0.248793270234775,"13","Ppp1r11"
7.75182569435383e-06,4.35966365175632,0.337,0.007,0.250267692542214,"13","Cxcr3"
7.75182569435383e-06,3.37052850720545,0.346,0.03,0.250267692542214,"13","Gpr183"
7.75182569435383e-06,10.1703176431833,0.311,0.001,0.250267692542214,"13","Ffar4"
7.75182569435383e-06,1.86068548057115,0.306,0.024,0.250267692542214,"13","Gpr34"
7.81113471117616e-06,1.23676172189563,0.92,0.644,0.252182484150322,"13","Dleu2"
8.00198218724207e-06,2.95638796685623,0.357,0.041,0.25834399491511,"13","Nckipsd"
8.3297349841644e-06,2.5644146843785,0.456,0.111,0.268925493963748,"13","Tgfbi"
8.3584778447753e-06,3.11954531441779,0.58,0.114,0.269853457218571,"13","Pdia5"
8.46773373270775e-06,0.783355113097524,0.591,0.333,0.27338078356047,"13","Eloa"
8.47178578378296e-06,0.883593610574022,0.92,0.662,0.273511604029433,"13","Arhgap17"
9.27836574565654e-06,1.51496145480154,0.734,0.314,0.299552038098521,"13","Nfam1"
9.41343483997064e-06,1.30886951662044,0.704,0.289,0.303912743808452,"13","Tep1"
9.54168369864797e-06,1.66501515654613,0.62,0.264,0.30805325821085,"13","Plp2"
9.87516642835394e-06,1.97181981530036,0.539,0.157,0.318819748139407,"13","Mthfd2"
9.94455018356554e-06,3.8469394307645,0.354,0.023,0.321059802676413,"13","Fgd6"
1.00924483994953e-05,1.75849566620705,0.758,0.307,0.325834696577704,"13","Il6ra"
1.04625603271846e-05,1.02256215477284,0.752,0.394,0.337783760163155,"13","Trafd1"
1.09054647151658e-05,4.25461225671384,0.358,0.019,0.352082928329128,"13","Pmaip1"
1.10221067958814e-05,1.61630187548511,0.936,0.603,0.355848717905031,"13","Wipf1"
1.15597406904516e-05,2.03053411442446,0.697,0.24,0.373206228191228,"13","Ero1lb"
1.16182589047872e-05,1.4866545804768,0.867,0.416,0.375095488741053,"13","Cyth4"
1.18154974594418e-05,1.32684470885984,0.795,0.506,0.381463335478079,"13","Ubash3b"
1.18189649269443e-05,1.9791190590715,0.813,0.331,0.381575282666395,"13","Cask"
1.18687189226077e-05,2.16714737973749,0.461,0.065,0.383181590416389,"13","Sgk1"
1.2359456700258e-05,0.92549071455315,0.76,0.427,0.39902505956783,"13","Ube2f"
1.23911906861988e-05,2.05380545367039,0.847,0.465,0.400049591303928,"13","Ap1s3"
1.23911906861988e-05,1.25378440857211,0.795,0.478,0.400049591303928,"13","Tbc1d1"
1.29033929075923e-05,2.67090939763435,0.38,0.068,0.416586040021616,"13","Lmo1"
1.29033929075923e-05,3.02127865385097,0.312,0.043,0.416586040021616,"13","Ccdc102a"
1.29493604806388e-05,1.03524085753295,0.896,0.544,0.418070103117425,"13","Tapbp"
1.34589057039485e-05,1.17301341056996,0.867,0.603,0.434520770651977,"13","Mrtfa"
1.34751114213956e-05,1.81512966907416,0.802,0.364,0.435043972239756,"13","Ahcyl2"
1.40562343869956e-05,1.79773967199096,0.845,0.362,0.453805527184153,"13","Sla"
1.46539507745925e-05,1.25615257132818,0.922,0.651,0.47310280075772,"13","Slk"
1.46539507745925e-05,0.955271385413301,0.916,0.71,0.47310280075772,"13","Arf5"
1.51498081344408e-05,1.02991948977758,0.795,0.435,0.489111555620423,"13","Rp2"
1.58343195727548e-05,1.29356824693179,0.724,0.374,0.51121100740639,"13","Galnt10"
1.59085745243175e-05,1.86208163852506,0.538,0.192,0.51360832851759,"13","Nek6"
1.59352516922488e-05,1.12894585992506,0.44,0.066,0.514469600884253,"13","Ccl6"
1.59404479567909e-05,5.39435470278473,0.355,0.008,0.514637362284994,"13","Mcub"
1.59404479567909e-05,5.93441593095368,0.291,0.005,0.514637362284994,"13","Nostrin"
1.59404479567909e-05,5.49834397764473,0.27,0.005,0.514637362284994,"13","F630206G17Rik"
1.59404479567909e-05,7.17323593744764,0.221,0.002,0.514637362284994,"13","Plce1"
1.59404479567909e-05,3.84333299164854,0.224,0.014,0.514637362284994,"13","Sh3bp4"
1.59421867988896e-05,1.57615613755164,0.724,0.253,0.51469350080215,"13","Ifngr2"
1.60835198230532e-05,2.32212849468795,0.824,0.293,0.519256437487273,"13","Mob3b"
1.78413525296469e-05,1.58490878886151,0.835,0.4,0.57600806641965,"13","Bmp2k"
1.79073337373082e-05,1.64270305561128,0.694,0.286,0.578138269708994,"13","Tyk2"
1.8333691484097e-05,1.50666716575304,0.32,0.06,0.59190322956407,"13","Gpr137b"
1.84371651470215e-05,1.1179754823805,0.911,0.671,0.59524387677159,"13","St8sia4"
1.84391612423e-05,0.211387967523062,0.795,0.469,0.595308320707657,"13","Hexa"
1.88261817078903e-05,1.38821485975991,0.583,0.294,0.607803276439237,"13","Ipcef1"
1.90051011639018e-05,0.94416489994492,0.931,0.716,0.613579691076571,"13","Gnb2"
2.0111867511281e-05,0.581067409932822,0.737,0.457,0.649311642601707,"13","Snx9"
2.10524599718106e-05,2.17426920572185,0.508,0.077,0.679678670189904,"13","Lpxn"
2.13938721583431e-05,1.06149938661113,0.544,0.247,0.690701162632106,"13","Mospd2"
2.1416897761599e-05,0.911782883615007,0.894,0.628,0.691444544233223,"13","Mia2"
2.17881205350988e-05,1.09646338396619,0.421,0.181,0.703429471475663,"13","Prkx"
2.39532296863302e-05,3.70596827156432,0.553,0.077,0.773330020423171,"13","Fcgr2b"
2.41918918374583e-05,0.556616467514988,0.585,0.374,0.781035227972342,"13","Ap1b1"
2.60009444561121e-05,1.4622799255024,0.521,0.161,0.83944049176558,"13","Apobr"
2.79972270495785e-05,4.90320513204036,0.469,0.022,0.903890475295642,"13","Ms4a4c"
2.84659810691408e-05,1.54207047988256,0.79,0.432,0.919024198817211,"13","Rnf150"
3.23872985920376e-05,7.02643420315271,0.265,0.003,1,"13","Ppef2"
3.23872985920376e-05,4.64818314745702,0.253,0.009,1,"13","Adam8"
3.48639997373001e-05,0.599433970082823,0.822,0.576,1,"13","Mob1a"
3.48813845536526e-05,2.62729041251627,0.398,0.043,1,"13","Tnfrsf11a"
3.5327401725222e-05,1.56699774810603,0.914,0.707,1,"13","Tspo"
3.54789378338691e-05,1.78354704897312,0.85,0.467,1,"13","1700025G04Rik"
3.59446982260634e-05,1.39050113325607,0.848,0.51,1,"13","Ttc7"
3.63831225626306e-05,3.38067988043277,0.421,0.053,1,"13","Ctnnd2"
3.63831225626306e-05,1.75952622916581,0.317,0.096,1,"13","Dglucy"
3.72457439065725e-05,1.25470532942655,0.585,0.229,1,"13","Pip4p1"
3.90579806626415e-05,1.15529056572684,0.466,0.236,1,"13","Icam1"
3.92104417318083e-05,2.69306737603399,0.417,0.094,1,"13","Rtl8a"
3.93262468612871e-05,1.3494951976398,0.665,0.329,1,"13","Plekho2"
4.01652239884488e-05,1.47329300841127,0.319,0.055,1,"13","Trpm2"
4.15356516129831e-05,0.561802352639548,0.72,0.416,1,"13","Scarb2"
4.24250845249936e-05,1.76272337533751,0.721,0.315,1,"13","Snx20"
4.26587276709998e-05,1.05479350314747,0.386,0.166,1,"13","Nfkbib"
4.38981416373351e-05,4.37498727305357,0.302,0.016,1,"13","Adgra2"
4.41884137355397e-05,1.28214987889799,0.801,0.423,1,"13","Twf2"
4.52647648790173e-05,1.34008120337879,0.631,0.303,1,"13","N4bp2l1"
4.66679350111536e-05,0.621586497367974,0.594,0.272,1,"13","Tifa"
4.71021354809088e-05,2.08462926484904,0.418,0.075,1,"13","Tulp4"
4.85275636578813e-05,1.34044146750333,0.502,0.207,1,"13","Fam241a"
4.87242302179553e-05,1.02544550232445,0.802,0.546,1,"13","Nsmaf"
4.87533199734336e-05,1.87341916087946,0.818,0.419,1,"13","Cytip"
5.04665982184238e-05,0.819129766609301,0.851,0.559,1,"13","Cap1"
5.17406894003321e-05,1.35685868248072,0.801,0.431,1,"13","Synj1"
5.19957505957012e-05,0.925810479271954,0.87,0.599,1,"13","Mtpn"
5.36020136403173e-05,1.11215549633795,0.93,0.683,1,"13","Sp100"
5.57692558239642e-05,4.4863695058999,0.515,0.032,1,"13","Met"
5.91239994263589e-05,2.14606005099399,0.348,0.081,1,"13","Gm35188"
6.32990472800803e-05,1.35949034570388,0.753,0.434,1,"13","Lgals1"
6.48709727508477e-05,1.17248915893142,0.469,0.178,1,"13","D1Ertd622e"
6.50475622222749e-05,4.05633435585261,0.369,0.019,1,"13","Klrd1"
6.50475622222749e-05,6.72576410957605,0.224,0.001,1,"13","Fam149a"
6.50475622222749e-05,7.1656099562627,0.221,0.001,1,"13","Gm6377"
6.50475622222749e-05,0.576044635801518,0.276,0.072,1,"13","Tmem106a"
6.66237768458643e-05,0.457194479644727,0.521,0.21,1,"13","Vsir"
7.38993146160522e-05,1.11313704634871,0.822,0.479,1,"13","Atg3"
7.39029190568117e-05,0.952853299116811,0.51,0.246,1,"13","Znfx1"
7.52652984970836e-05,4.05546255621492,0.453,0.181,1,"13","S100a4"
8.20182671313778e-05,0.68132521552322,0.874,0.614,1,"13","Rab7"
8.40283130746582e-05,0.827928221470039,0.913,0.7,1,"13","Arpc5"
8.42055281073898e-05,1.02108054852799,0.643,0.351,1,"13","Foxn2"
8.9854060316769e-05,1.79451342027585,0.404,0.106,1,"13","Chd7"
9.30757560236203e-05,2.15289167367713,0.556,0.101,1,"13","Themis2"
9.33560811366548e-05,1.58340530478856,0.827,0.49,1,"13","Vrk1"
9.55637660531872e-05,1.12395503592699,0.57,0.259,1,"13","H2-M3"
0.000101286990485436,1.41754780115775,0.603,0.293,1,"13","Stat2"
0.000102835160319335,1.51489353657159,0.734,0.289,1,"13","Klf6"
0.000103001619516085,1.6113517252548,0.651,0.266,1,"13","Mtmr14"
0.000108180429022246,1.36641593227393,0.484,0.131,1,"13","Tmem109"
0.000109918638878165,1.5892954479341,0.629,0.245,1,"13","Txndc16"
0.000116081476452397,0.74639006545591,0.864,0.575,1,"13","Serp1"
0.000117080799029267,1.63983355499239,0.534,0.156,1,"13","Scpep1"
0.000118302777931321,1.76022861866559,0.363,0.104,1,"13","Gm46224"
0.000118729732328471,0.801780305210864,0.485,0.256,1,"13","Pi4k2a"
0.000122007502244739,0.83144952740788,0.371,0.07,1,"13","Slc22a23"
0.000125939218712831,1.33539194687713,0.617,0.267,1,"13","Chuk"
0.00012618035293608,0.905221016958817,0.936,0.717,1,"13","Cbl"
0.000126775002640484,1.09812808685839,0.412,0.185,1,"13","Anapc15"
0.000126823391832267,2.33810705450269,0.394,0.067,1,"13","Raet1e"
0.000128171246248224,1.51923700448482,0.804,0.492,1,"13","Cycs"
0.000129208146895081,0.985475865860894,0.25,0.033,1,"13","Treml4"
0.000129208146895081,1.95401008373224,0.233,0.02,1,"13","Cttnbp2nl"
0.000129208146895081,6.89104937227098,0.214,0.001,1,"13","Fndc7"
0.000129712780636861,1.25062004539707,0.585,0.206,1,"13","Degs1"
0.000131566192706386,0.8196749538668,0.403,0.134,1,"13","Cmtm3"
0.000133231882913386,1.23751310912405,0.727,0.415,1,"13","Gusb"
0.000137292190595321,5.16981603359053,0.288,0.01,1,"13","Hepacam2"
0.000140586232573692,1.67596439206031,0.666,0.276,1,"13","Erlin1"
0.000143796886663999,1.06021371513635,0.81,0.502,1,"13","Fyn"
0.000146788952799397,1.65445066256316,0.919,0.624,1,"13","Lyst"
0.00014793724594114,1.3158436941746,0.317,0.098,1,"13","Dnase1l1"
0.000159361336789448,2.32451674473857,0.619,0.201,1,"13","Slfn5"
0.00016463100919427,2.60394123305251,0.587,0.132,1,"13","Unc119b"
0.000165616450075401,1.84095150254584,0.727,0.292,1,"13","Junb"
0.000165957610621841,1.40195008641785,0.643,0.268,1,"13","Pepd"
0.000171250292836514,2.23366758807754,0.433,0.112,1,"13","Kcnip3"
0.000171250292836514,1.44291600969667,0.375,0.103,1,"13","C9orf72"
0.000174913247056811,0.940912602041131,0.828,0.518,1,"13","Arpc5l"
0.000179233938008519,1.03902594375843,0.772,0.474,1,"13","Tet2"
0.000179233938008519,0.964998536035317,0.689,0.423,1,"13","Zfp398"
0.000185944507009756,4.37325873631515,0.26,0.014,1,"13","Dbn1"
0.000189829652902906,1.33746784173679,0.809,0.398,1,"13","Filip1l"
0.000192800747107738,1.10738929827032,0.524,0.245,1,"13","Tmem229b"
0.000207417865557772,1.81005538367422,0.706,0.254,1,"13","Adgre5"
0.000207417865557772,1.17235612408434,0.668,0.338,1,"13","Piezo1"
0.000210645292015372,1.2806249765454,0.761,0.388,1,"13","Nadk"
0.000211782829019548,1.51024134910545,0.828,0.442,1,"13","Limd1"
0.000212795220764791,3.0949768724357,0.357,0.049,1,"13","Gm9844"
0.000213030581871117,2.8256666883937,0.614,0.105,1,"13","Rubcnl"
0.000214728844758092,1.51243446638155,0.303,0.072,1,"13","Metrnl"
0.000216583758413145,0.886650958221593,0.835,0.591,1,"13","Ptpn6"
0.000219681500784011,1.26449743306814,0.323,0.119,1,"13","Vps9d1"
0.000223488623100976,3.18978071360746,0.387,0.067,1,"13","Rtl8b"
0.000225781337626028,2.1882710019313,0.603,0.205,1,"13","Cd244a"
0.000236062656678725,0.671150870474774,0.534,0.271,1,"13","Vamp3"
0.000238039315765379,1.16567079570245,0.605,0.261,1,"13","Cnp"
0.000247183041183052,0.630112572916828,0.611,0.396,1,"13","Polb"
0.000247324868175155,1.86259902232951,0.626,0.229,1,"13","Cyb561a3"
0.000247351015443673,0.998673160424734,0.789,0.524,1,"13","Sdccag8"
0.000247731625553988,2.32061661901444,0.38,0.08,1,"13","Prkab2"
0.000249439082291502,1.696639706103,0.602,0.198,1,"13","Rnf144b"
0.00025031506818679,1.17847777552145,0.6,0.307,1,"13","Trit1"
0.000253976368838715,2.97399593829616,0.286,0.03,1,"13","Pik3r6"
0.000253976368838715,4.23430741489323,0.247,0.016,1,"13","Hspa1a"
0.000253976368838715,7.65965292857201,0.204,0.002,1,"13","Adam23"
0.000265359881104757,2.3060866624091,0.374,0.077,1,"13","BC147527"
0.000265958232596289,1.61369700841092,0.455,0.16,1,"13","Slc25a25"
0.000271775124151387,1.32811561295603,0.668,0.279,1,"13","Ncf4"
0.000272621272620541,2.94314984357812,0.299,0.04,1,"13","Tubb6"
0.00028181401559671,1.14192335606664,0.479,0.216,1,"13","Akr7a5"
0.000284434653971968,0.926345354403651,0.671,0.378,1,"13","Abhd17a"
0.000287451052484863,1.92310705447681,0.775,0.291,1,"13","Slc9a7"
0.000287915237013123,1.31728533275527,0.619,0.26,1,"13","Akna"
0.000290954029067875,3.37447779728071,0.502,0.049,1,"13","Rasgrp3"
0.000291142766402872,1.93545077925232,0.487,0.144,1,"13","Tmem150b"
0.000297152855036523,1.27433078847417,0.68,0.429,1,"13","Map4k5"
0.000313372273595464,0.783607743973634,0.936,0.713,1,"13","Rrbp1"
0.000321663254575344,1.09285694691536,0.776,0.451,1,"13","Prkcd"
0.00032395735452503,0.988709199040762,0.531,0.234,1,"13","Edem1"
0.000333633537993949,0.999823979046687,0.799,0.493,1,"13","Pik3ap1"
0.000335980310288841,0.660523295864784,0.776,0.558,1,"13","Chmp2a"
0.000342344280581475,1.62544511599088,0.83,0.427,1,"13","Samd9l"
0.000349273134620067,0.962887082137179,0.701,0.468,1,"13","Antxr2"
0.000379670866615851,0.889308520934142,0.783,0.527,1,"13","Srgap2"
0.000382503852016372,1.0598474913407,0.893,0.531,1,"13","Prex1"
0.000385443301223205,0.816653544196658,0.694,0.417,1,"13","Cs"
0.000390631020728622,1.55996887371246,0.485,0.197,1,"13","Setdb2"
0.000392923958084362,1.0305249841835,0.761,0.416,1,"13","Inpp4b"
0.000408487215999557,3.8718142656101,0.231,0.01,1,"13","Clec2g"
0.000412260149841281,1.49687782522715,0.663,0.266,1,"13","Irak2"
0.000421004901925356,0.405383264838411,0.855,0.645,1,"13","Uqcrq"
0.000425381982375573,3.68813263958811,0.273,0.024,1,"13","Ccr5"
0.000432580593990982,2.77087835463962,0.423,0.042,1,"13","Pqlc2"
0.00044019399422835,1.17246017572944,0.355,0.126,1,"13","Cpeb2"
0.000445169399891661,1.04637491011939,0.475,0.223,1,"13","Hk2"
0.000451935861289588,0.725954803382436,0.502,0.276,1,"13","Fgd3"
0.000460755545961346,0.74182206796589,0.769,0.513,1,"13","Prelid1"
0.000475763700664365,1.4870454794325,0.619,0.25,1,"13","Trpv2"
0.00047938830231293,1.94929660634476,0.662,0.334,1,"13","Cldnd1"
0.000492121991744169,1.03902861874881,0.828,0.601,1,"13","Bst2"
0.000494324738147379,7.80353942787087,0.224,0,1,"13","Prss30"
0.000494324738147379,3.39196908772426,0.248,0.027,1,"13","L1cam"
0.000494324738147379,2.5203802587259,0.236,0.021,1,"13","Cd80"
0.00051371319101694,0.817705576056345,0.617,0.393,1,"13","Arhgap39"
0.00051968980425653,0.519872098137419,0.732,0.472,1,"13","Mkrn1"
0.000531049434946248,1.23051492752512,0.473,0.129,1,"13","Itpripl2"
0.000535465262829823,1.41728955080847,0.253,0.046,1,"13","Sult1a1"
0.000546509094256865,1.13228956815692,0.783,0.43,1,"13","Gpsm3"
0.000546630694102869,1.97095116361506,0.606,0.191,1,"13","Disc1"
0.000554482375730557,1.75630336336294,0.565,0.241,1,"13","Grk5"
0.000559146910442984,0.524109436084356,0.873,0.632,1,"13","Cox6a1"
0.00056923381624287,2.97939806192902,0.389,0.029,1,"13","Cd83"
0.000573454864114839,1.54810972090209,0.409,0.165,1,"13","Susd3"
0.000573571409588664,0.616143090277971,0.809,0.606,1,"13","Efr3a"
0.000577552282804455,0.872062226471648,0.87,0.629,1,"13","Ncoa1"
0.000591147677930812,1.36133356474654,0.749,0.407,1,"13","Hlcs"
0.00059368740625347,1.09229366990814,0.793,0.498,1,"13","Cnih4"
0.000593933680545346,1.34396438355426,0.417,0.181,1,"13","Creld2"
0.000599927758496063,3.49551569823177,0.435,0.037,1,"13","H2-DMb2"
0.000604127744876018,1.1516147462189,0.628,0.299,1,"13","Fes"
0.000605802112058507,2.37127031829547,0.256,0.048,1,"13","Cdon"
0.000625679629070508,0.712963661883257,0.769,0.48,1,"13","Scamp2"
0.000653303846169581,3.34190296960066,0.361,0.037,1,"13","Trim7"
0.000654566822596341,2.78935426336364,0.337,0.05,1,"13","Ryr1"
0.000679684241276661,0.879486057376758,0.579,0.362,1,"13","Sp140"
0.000683678701467716,0.628829663391394,0.73,0.492,1,"13","Dctn3"
0.000689310139641836,1.77196223111477,0.242,0.027,1,"13","Asb2"
0.000708032308198582,0.980892471061065,0.639,0.327,1,"13","Gmip"
0.000728129906500982,1.29101169805741,0.608,0.259,1,"13","Bin1"
0.000749115789481382,3.98309114249932,0.247,0.015,1,"13","Rtn4rl1"
0.000770753602615873,1.99582800951887,0.453,0.052,1,"13","Cacna1e"
0.000774999807506956,0.522100663282765,0.818,0.609,1,"13","Taf10"
0.000786309642017149,0.389979232068892,0.783,0.58,1,"13","Tomm22"
0.000801224492498474,0.713894003318753,0.847,0.615,1,"13","Elf4"
0.000807771084444665,0.675485122242885,0.726,0.517,1,"13","Sp110"
0.000820374137170268,0.636790830843463,0.603,0.358,1,"13","Rbbp8"
0.000821599745915036,1.1252491097179,0.694,0.363,1,"13","Cdc42se1"
0.000832217860099592,0.868306229864405,0.737,0.368,1,"13","Usp12"
0.000835669386293164,1.18777255721016,0.724,0.25,1,"13","Ncf1"
0.000871872962212427,1.20241708822524,0.544,0.264,1,"13","Sigmar1"
0.000895287564814663,2.80011359857381,0.328,0.051,1,"13","Snx21"
0.00089846471556611,0.527352821671082,0.515,0.299,1,"13","Soat1"
0.000945460325656862,0.949417358080268,0.786,0.464,1,"13","Flna"
0.000953362814751275,3.98955078743781,0.285,0.01,1,"13","Gdpd5"
0.00103019242394318,1.12307730294349,0.554,0.262,1,"13","B4galt5"
0.00103019242394318,0.929538646049843,0.487,0.232,1,"13","Rnf19b"
0.00105629509237929,1.31354067451819,0.591,0.264,1,"13","Itgal"
0.00112526312898321,1.50784659374881,0.531,0.205,1,"13","Lpcat1"
0.00115030869679154,0.64180831417161,0.821,0.583,1,"13","Tent2"
0.00115431497595986,2.7703005345595,0.27,0.044,1,"13","Phf11c"
0.00116284725639468,2.33202243007501,0.342,0.072,1,"13","Zc3h12d"
0.00117282936759167,1.27018698848398,0.867,0.524,1,"13","Kdm7a"
0.00118779437091239,0.418176438287602,0.723,0.464,1,"13","Tmem134"
0.00119075138247812,1.49676439468498,0.338,0.097,1,"13","P2rx7"
0.00120198665877105,0.999569165376127,0.573,0.303,1,"13","Tmem219"
0.00120551334678896,1.44890404532018,0.73,0.371,1,"13","Ddhd1"
0.00121597624592354,2.30012462746023,0.311,0.067,1,"13","Rogdi"
0.00126279177419525,1.93094416053678,0.312,0.077,1,"13","Dusp10"
0.00126316356196047,0.269755237843476,0.596,0.3,1,"13","Frmd4b"
0.00129020947987973,1.41684702359484,0.582,0.272,1,"13","Eps8"
0.00132712827383499,0.965771763031064,0.956,0.704,1,"13","Lrch1"
0.00135340313229999,2.04176569637792,0.423,0.179,1,"13","Ms4a6b"
0.00135444396905321,0.832027809679825,0.57,0.284,1,"13","Ccdc124"
0.00135641577610399,1.44526886713308,0.562,0.267,1,"13","Arhgap31"
0.00135838914395553,0.96803969750548,0.842,0.557,1,"13","Jpt1"
0.00135941523653919,1.14244590506354,0.668,0.337,1,"13","Abca3"
0.0013949166067581,2.70698505343838,0.435,0.131,1,"13","Irf7"
0.00140377083880722,1.02368264399026,0.631,0.355,1,"13","Zmiz2"
0.00144396833162701,0.879031796700416,0.668,0.412,1,"13","Sbno2"
0.00152609777499176,0.492090167606096,0.711,0.508,1,"13","Erp44"
0.00153926372395815,0.911912776726504,0.749,0.406,1,"13","Anxa1"
0.0015438335291204,0.854672639051103,0.908,0.674,1,"13","Gng2"
0.00156844205471176,1.54883741982132,0.444,0.16,1,"13","Tmem184b"
0.0015962656644409,0.8307320607115,0.704,0.424,1,"13","Nt5c"
0.00161424824339951,0.372636491575928,0.583,0.323,1,"13","Leprot"
0.00161799272142542,0.715847325217512,0.492,0.262,1,"13","Kif3b"
0.00162185686626166,1.39240787650468,0.692,0.339,1,"13","Mindy3"
0.00162516103813118,1.91572478029394,0.577,0.269,1,"13","Fdps"
0.0016738819231041,0.308666243159723,0.565,0.361,1,"13","Surf4"
0.00167928864587346,2.36247984719366,0.355,0.076,1,"13","Sh2b2"
0.00170067643120876,0.238717476112192,0.723,0.51,1,"13","Sdhd"
0.0017018531740216,0.809335388162304,0.778,0.51,1,"13","Cpne3"
0.0017018531740216,0.597708084844653,0.729,0.484,1,"13","Csnk2b"
0.0017292498886673,0.916533220655843,0.894,0.522,1,"13","Prcp"
0.00173626102771348,2.3827113006414,0.608,0.163,1,"13","Kynu"
0.00177015415316756,0.665478659981343,0.836,0.573,1,"13","Srsf9"
0.00182115594147873,0.473451920264184,0.859,0.655,1,"13","Dbi"
0.00182346989838934,7.68742923985305,0.259,0.001,1,"13","Cd300lg"
0.00182346989838934,2.90972429117469,0.237,0.025,1,"13","Phf11d"
0.00182927437313978,0.388195700259856,0.757,0.512,1,"13","M6pr"
0.00185464153149177,1.42317218539266,0.634,0.253,1,"13","Hps5"
0.00187319782559045,0.99096775069595,0.804,0.426,1,"13","Nedd9"
0.00187467050790705,0.725024180186518,0.798,0.466,1,"13","Plek"
0.00192518238329901,2.24405955931185,0.559,0.193,1,"13","5730522E02Rik"
0.00196646331918832,0.194033707795463,0.64,0.336,1,"13","Epn1"
0.00197065894061071,0.853833931855907,0.674,0.449,1,"13","Got2"
0.00200295207318357,1.06300524391549,0.616,0.348,1,"13","Stx17"
0.00211420410114474,0.976424638558842,0.511,0.255,1,"13","Lactb"
0.00211817542780841,1.55696205174389,0.636,0.321,1,"13","Sdad1"
0.0022082218760606,0.925621416514523,0.858,0.624,1,"13","Rin3"
0.00221311890111319,0.85151693124749,0.792,0.575,1,"13","Pycard"
0.00227360413622206,2.14317673056078,0.528,0.19,1,"13","Ass1"
0.00227934226913856,0.565697763371902,0.652,0.41,1,"13","Pold4"
0.00231175470342758,1.12697962306184,0.939,0.699,1,"13","Tacc1"
0.00235489563017121,2.68055112409639,0.268,0.047,1,"13","Sh3pxd2b"
0.00239459197266362,3.3778521995072,0.294,0.014,1,"13","Rab30"
0.00243154118152153,0.412316664614227,0.674,0.459,1,"13","Snf8"
0.0024561692421024,1.51768702103336,0.364,0.077,1,"13","Dusp3"
0.00247959593469847,1.16487948498179,0.436,0.178,1,"13","Nabp1"
0.00254062944710105,1.31542573422753,0.724,0.405,1,"13","Herpud1"
0.00259872867690759,0.641309987928286,0.668,0.434,1,"13","Cnpy3"
0.00265062836085567,1.64535734967346,0.435,0.192,1,"13","Mospd1"
0.00265123287776696,1.82383269195427,0.371,0.11,1,"13","Gm20275"
0.00273226389475464,0.100719285276836,0.727,0.476,1,"13","Atp6ap2"
0.00274924146305666,0.84546493851728,0.851,0.605,1,"13","Lrch3"
0.00276674467891838,3.59860718582727,0.274,0.027,1,"13","Hspa1b"
0.00289929996542719,0.483332322954111,0.714,0.501,1,"13","Ndufs8"
0.0029385546042466,1.23241629433372,0.622,0.251,1,"13","Necap2"
0.00296446539164539,1.18413496295041,0.686,0.412,1,"13","Birc3"
0.00298476690522574,1.52149942568969,0.378,0.132,1,"13","Gpr18"
0.00299305787876662,0.604764495672173,0.732,0.494,1,"13","Ppp1r2"
0.00299420959740326,0.562570861601231,0.643,0.426,1,"13","Rnpep"
0.00303144247098776,0.859976957013033,0.634,0.387,1,"13","Dnajb11"
0.00310173550047147,2.71088319191524,0.259,0.017,1,"13","Gm35154"
0.00311683442133684,0.808167804921336,0.809,0.48,1,"13","Wdr1"
0.00313784474880997,1.13314520488265,0.657,0.393,1,"13","Chn2"
0.00315397296437035,1.00762486032061,0.469,0.216,1,"13","Hint3"
0.00317481115198725,0.267602459335079,0.536,0.333,1,"13","Clptm1l"
0.00317722547808563,1.71398177837078,0.496,0.222,1,"13","Ifi27l2a"
0.00322274037037513,2.07378336393317,0.297,0.066,1,"13","Slc37a3"
0.0032381853687707,1.54314672972539,0.787,0.333,1,"13","9930111J21Rik2"
0.00334115814277064,1.62761756519366,0.45,0.137,1,"13","Rara"
0.00334160055055204,1.023692291775,0.45,0.201,1,"13","Tdrd7"
0.00346244582563732,6.61110557763794,0.228,0.004,1,"13","Upb1"
0.0034756150062782,2.55944027536667,0.311,0.054,1,"13","Gm13561"
0.00351083228863658,0.565399325118459,0.884,0.677,1,"13","Dnajc7"
0.00352887498603203,0.952587393032216,0.449,0.223,1,"13","Larp1b"
0.00356552861679157,1.60551006617251,0.538,0.182,1,"13","Elmo2"
0.00358193303641662,2.71263895120977,0.277,0.057,1,"13","Traf1"
0.00358844108544818,0.602103692313535,0.744,0.505,1,"13","Ikbkb"
0.00359715934214672,0.974945477991636,0.41,0.194,1,"13","Dennd4b"
0.00370387496554832,0.432528297178829,0.744,0.452,1,"13","Hexb"
0.00370463528135971,2.3690727362588,0.288,0.042,1,"13","Ccr9"
0.00371111707431435,1.97287231006913,0.368,0.098,1,"13","5830428M24Rik"
0.00377302210336239,1.19272215715866,0.619,0.274,1,"13","Pacs2"
0.00385998969900159,0.522266733710927,0.715,0.438,1,"13","Selenos"
0.00387912791449898,0.822412930038684,0.648,0.39,1,"13","Pafah1b3"
0.00395712412449446,0.836866310590714,0.732,0.446,1,"13","Cdk2ap2"
0.00419228184551993,0.947970012881026,0.68,0.431,1,"13","Map3k14"
0.00421144240804696,1.34621859182354,0.421,0.154,1,"13","Ctnnbip1"
0.00426114786358751,1.20814120085916,0.583,0.307,1,"13","Dlgap4"
0.00427641358460547,1.32570874794683,0.476,0.193,1,"13","Pmvk"
0.00435725056599419,0.711413087094919,0.848,0.625,1,"13","Sri"
0.00445255282990367,0.518537025026388,0.652,0.431,1,"13","Spg21"
0.00450286869678316,0.329615563832221,0.743,0.522,1,"13","Higd2a"
0.00470522923155586,1.53831968876186,0.551,0.207,1,"13","Casp6"
0.0047428522519815,0.711417150077487,0.798,0.519,1,"13","Rab11a"
0.00483598338404318,1.15875105179114,0.381,0.164,1,"13","Lipe"
0.00486052912088664,1.10008769993031,0.911,0.696,1,"13","Jarid2"
0.00499554137384752,1.03827918295215,0.703,0.389,1,"13","Coro1c"
0.00501573121969698,1.0623226110998,0.502,0.243,1,"13","Abcd1"
0.0050216802633488,0.723058618977091,0.861,0.623,1,"13","Mbd2"
0.00520755777107853,0.529225381045703,0.802,0.596,1,"13","Jund"
0.00536764379140926,1.0300042054996,0.801,0.534,1,"13","Cdc14a"
0.00547336937259712,0.390160603816978,0.666,0.371,1,"13","Rhog"
0.0055355507592206,0.935752363872538,0.515,0.284,1,"13","Sap30"
0.00558794943537328,1.83536027407359,0.282,0.072,1,"13","Fgr"
0.00573480192203463,0.602479448625499,0.666,0.43,1,"13","Klf3"
0.00582342919676408,1.17480285755715,0.778,0.536,1,"13","Trps1"
0.0058671832509244,2.00975522491006,0.397,0.087,1,"13","Cdc42bpb"
0.00608190051894792,1.27971277359089,0.343,0.14,1,"13","Arhgef40"
0.00632912246988832,0.655750767225387,0.511,0.311,1,"13","Cklf"
0.00640124019583468,0.747208714861721,0.718,0.477,1,"13","Cep128"
0.00641392813245196,0.292044327282805,0.361,0.125,1,"13","Plxnb2"
0.00653556966225465,3.43208686784944,0.23,0.015,1,"13","0610040J01Rik"
0.00653556966225465,3.37058978697397,0.224,0.012,1,"13","Dnase1l3"
0.00662856904474099,0.649768635323896,0.545,0.282,1,"13","Fam102b"
0.0066314120232215,1.03670365014189,0.735,0.505,1,"13","Tiam1"
0.00667652511817133,0.928527290779423,0.441,0.233,1,"13","Pgs1"
0.0067035329210355,2.25359971515673,0.296,0.064,1,"13","Mmp28"
0.00692515149904174,2.88644823072569,0.271,0.044,1,"13","St8sia1"
0.00695199334392252,0.569292041731711,0.605,0.35,1,"13","Rasa4"
0.0069756882738123,0.404594711526154,0.666,0.433,1,"13","Ap2a2"
0.00710165422317167,0.604532902292238,0.553,0.336,1,"13","Glrx"
0.00712652673140531,0.623854512097991,0.701,0.48,1,"13","Cyb5r4"
0.00716492611124253,1.70200823542432,0.28,0.054,1,"13","E330020D12Rik"
0.00743617813814549,1.1823351106013,0.511,0.197,1,"13","Sh3pxd2a"
0.00787890548330073,3.21784949661759,0.315,0.034,1,"13","Icosl"
0.00802236531165238,1.123347989496,0.631,0.348,1,"13","Mvb12a"
0.00822731850598848,0.466935117030518,0.738,0.488,1,"13","Rpn1"
0.00825279559821023,0.325296597415381,0.588,0.379,1,"13","Akirin1"
0.00832994582026382,1.1463614483728,0.634,0.286,1,"13","Tor1a"
0.00836866211769682,1.58220875999253,0.441,0.127,1,"13","Siglecg"
0.00864773855347255,1.0896679631881,0.721,0.484,1,"13","Cers6"
0.00865596935582325,1.31749621979759,0.421,0.157,1,"13","Myd88"
0.00872592121676472,1.44327809205936,0.597,0.207,1,"13","Sorl1"
0.0088084498093804,0.23937767682502,0.828,0.543,1,"13","Cd53"
0.00895293427079155,1.34039137506522,0.703,0.343,1,"13","Gm20559"
0.00931190964179728,0.605056545326316,0.476,0.244,1,"13","Acaa1a"
0.0095486781370962,0.796090825483177,0.658,0.439,1,"13","Fem1c"
0.00955481667708726,0.829469600083786,0.55,0.293,1,"13","Derl2"
0.00956158560685006,0.275867335382269,0.625,0.349,1,"13","Ap3s1"
0.00958979382127259,0.989871536528536,0.649,0.392,1,"13","Osbpl3"
0.00981619874790355,2.79532273756595,0.237,0.015,1,"13","Sowahc"
0.00989715877135787,1.46756636166013,0.4,0.134,1,"13","Vhl"
0.0099063116459495,0.640663546505643,0.519,0.298,1,"13","Mtmr1"
0.00996536719537657,0.828105242352804,0.533,0.301,1,"13","Klhl18"
3.31010871134201e-20,6.95292547802372,0.944,0.035,1.06866859745677e-15,"14","Pparg"
7.58843489051492e-19,6.50313124911588,0.977,0.045,2.44992620440274e-14,"14","Mertk"
1.69074203612527e-18,6.74670822061165,0.89,0.045,5.45856066363044e-14,"14","Ptprm"
2.87282093207398e-18,4.42249426379007,0.978,0.41,9.27490237920084e-14,"14","Slc8a1"
5.06446853137322e-18,3.45516753566526,0.906,0.134,1.63506366535384e-13,"14","Bank1"
8.10143339996517e-18,5.70600434335129,0.984,0.295,2.61554777317875e-13,"14","Frmd4b"
9.952732705308e-18,5.52110327383619,0.868,0.04,3.21323975390869e-13,"14","Pid1"
1.61998621543738e-17,6.91990404566629,0.953,0.051,5.23012549653958e-13,"14","Dock4"
4.47768594548795e-17,4.38187516016117,0.968,0.507,1.44562090750078e-12,"14","Myo9a"
7.17954503136928e-17,3.71687388103693,0.939,0.132,2.31791611337757e-12,"14","Maf"
7.38878456465928e-17,5.06529985257012,0.897,0.157,2.38546909670025e-12,"14","Tmcc3"
8.03181399158828e-17,3.2108003135542,0.96,0.501,2.59307114718428e-12,"14","Hdac9"
9.33438823398977e-17,4.48827803585252,0.827,0.05,3.0136072413436e-12,"14","Adgre4"
1.27845379088327e-16,4.77691111950098,0.858,0.051,4.12748806386664e-12,"14","Cadm1"
1.38463922435949e-16,3.87581748213968,0.968,0.577,4.47030773584462e-12,"14","Tcf7l2"
2.09930364082653e-16,4.58994593755966,0.759,0.024,6.77760180440846e-12,"14","Tmem26"
2.81997473787141e-16,5.77500823309016,0.823,0.028,9.10428844121785e-12,"14","Adap2"
5.21546333460916e-16,3.49939383684775,0.986,0.162,1.68381233757857e-11,"14","Mrc1"
5.7922292869646e-16,6.00949114297868,0.867,0.021,1.87002122529652e-11,"14","Slc1a3"
6.16477104594565e-16,5.3641617286272,0.859,0.046,1.99029633218355e-11,"14","Pdgfc"
6.50627995434555e-16,3.45750758323836,0.894,0.098,2.10055248326046e-11,"14","Mafb"
7.56773567797922e-16,3.77223392820498,0.96,0.532,2.44324346363559e-11,"14","Slc9a9"
8.19226603818951e-16,3.28528086834676,0.987,0.701,2.64487309042948e-11,"14","Zeb2"
8.76412998722663e-16,2.83851121417657,0.836,0.117,2.82949936637612e-11,"14","Hpgd"
9.00231154536468e-16,5.70381654289281,0.879,0.068,2.90639628242099e-11,"14","E230029C05Rik"
9.86961721370804e-16,3.67120560806701,0.867,0.099,3.18640591744564e-11,"14","Spic"
1.10961262368702e-15,5.37648473548404,0.894,0.132,3.58238435557353e-11,"14","Glis3"
2.95408504162527e-15,3.92213636636784,0.816,0.053,9.5372635568872e-11,"14","Col14a1"
4.59311926869629e-15,5.73224835631025,0.791,0.039,1.4828885558986e-10,"14","Gm13710"
8.19457487413109e-15,2.62533727135866,0.941,0.7,2.64561849811322e-10,"14","Camk2d"
8.57263233605515e-15,3.28037986404722,0.977,0.199,2.7676743496954e-10,"14","Slc40a1"
1.00316797241124e-14,3.72811962898257,0.796,0.125,3.23872779892968e-10,"14","Slc7a8"
1.18741021794749e-14,2.90442236746655,0.955,0.693,3.83355388864348e-10,"14","Fmnl2"
1.23614228998415e-14,3.71671429989196,0.867,0.318,3.99088538321382e-10,"14","Rgl1"
1.29413539033538e-14,3.48407994896505,0.881,0.407,4.17811610769777e-10,"14","Sash1"
1.7281774208379e-14,3.99304028845578,0.885,0.322,5.57942080317516e-10,"14","Mitf"
1.89000304127932e-14,3.54709297495068,0.883,0.448,6.10187481877028e-10,"14","Zswim6"
2.15961777805466e-14,7.06180257961657,0.841,0.014,6.97232599644947e-10,"14","Samd4"
3.31276277835537e-14,3.21776076266789,0.953,0.346,1.06952546299203e-09,"14","Sirpa"
4.17952421221443e-14,3.01982662943266,0.993,0.209,1.34935939191343e-09,"14","Vcam1"
4.34453884319083e-14,2.98121101695372,0.91,0.422,1.40263436552416e-09,"14","Ctsc"
4.54960253049536e-14,5.6727100773838,0.649,0.027,1.46883917697043e-09,"14","Fmn1"
6.38138753986307e-14,8.08039657066263,0.728,0.01,2.06023096724479e-09,"14","Dlc1"
6.7079622438896e-14,3.6957743818572,0.917,0.459,2.16566561043976e-09,"14","Dip2c"
6.99712276500003e-14,3.78255780600648,0.93,0.514,2.25902108468026e-09,"14","Wdfy3"
7.35435521902806e-14,1.77429363494582,0.795,0.167,2.37435358246321e-09,"14","Mpeg1"
8.98103312329694e-14,4.14785899246158,0.895,0.227,2.89952654385642e-09,"14","Myo10"
9.61089447178362e-14,4.83993167148566,0.823,0.069,3.10287728021534e-09,"14","Galnt3"
9.74375005186066e-14,3.49341992775909,0.894,0.125,3.14576970424321e-09,"14","Igf1"
1.03445131116357e-13,2.51697030173225,0.932,0.172,3.33972605809159e-09,"14","Axl"
1.84822816550381e-13,6.4361313245096,0.703,0.024,5.96700463232905e-09,"14","Sgip1"
2.19861239845718e-13,2.46850038771834,0.928,0.172,7.098220128419e-09,"14","Lgmn"
2.43360464017774e-13,4.51949735969652,0.852,0.049,7.85689258081384e-09,"14","Dse"
2.99223152605359e-13,3.4874654697976,0.858,0.077,9.66041948186402e-09,"14","Adgre1"
3.24204139652402e-13,3.60500249339413,0.908,0.399,1.04669306486778e-08,"14","Abcg3"
3.74708764284211e-13,4.95669030089352,0.76,0.027,1.20974724549158e-08,"14","Sema6d"
4.88673104153868e-13,3.14746652417009,0.699,0.047,1.57768111676076e-08,"14","Clec4a1"
5.94792822631491e-13,7.77993421882248,0.681,0.012,1.92028862786577e-08,"14","Ank2"
6.7398203624361e-13,3.09942717527175,0.895,0.096,2.1759510040125e-08,"14","Ccr3"
7.75315032949286e-13,4.57331442036673,0.879,0.246,2.50310458387677e-08,"14","Snx24"
7.85011981813082e-13,2.65491627096337,0.926,0.673,2.53441118328354e-08,"14","Gab2"
8.68644531552046e-13,1.73052431594675,0.914,0.198,2.80441887011578e-08,"14","C1qa"
8.68644531552046e-13,2.61542369361696,0.712,0.262,2.80441887011578e-08,"14","Cpeb4"
9.64437622687655e-13,3.79764970294432,0.76,0.061,3.11368686484709e-08,"14","Gfra2"
1.17065443304018e-12,2.861701575745,0.863,0.516,3.77945783707022e-08,"14","Dst"
1.20664382826997e-12,3.37998220532411,0.677,0.058,3.89564959956959e-08,"14","Pilra"
1.24990370850152e-12,3.82155315321859,0.705,0.046,4.03531412289716e-08,"14","Ifi207"
1.2830063312097e-12,2.76788303529118,0.856,0.279,4.14218594031052e-08,"14","Actn1"
1.66912312563726e-12,3.79701282413502,0.8,0.054,5.38876401111988e-08,"14","March1"
1.74196580586503e-12,3.24758125686521,0.645,0.042,5.62393660423526e-08,"14","Paqr9"
2.28125028436056e-12,3.60293908143407,0.807,0.218,7.36501654305807e-08,"14","Epb41l3"
2.51691671473106e-12,1.99599481540409,0.928,0.233,8.12586561350923e-08,"14","Hmox1"
3.19758823760438e-12,3.33343617121347,0.75,0.171,1.03234136251057e-07,"14","Tlr4"
3.98409133192312e-12,6.33628785484571,0.679,0.01,1.28626388651138e-07,"14","Kcnk13"
4.60441442420563e-12,3.30312230243142,0.832,0.321,1.48653519685479e-07,"14","Slc16a10"
4.83373144174356e-12,3.09208806822413,0.832,0.423,1.56057019596691e-07,"14","Arap2"
4.85207499771209e-12,1.90368337216921,0.807,0.124,1.56649241301135e-07,"14","Cd5l"
5.2093988655893e-12,3.68831924853312,0.832,0.262,1.68185442375551e-07,"14","Snx25"
5.48647512933061e-12,4.26799025144855,0.705,0.066,1.77130849550439e-07,"14","Fgr"
7.04791080037995e-12,3.37858775854674,0.685,0.138,2.27541800190267e-07,"14","Lima1"
7.29245137931944e-12,2.34112164283023,0.935,0.401,2.35436792781328e-07,"14","Marcks"
8.13244978582538e-12,3.75217598970234,0.903,0.076,2.62556141335372e-07,"14","Itgad"
9.09311500308051e-12,3.63434707467558,0.668,0.063,2.93571217874454e-07,"14","Abcc3"
9.36006558358047e-12,4.01180003506918,0.759,0.068,3.02189717365895e-07,"14","Slco2b1"
9.68102359466524e-12,4.39269328166174,0.618,0.042,3.12551846753767e-07,"14","Nrp1"
1.12687831773986e-11,3.78319536476441,0.719,0.13,3.63812664882312e-07,"14","Slc7a7"
1.1804437263693e-11,2.80289219407748,0.944,0.717,3.81106257058328e-07,"14","Ptprj"
1.39853307007748e-11,2.46217468722525,0.829,0.584,4.51516401674514e-07,"14","Tent2"
1.47531669063371e-11,2.45505247337063,0.629,0.095,4.76305993571093e-07,"14","Cd302"
1.67260693782533e-11,1.97309147482129,0.888,0.411,5.40001149876906e-07,"14","Trf"
1.70671988204982e-11,1.94319163573902,0.879,0.456,5.51014513919786e-07,"14","Sat1"
1.74271880138494e-11,3.74631013522449,0.778,0.175,5.62636765027129e-07,"14","Cd86"
1.75593039586143e-11,2.16191314987523,0.928,0.189,5.66902128303863e-07,"14","Sdc3"
1.77843204632105e-11,1.92500118270395,0.903,0.64,5.74166786154751e-07,"14","Glul"
1.78778755439095e-11,3.91308422872801,0.802,0.23,5.77187211935117e-07,"14","Itga9"
1.87946355178609e-11,2.74028338384301,0.634,0.177,6.06784807694139e-07,"14","Rassf4"
2.23745660737269e-11,2.68374865753763,0.737,0.433,7.22362865690273e-07,"14","Abr"
2.42641006308476e-11,3.0869360676622,0.795,0.311,7.83366488866914e-07,"14","Tmem65"
2.66192585097058e-11,4.5608342057439,0.656,0.029,8.5940276098585e-07,"14","Rims3"
2.69350814011216e-11,3.12712352085671,0.795,0.099,8.6959910303521e-07,"14","Lrp1"
2.80553343944981e-11,4.51121576807187,0.517,0.026,9.0576647092637e-07,"14","Nuak1"
2.80553343944981e-11,4.68718757775783,0.499,0.012,9.0576647092637e-07,"14","Abca9"
4.32622927381052e-11,1.77769198854197,0.962,0.611,1.39672312104973e-06,"14","Ctsb"
4.47129067488408e-11,2.17887231969455,0.823,0.369,1.44355619438632e-06,"14","March3"
4.5556476084164e-11,3.98929219510995,0.795,0.116,1.47079083037724e-06,"14","Hpgds"
4.64357136114236e-11,2.92147093976482,0.845,0.414,1.49917701394481e-06,"14","Gna12"
4.9889565264264e-11,4.15598348351207,0.528,0.071,1.61068461455676e-06,"14","Epb41l1"
5.11615319277069e-11,3.03732122074576,0.674,0.071,1.65175005828602e-06,"14","Cd38"
5.24821181129383e-11,1.54333796934149,0.753,0.259,1.69438518327621e-06,"14","Pld3"
5.67415517315135e-11,3.36332373025024,0.854,0.295,1.83190099765191e-06,"14","Abca1"
5.76234291122162e-11,3.03332776375111,0.814,0.359,1.8603724088879e-06,"14","Fam129a"
5.98698308181357e-11,4.14203622662132,0.632,0.018,1.93289748796351e-06,"14","Stab2"
6.21225449061668e-11,2.80941398904069,0.867,0.102,2.0056263622956e-06,"14","Lpl"
6.31993280822704e-11,4.35372565774296,0.631,0.017,2.0403903071361e-06,"14","Vstm4"
6.6709705895626e-11,4.14288020583652,0.625,0.051,2.15372285484028e-06,"14","Trpm2"
7.28027547813073e-11,3.68028551019631,0.732,0.18,2.35043693811451e-06,"14","Thrb"
8.2434892214321e-11,3.34138901661023,0.923,0.511,2.66141049513935e-06,"14","Wwp1"
9.31887373497098e-11,2.95713159027117,0.683,0.047,3.00859838533538e-06,"14","Kcnj10"
9.78016144713053e-11,2.88233028889572,0.769,0.295,3.15752512320609e-06,"14","Lmbrd2"
1.01536230660756e-10,4.22709567477846,0.649,0.043,3.27809720688251e-06,"14","Pgap1"
1.08160787273826e-10,3.80536711180612,0.786,0.175,3.49197101713549e-06,"14","Sbf2"
1.18071308155815e-10,2.58614651065243,0.823,0.475,3.81193218381048e-06,"14","Stk17b"
1.23974685570704e-10,3.38616541660309,0.76,0.267,4.00252272365018e-06,"14","Ppfibp2"
1.25931856782547e-10,2.04101321853984,0.793,0.485,4.06570999622453e-06,"14","Cd2ap"
1.28697258331492e-10,3.83344692722245,0.73,0.136,4.15499098523221e-06,"14","Mpzl1"
1.33883129892094e-10,2.80399507414384,0.778,0.323,4.32241684856625e-06,"14","Cd300a"
1.47956870036582e-10,2.40376834432597,0.773,0.324,4.77678754913106e-06,"14","Lipa"
1.60916943894757e-10,4.12200943571276,0.631,0.02,5.19520353364224e-06,"14","Siglec1"
1.67081401013688e-10,3.37116708355288,0.886,0.485,5.39422303172692e-06,"14","Acer3"
1.83719818514527e-10,6.32934861573223,0.517,0.006,5.93139434074149e-06,"14","Gm5820"
1.83719818514527e-10,4.76372382808376,0.517,0.013,5.93139434074149e-06,"14","Fgf1"
1.8886307795688e-10,2.49312484772986,0.661,0.089,6.09744447183788e-06,"14","Csf1r"
1.90023388894476e-10,5.99214480977597,0.548,0.014,6.13490511045816e-06,"14","Gm35154"
1.90620684750059e-10,2.80992997988631,0.768,0.115,6.15418880715566e-06,"14","Ly86"
2.38030371669458e-10,2.68852715203872,0.75,0.383,7.68481054934844e-06,"14","Pikfyve"
2.60280716467053e-10,3.9150014376252,0.65,0.182,8.40316293113881e-06,"14","Anapc15"
2.6749464252421e-10,3.26238821434908,0.569,0.028,8.63606453389411e-06,"14","Kcna2"
2.75033521774308e-10,3.43577757169739,0.778,0.235,8.87945725048353e-06,"14","Atp6v0a1"
2.83081593601766e-10,1.63402888666163,0.786,0.133,9.13928924943301e-06,"14","Fcna"
2.87222533886219e-10,2.60015378546032,0.85,0.536,9.27297950651659e-06,"14","Large1"
2.89153215346514e-10,1.49500870866588,0.823,0.169,9.33531155746221e-06,"14","C1qb"
3.42780147505057e-10,1.70637280057734,0.724,0.133,1.10666570622008e-05,"14","Cybb"
3.80156443033359e-10,2.18161062253826,0.748,0.371,1.2273350763332e-05,"14","Gns"
3.80220506602402e-10,2.83004010597888,0.789,0.422,1.22754190556585e-05,"14","Fam49a"
4.62103593098154e-10,2.13379616081153,0.816,0.532,1.49190145031739e-05,"14","Unc93b1"
4.85671567477754e-10,2.0781583465324,0.811,0.196,1.56799065560193e-05,"14","Cfp"
6.46073734160443e-10,1.53591561280448,0.876,0.582,2.08584905073699e-05,"14","Selenop"
7.34845245796959e-10,1.83295105032459,0.658,0.137,2.37244787605548e-05,"14","Blnk"
7.53828038467211e-10,1.22484124511103,0.854,0.466,2.43373382219139e-05,"14","Fcer1g"
7.60506297975429e-10,1.72167545357097,0.861,0.177,2.45529458301367e-05,"14","C1qc"
8.28554419611376e-10,3.36228004768142,0.49,0.066,2.67498794371533e-05,"14","Ttyh2"
8.7306365139506e-10,1.85467756613802,0.64,0.233,2.81868599852895e-05,"14","Timp2"
9.60966761979538e-10,1.28984942404705,0.659,0.131,3.10248119105094e-05,"14","Aif1"
9.76298438727486e-10,3.7575441796159,0.685,0.183,3.15197950943169e-05,"14","Pde4dip"
1.12215689168096e-09,8.39084025851236,0.609,0.017,3.62288352479198e-05,"14","Dgki"
1.12215689168096e-09,7.14790844477558,0.559,0.013,3.62288352479198e-05,"14","Col19a1"
1.14496781654515e-09,1.76578385842226,0.748,0.471,3.69652859571602e-05,"14","Asah1"
1.14612193289288e-09,3.30143612128762,0.766,0.306,3.70025466034466e-05,"14","Gsap"
1.24319859063764e-09,3.06945288777401,0.661,0.104,4.01366664987361e-05,"14","Hck"
1.2470134248012e-09,1.85048732380865,0.852,0.401,4.02598284197068e-05,"14","Grn"
1.41148941963484e-09,2.01678463581265,0.768,0.246,4.55699359129109e-05,"14","Prkcb"
1.50873723596946e-09,2.67425958886684,0.89,0.535,4.87095816632741e-05,"14","Trps1"
1.9344449578179e-09,2.11621664420096,0.771,0.493,6.24535554631508e-05,"14","Ext1"
2.14155181614129e-09,3.32109811008603,0.688,0.204,6.91400003841215e-05,"14","Pvt1"
2.3810888490089e-09,3.76017212431191,0.701,0.191,7.68734534902522e-05,"14","Slc38a6"
2.39135421582761e-09,2.40563419167745,0.51,0.058,7.72048708579945e-05,"14","Cd300c2"
2.45645184125562e-09,2.43642602456194,0.676,0.284,7.93065476949376e-05,"14","Slc12a2"
2.50256406717304e-09,3.89333756829341,0.535,0.047,8.07952809086817e-05,"14","Gm21188"
2.6295831562079e-09,4.45773908602703,0.622,0.099,8.4896092198172e-05,"14","Rasgef1b"
3.2809086233906e-09,3.96463297556454,0.64,0.025,0.000105924134906166,"14","Kitl"
3.31781665810023e-09,1.51014780298805,0.463,0.066,0.000107115710806766,"14","Ccl6"
3.39304924656724e-09,3.23483642198149,0.741,0.321,0.000109544594925423,"14","Abcc5"
3.48820202360077e-09,3.0365845361574,0.8,0.35,0.000112616602331951,"14","Abhd12"
3.60407122327469e-09,3.12768235930277,0.575,0.068,0.000116357439443423,"14","Slc22a23"
3.81690440523011e-09,3.33312465318204,0.69,0.195,0.000123228758722854,"14","Vav2"
4.05134193078259e-09,2.6100753584152,0.694,0.279,0.000130797574235316,"14","Kif1b"
4.34841505829713e-09,2.52239249895598,0.64,0.291,0.000140388580157123,"14","Man1c1"
4.57281226791762e-09,2.89902792706672,0.609,0.223,0.00014763324406972,"14","Ptk2"
4.6364954704514e-09,2.75906328906512,0.586,0.039,0.000149689256263523,"14","Clec4a3"
4.65596813638353e-09,3.02645698221574,0.883,0.526,0.000150317931283142,"14","Srgap2"
4.69556477817705e-09,2.31040239487937,0.548,0.207,0.000151596308863446,"14","Sec14l1"
4.7034294565301e-09,2.77541913604472,0.62,0.085,0.000151850220004074,"14","Rab3il1"
4.85129181534887e-09,2.42076320640932,0.807,0.551,0.000156623956258538,"14","Vrk2"
5.63492447209681e-09,2.80709533033508,0.679,0.1,0.000181923536581646,"14","Arhgap19"
5.63979823940781e-09,2.39065203212273,0.804,0.463,0.000182080886159281,"14","Slc43a2"
6.32613068336458e-09,1.92680556601319,0.38,0.152,0.000204239129112425,"14","Cd55"
6.56508593739821e-09,3.13746459107222,0.717,0.107,0.000211953799488901,"14","Cd163"
7.13897248515005e-09,2.75655958297473,0.818,0.324,0.000230481726683069,"14","Plcl1"
7.77985788913872e-09,2.92601358038729,0.495,0.044,0.000251172711950844,"14","Sulf2"
8.30688308551026e-09,2.94999264771363,0.613,0.214,0.000268187720415699,"14","Tmem273"
8.79237342525991e-09,2.68266815348732,0.885,0.619,0.000283861776034516,"14","Fyb"
9.13049788445328e-09,2.9736330162103,0.589,0.117,0.000294778124199574,"14","Cpeb3"
9.35936175551467e-09,1.99648690956338,0.568,0.082,0.000302166994276791,"14","Clec4a2"
9.7265958097769e-09,3.39733065036332,0.535,0.086,0.000314023145718647,"14","Aoah"
9.82750700328853e-09,2.69605923848924,0.55,0.036,0.00031728106360117,"14","Slc11a1"
9.8502214241275e-09,2.54059507580175,0.762,0.371,0.000318014398677957,"14","Rbm47"
1.0065486906795e-08,4.2995830470702,0.506,0.043,0.000324964244785878,"14","Tnfrsf11a"
1.03249352452647e-08,4.99583844970899,0.488,0.011,0.000333340534393372,"14","A4galt"
1.09753737549758e-08,1.26277053085217,0.868,0.482,0.000354339941679394,"14","Apoe"
1.26378265012523e-08,3.26426379911955,0.485,0.025,0.000408012228592932,"14","Pla2g7"
1.32904718910918e-08,4.68796047703704,0.413,0.036,0.000429082885003898,"14","Tmtc1"
1.36153085984027e-08,2.29125448792422,0.454,0.102,0.000439570238099432,"14","Jup"
1.42883382850482e-08,3.20177891715729,0.404,0.08,0.000461299001532783,"14","Lpxn"
1.49626681636315e-08,3.31338029482738,0.494,0.039,0.000483069741662843,"14","Ifi204"
1.49626681636315e-08,9.82253315658287,0.418,0.001,0.000483069741662843,"14","Gm47564"
1.49662699467799e-08,3.75187431688666,0.771,0.209,0.000483186025231788,"14","Stk39"
1.51186350843722e-08,1.81481659787507,0.6,0.315,0.000488105133698958,"14","Cd82"
1.53733944372069e-08,2.66123181007624,0.443,0.032,0.000496330039405223,"14","Cmbl"
1.55527269075519e-08,1.75648518435318,0.631,0.174,0.000502119788210313,"14","Fcgrt"
1.73445369410414e-08,2.42198275235896,0.717,0.348,0.000559968375141522,"14","Arhgap5"
1.84765190254696e-08,3.23315350743706,0.521,0.131,0.000596514416737286,"14","Ophn1"
1.88439818392787e-08,5.7757731191209,0.393,0.02,0.000608377953681114,"14","Tenm4"
2.10401601694584e-08,2.14060000651055,0.735,0.204,0.000679281571070963,"14","Irf8"
2.43351408708386e-08,1.6642609695692,0.569,0.127,0.000785660023015026,"14","Ckb"
2.58936012234918e-08,2.61776537047232,0.717,0.31,0.000835974915500432,"14","Dram2"
2.70344181763571e-08,2.62827372702725,0.836,0.561,0.000872806190823689,"14","Agap1"
2.91059906323214e-08,2.52381483341376,0.829,0.613,0.000939686907564498,"14","Zfp710"
3.36628552861103e-08,1.95166460581401,0.802,0.511,0.00108680528291207,"14","Gpcpd1"
3.43765866262904e-08,6.4147419635376,0.386,0.003,0.00110984809922978,"14","Slc39a12"
3.56613879294535e-08,1.70302606092926,0.604,0.084,0.00115132790930241,"14","Plbd1"
3.70080073157583e-08,2.18821609737302,0.593,0.282,0.00119480351618926,"14","Fam102b"
4.10299660142176e-08,3.18404461194067,0.416,0.05,0.00132465245276901,"14","B430306N03Rik"
4.11995604260145e-08,2.46728791482333,0.823,0.563,0.00133012780835388,"14","Ulk2"
4.20979828344555e-08,2.28308417042117,0.562,0.1,0.00135913337581039,"14","Prnp"
4.24065098618163e-08,3.23428035218363,0.728,0.187,0.00136909417088874,"14","Tbc1d9"
4.94200741839305e-08,2.44675689113498,0.515,0.041,0.0015955270950282,"14","Ms4a7"
4.9472088433642e-08,3.05749256359294,0.631,0.191,0.00159720637508013,"14","Gm4951"
5.22239762683463e-08,1.80818453963951,0.721,0.216,0.00168605107382356,"14","Clec12a"
6.40921662372167e-08,2.85358954729602,0.492,0.031,0.00206921558696854,"14","Clec4b1"
6.59816843694206e-08,2.11344501627713,0.587,0.229,0.00213021867986674,"14","Idh1"
6.7270572636719e-08,3.11564504140992,0.564,0.17,0.00217183043757647,"14","Nod1"
7.57529055336984e-08,5.15498756170488,0.45,0.026,0.00244568255515545,"14","Prdm1"
7.77888271636172e-08,6.07824908897299,0.526,0.006,0.00251141228497738,"14","Dysf"
7.77888271636172e-08,3.8417638715781,0.393,0.012,0.00251141228497738,"14","Scamp5"
7.90634846843594e-08,1.87498008389978,0.492,0.074,0.00255256460303454,"14","Fabp4"
8.34307366511869e-08,3.33781678024888,0.537,0.038,0.00269356133278357,"14","Slc37a2"
8.96655717085775e-08,1.9424744311521,0.811,0.466,0.00289485298261143,"14","Aplp2"
9.05614799893722e-08,2.13222600604016,0.773,0.428,0.00292377738145688,"14","Nedd9"
1.03770049770008e-07,2.44650768901334,0.782,0.499,0.00335021605682471,"14","Nsf"
1.06067807749265e-07,3.18418771821566,0.337,0.054,0.00342439917318503,"14","P2ry10b"
1.08107594071901e-07,1.1046295278675,0.49,0.11,0.00349025367461131,"14","Prxl2b"
1.09931706739759e-07,2.4309173347232,0.604,0.158,0.00354914515209312,"14","Pla2g15"
1.12132959137437e-07,2.86783120173134,0.578,0.197,0.00362021258575216,"14","Sh3pxd2a"
1.13548744739647e-07,2.4888036550482,0.661,0.236,0.00366592122391951,"14","Evl"
1.13839769851721e-07,1.68622221083983,0.76,0.471,0.00367531696966281,"14","Hexa"
1.18202704047529e-07,2.62712983668476,0.582,0.158,0.00381617430017446,"14","Tent5a"
1.27272415241029e-07,6.1036530138434,0.479,0.004,0.00410898992605661,"14","D630033O11Rik"
1.32755274310259e-07,2.79562828706506,0.683,0.301,0.00428600403110672,"14","Cd200r1"
1.35162538304493e-07,2.67369226473296,0.609,0.176,0.00436372254916056,"14","Slc16a9"
1.40416350495885e-07,1.45591006931197,0.605,0.3,0.00453334187575964,"14","Ctsa"
1.43582118020017e-07,1.38805277521121,0.555,0.117,0.00463554868027624,"14","Lgals3"
1.46314130021288e-07,2.46653069128977,0.861,0.602,0.00472375168773729,"14","Lcp2"
1.48079367380619e-07,2.21486630008837,0.647,0.384,0.00478074237588329,"14","P4ha1"
1.52224999069218e-07,2.85736791585752,0.613,0.237,0.0049145840949497,"14","Fer"
1.541966248836e-07,1.78208215293514,0.762,0.376,0.00497823803436703,"14","Blvrb"
1.54615887838446e-07,2.72646155756734,0.4,0.031,0.00499177393886423,"14","Treml4"
1.72710891027787e-07,2.97298190721911,0.733,0.372,0.00557597111683211,"14","Ddhd1"
1.73433623114878e-07,8.9388626121574,0.389,0.002,0.00559930452226384,"14","4931431B13Rik"
1.73433623114878e-07,4.50448180082155,0.377,0.02,0.00559930452226384,"14","Cd80"
1.73755712410055e-07,3.30012015782209,0.366,0.031,0.00560970317515863,"14","Cd83"
1.90200010281503e-07,3.81948794340319,0.38,0.018,0.00614060733193832,"14","Cttnbp2nl"
1.98811607949407e-07,3.60656934024696,0.571,0.075,0.0064186327626466,"14","Tmem51"
2.15037748242375e-07,2.38249610569169,0.692,0.368,0.00694249370200509,"14","Plekhm3"
2.25860587627393e-07,2.19495292674123,0.445,0.071,0.00729190907155039,"14","Rnase4"
2.37793255279715e-07,2.1142062939986,0.564,0.171,0.00767715524670561,"14","Hebp1"
2.45455011176481e-07,2.85131554350256,0.787,0.376,0.00792451503583269,"14","Entpd1"
2.45496190194299e-07,3.2230743682714,0.486,0.038,0.00792584450042295,"14","Pilrb1"
2.45941527045787e-07,3.18266402560882,0.712,0.168,0.00794022220067325,"14","Megf9"
2.51472078253842e-07,1.81753753342299,0.486,0.083,0.0081187760464253,"14","Fcgr3"
2.52417894023846e-07,2.46014734114353,0.589,0.262,0.00814931170855987,"14","Gab3"
2.69646992638556e-07,3.0682480024688,0.607,0.142,0.00870555315733579,"14","Gbp8"
3.67825321716561e-07,2.56292701794412,0.685,0.358,0.0118752405116192,"14","Rbbp8"
3.92505087460824e-07,2.56137618949799,0.766,0.151,0.0126720267486727,"14","Id2"
3.94967069394566e-07,2.43845664844048,0.755,0.486,0.0127515118354036,"14","Cept1"
3.95372177119396e-07,2.5614394186024,0.467,0.069,0.0127645907382997,"14","Tmem106a"
4.09298406959593e-07,2.63893149152035,0.703,0.375,0.0132141990686905,"14","Plekhm2"
4.13836614271898e-07,2.0092634300008,0.587,0.21,0.0133607150917682,"14","Vsir"
4.21111280582019e-07,2.67326388317159,0.355,0.07,0.0135955776935905,"14","Plod1"
4.23990951052846e-07,2.58927250080858,0.477,0.033,0.0136885478547411,"14","Fcgr1"
4.32044230510251e-07,3.04374470011851,0.351,0.043,0.0139485479820234,"14","Lrrc25"
4.47910410212663e-07,2.78236177567762,0.62,0.262,0.0144607875937158,"14","Apobec1"
4.51082167909991e-07,1.841124415782,0.58,0.207,0.014563187790974,"14","Cela1"
4.71984341045727e-07,4.25496104879016,0.528,0.025,0.0152380144506613,"14","Dmpk"
5.12154742747853e-07,2.73637067586906,0.62,0.24,0.0165349158696144,"14","Tfec"
5.13170923729693e-07,2.15857506461714,0.562,0.247,0.0165677232726131,"14","Snx18"
5.1812361589634e-07,1.51847226115622,0.557,0.338,0.0167276209392133,"14","Epn1"
5.28914248111229e-07,2.09260420002804,0.813,0.6,0.017075996500271,"14","Atp2b1"
5.32320014441304e-07,2.49466918730756,0.569,0.178,0.0171859516662375,"14","Cd180"
5.51095609784373e-07,2.47332419494318,0.795,0.494,0.0177921217618885,"14","Pik3ap1"
5.71261447279045e-07,1.88051258897644,0.759,0.506,0.018443175825404,"14","Man2a1"
6.09002285016576e-07,1.27376486786499,0.364,0.049,0.0196616387717602,"14","Ear2"
6.10885055823788e-07,1.38449308987064,0.539,0.135,0.019722424027271,"14","Cd68"
6.15546049180708e-07,1.99992650297795,0.681,0.401,0.0198729041977992,"14","Nav1"
6.45277263776155e-07,2.13205501723202,0.755,0.538,0.0208327764610132,"14","Snx13"
6.63083993622678e-07,1.50698677417387,0.802,0.383,0.0214076667341082,"14","Ctss"
7.67115555719429e-07,2.6447363986666,0.589,0.213,0.0247663257164018,"14","Hs6st1"
8.25721612819853e-07,5.83306598239857,0.339,0.006,0.026658422269889,"14","4933427D06Rik"
8.25849688076695e-07,3.94536952123845,0.458,0.023,0.0266625571795561,"14","Snta1"
8.25849688076695e-07,4.96275818018481,0.366,0.006,0.0266625571795561,"14","Tlr8"
8.25849688076695e-07,2.21445617407626,0.368,0.029,0.0266625571795561,"14","Mrap"
8.25849688076695e-07,2.9494679595559,0.328,0.047,0.0266625571795561,"14","Gdpd1"
8.62253906541421e-07,2.3075284768754,0.714,0.3,0.0278378673726898,"14","App"
8.69486367383866e-07,1.94897239405673,0.643,0.402,0.0280713673709881,"14","Filip1l"
8.76445802834146e-07,2.09587509021385,0.409,0.191,0.0282960527445004,"14","Zbtb4"
9.61229214830489e-07,2.46918617252106,0.477,0.045,0.0310332852008023,"14","Nr1h3"
9.64700256295503e-07,2.75272206520125,0.719,0.219,0.0311453477745003,"14","Itgb5"
9.76219899145035e-07,1.90250508040075,0.759,0.542,0.0315172594438975,"14","Nptn"
1.00003199422528e-06,2.34386040082272,0.616,0.128,0.0322860329335631,"14","AB124611"
1.02273913430264e-06,3.82322726288295,0.488,0.09,0.0330191329509608,"14","Stard9"
1.09580660497165e-06,3.76874386273647,0.571,0.099,0.0353781162415098,"14","Raph1"
1.20267610824072e-06,2.6392507634211,0.355,0.117,0.0388283981545516,"14","Homer1"
1.23385911525949e-06,3.90425702289154,0.319,0.018,0.0398351415361525,"14","P2ry6"
1.24840726744554e-06,2.50473812633848,0.472,0.053,0.0403048286294792,"14","Pilrb2"
1.35678627934359e-06,1.67054786438928,0.501,0.204,0.0438038450286078,"14","Slfn5"
1.35796878895761e-06,2.11762831621219,0.818,0.475,0.0438420223514963,"14","Itsn1"
1.41108190296094e-06,2.93006539291351,0.686,0.239,0.0455567792370941,"14","Lair1"
1.47109202877913e-06,1.74740306432919,0.611,0.233,0.0474942061491342,"14","Ctsh"
1.50086811474598e-06,4.1226927175885,0.454,0.02,0.048455527084574,"14","Zfp366"
1.52157223022893e-06,1.95156876181046,0.708,0.498,0.0491239594529412,"14","Stat1"
1.57659598680715e-06,2.20176518692178,0.706,0.462,0.0509004014340688,"14","Hpcal1"
1.61283469033313e-06,2.3090400285744,0.764,0.508,0.0520703679774052,"14","Tanc2"
1.61721694344569e-06,3.0256306521689,0.346,0.061,0.052211849019144,"14","Cyp27a1"
1.66225836681279e-06,2.28767873803738,0.541,0.274,0.053666011372551,"14","Hps3"
1.72501378124959e-06,2.20558583272951,0.575,0.157,0.0556920699276429,"14","Acp2"
1.75131918467864e-06,3.7683908905465,0.616,0.097,0.0565413398773499,"14","Morrbid"
1.76515934465433e-06,3.55863692966275,0.315,0.046,0.056988169442165,"14","Nlrc4"
1.79200043225779e-06,2.30734130270011,0.616,0.292,0.0578547339554428,"14","Tep1"
1.93750373992364e-06,2.90689604971753,0.656,0.264,0.0625523082434347,"14","Klf7"
1.9376416469357e-06,2.24746650410902,0.76,0.5,0.062556760571319,"14","Ppp1r12b"
2.0856440913478e-06,2.1701885769463,0.449,0.227,0.0673350194891638,"14","Ubtd1"
2.13349718171497e-06,2.05084918580571,0.652,0.364,0.0688799565116677,"14","Rhoq"
2.13349718171497e-06,1.92238381955622,0.645,0.394,0.0688799565116677,"14","Chn2"
2.14687715752833e-06,2.40725985951488,0.528,0.098,0.069311929030802,"14","St6gal1"
2.16580033820153e-06,1.94766825268927,0.677,0.45,0.0699228639188364,"14","Map4k3"
2.27464742435291e-06,1.88861335203401,0.411,0.098,0.0734369920952339,"14","Hvcn1"
2.2881911611731e-06,1.88408859261731,0.715,0.504,0.0738742516384735,"14","Armc8"
2.41426555656046e-06,3.00963280054921,0.362,0.069,0.0779445634935544,"14","Rab20"
2.50612101444506e-06,2.75606092014125,0.305,0.023,0.0809101169513588,"14","Sh2d1b1"
2.58275337103115e-06,1.79894884265053,0.732,0.504,0.0833841925837407,"14","Fyn"
2.58955843630908e-06,2.82424077889897,0.474,0.048,0.0836038941162387,"14","6430548M08Rik"
2.65882718147828e-06,2.30700722056192,0.703,0.407,0.0858402355540261,"14","Fam126a"
2.7290818716821e-06,0.761089977029614,0.721,0.407,0.0881084082272567,"14","Tyrobp"
2.77110970711535e-06,2.38970971473734,0.665,0.37,0.0894652768942191,"14","Usp12"
3.01398508837691e-06,1.75210833818561,0.465,0.25,0.0973065085782485,"14","Map7d1"
3.36892896286642e-06,2.50977605786695,0.42,0.083,0.108765871566142,"14","Kctd12b"
3.7229983629128e-06,5.62322619846442,0.306,0.004,0.12019700214664,"14","Gm49101"
3.77172481627044e-06,2.17691491917995,0.737,0.458,0.121770135693291,"14","Snx9"
3.93572891970937e-06,2.08965678004566,0.312,0.056,0.127065008172817,"14","Hfe"
4.12228203559158e-06,2.43812445711681,0.616,0.333,0.133087875519074,"14","Inpp4a"
4.25219532977192e-06,2.16108714760264,0.638,0.307,0.137282126221687,"14","Sgpl1"
4.26952232761512e-06,1.56267571457984,0.661,0.346,0.137841528347054,"14","Itm2c"
4.41669282304302e-06,1.93546924917445,0.715,0.506,0.142592927791944,"14","Tbc1d4"
4.45779865907337e-06,2.32922090469324,0.726,0.426,0.143920029708184,"14","Adam22"
4.72201678771311e-06,2.22034347282868,0.533,0.297,0.152450311991318,"14","Rnf149"
4.8933544055361e-06,2.07687375381468,0.56,0.306,0.157981946982733,"14","Tbc1d2b"
4.94282674681137e-06,2.09679360881552,0.472,0.22,0.159579161520805,"14","Lpcat2"
4.96204365522331e-06,2.01386070426938,0.575,0.351,0.160199579408884,"14","Ptpn9"
5.0336613668058e-06,2.5448482691124,0.616,0.269,0.162511757227325,"14","Rasal2"
5.33299504773281e-06,2.0034047359842,0.598,0.308,0.172175745116054,"14","Dnase2a"
5.38861881216874e-06,2.88224217388212,0.532,0.188,0.173971558350868,"14","Sh3bp2"
5.67084602903041e-06,2.30340793306107,0.427,0.185,0.183083264047247,"14","Fam219a"
5.76223519054583e-06,2.27408292985807,0.676,0.359,0.186033763126772,"14","Ctnnd1"
5.82170991078608e-06,3.07335159333675,0.398,0.026,0.187953904469729,"14","Asb2"
5.91245252284918e-06,3.53556997497399,0.369,0.059,0.190883529700186,"14","Rab39"
5.91245252284918e-06,3.64394821976472,0.339,0.044,0.190883529700186,"14","Tmem156"
7.18394450768771e-06,2.1583463263283,0.614,0.355,0.231933648430698,"14","Arhgap12"
7.47909819766634e-06,2.88155541633822,0.694,0.264,0.241462685311658,"14","Pbx3"
7.70468351192855e-06,2.16391890121582,0.712,0.339,0.248745707182613,"14","Il18"
7.73578799401492e-06,2.32462381942354,0.631,0.316,0.249749915386772,"14","Zfp36l1"
7.75182569435383e-06,8.76696758796385,0.277,0.001,0.250267692542214,"14","5033421B08Rik"
7.75182569435383e-06,3.32161220132352,0.285,0.011,0.250267692542214,"14","Fpr1"
7.75182569435383e-06,3.24375169191544,0.256,0.013,0.250267692542214,"14","Fblim1"
7.75182569435383e-06,2.77789175913008,0.263,0.024,0.250267692542214,"14","Acvrl1"
7.75182569435383e-06,4.49174189154692,0.232,0.016,0.250267692542214,"14","0610040J01Rik"
7.78712301482907e-06,1.78162241287788,0.739,0.517,0.251407266533756,"14","Pou2f2"
7.83169793356935e-06,2.35566492676971,0.447,0.196,0.252846367785286,"14","Iffo1"
7.86290333153021e-06,1.81469714045667,0.647,0.416,0.253853834058453,"14","Colgalt1"
8.60788491144301e-06,2.68239671233624,0.517,0.131,0.277905564365938,"14","Ptafr"
8.61393945688246e-06,2.35476278479303,0.387,0.061,0.27810103536545,"14","Pira2"
9.37394302492791e-06,1.93211585783382,0.677,0.465,0.302637750559798,"14","Ptpn22"
1.02115537274701e-05,2.03253563948942,0.485,0.124,0.329680012091371,"14","Plxnb2"
1.03321695767578e-05,3.21582451603157,0.492,0.097,0.333574094785626,"14","Abcd2"
1.07063193308724e-05,1.28353573754563,0.627,0.38,0.345653519597215,"14","Cd48"
1.07916394539384e-05,2.21799959363146,0.613,0.268,0.3484080797704,"14","Blvra"
1.08413889870383e-05,2.80916038006974,0.341,0.068,0.35001424344653,"14","Sgk1"
1.09622965847497e-05,2.23051928253195,0.505,0.264,0.353917745238644,"14","B4galt5"
1.11350810617814e-05,1.99701812687786,0.472,0.27,0.359496092079614,"14","Irak2"
1.11869534929421e-05,2.63121597221591,0.706,0.392,0.361170793519635,"14","Arhgap39"
1.13396216406926e-05,3.23708569833512,0.541,0.105,0.36609968466976,"14","Tlr7"
1.14140194305039e-05,3.49228797595354,0.501,0.124,0.368501617313817,"14","Cpeb2"
1.24323763822302e-05,4.28564951155019,0.279,0.019,0.401379271500302,"14","Ccdc148"
1.26715758310682e-05,5.6365822393138,0.268,0.003,0.409101825706036,"14","Gm36287"
1.30940600415651e-05,2.84004219950104,0.434,0.07,0.422741728441929,"14","Zfp703"
1.33981412581681e-05,3.60111431134484,0.632,0.122,0.432558990519956,"14","Agmo"
1.36852593804024e-05,2.56750217168124,0.629,0.196,0.441828599096292,"14","Ust"
1.5017335666392e-05,2.49670343689757,0.551,0.269,0.484834681989467,"14","Tcirg1"
1.52606193138345e-05,2.71235355498064,0.477,0.184,0.492689094547145,"14","Dmxl2"
1.53913123779413e-05,2.39819256119736,0.413,0.073,0.496908520121836,"14","Rxra"
1.59404479567909e-05,3.45858893281543,0.427,0.025,0.514637362284994,"14","Timd4"
1.59404479567909e-05,3.46481354365703,0.332,0.023,0.514637362284994,"14","Slc45a3"
1.59404479567909e-05,3.97552806182189,0.222,0.009,0.514637362284994,"14","Bach2os"
1.71261000386065e-05,3.44564703459647,0.407,0.05,0.552916139746411,"14","Xdh"
1.85419572025119e-05,2.57421739933402,0.474,0.087,0.598627088283098,"14","Pirb"
1.87370273778142e-05,2.10448151343626,0.465,0.233,0.604924928892732,"14","Rnf19b"
1.9510787802299e-05,1.93167530588945,0.528,0.3,0.629905784197223,"14","Soat1"
2.03549455675063e-05,3.25456994496468,0.465,0.114,0.657159417646943,"14","Pstpip2"
2.32733798481949e-05,1.95114441427645,0.456,0.194,0.751381068398972,"14","March8"
2.45850967874481e-05,2.7423471471326,0.514,0.2,0.793729849782761,"14","Sema4b"
2.48166103528022e-05,3.64064078740996,0.339,0.036,0.80120426524022,"14","Lrp4"
2.57516852171159e-05,1.39984325015159,0.501,0.223,0.831393157234585,"14","Cndp2"
2.59036019672381e-05,2.61025134738931,0.295,0.073,0.836297789512282,"14","Metrnl"
2.64864825862518e-05,2.04120517961376,0.596,0.355,0.855116090297141,"14","Wdr7"
2.75012884789066e-05,3.06426071553244,0.299,0.031,0.8878790985415,"14","Kcnk6"
2.76436021746531e-05,2.88442467675929,0.434,0.1,0.892473696208674,"14","Stard8"
2.81735538474716e-05,2.88951688466531,0.438,0.054,0.909583185965621,"14","Plxna1"
2.96770799673672e-05,2.98984506076679,0.449,0.139,0.95812452674645,"14","Fhod1"
2.97769441014068e-05,2.07849548837211,0.445,0.238,0.96134864031392,"14","Appl2"
3.09951835188678e-05,2.61288092436308,0.281,0.028,1,"14","Pdzk1"
3.23872985920376e-05,4.3748391511951,0.223,0.007,1,"14","Nid2"
3.26121735537145e-05,2.45320669408803,0.65,0.31,1,"14","Il6ra"
3.38007896584323e-05,1.90762769263271,0.447,0.19,1,"14","Ly9"
3.53470518073083e-05,1.81351965832127,0.454,0.186,1,"14","Slc15a2"
3.54337852038016e-05,2.10848751122209,0.36,0.135,1,"14","Cmtm3"
3.77218409038232e-05,3.40569645588006,0.586,0.121,1,"14","Il10ra"
3.82069941956505e-05,2.23471406084492,0.667,0.352,1,"14","Otulinl"
3.88532498862924e-05,3.00576602289029,0.427,0.062,1,"14","Mgll"
3.93707295690992e-05,2.53158091123743,0.593,0.27,1,"14","Rhobtb1"
4.12739494664177e-05,4.62408756609891,0.357,0.036,1,"14","Mcc"
4.30443466665655e-05,1.75049376397155,0.649,0.434,1,"14","Ap2a2"
4.43812645089498e-05,2.12385974081249,0.728,0.439,1,"14","Sort1"
4.48588211884424e-05,1.92087684608935,0.281,0.065,1,"14","Tmem86a"
4.90403750154474e-05,2.36972257603668,0.411,0.155,1,"14","Mras"
5.17198401642449e-05,2.33494597407705,0.386,0.137,1,"14","Ston2"
5.32266819592878e-05,2.01493779709557,0.724,0.484,1,"14","Cerk"
5.56300697132923e-05,2.20260948321043,0.62,0.342,1,"14","Fnip2"
5.64142344218208e-05,1.78808407172314,0.69,0.419,1,"14","Kctd12"
5.71715570907918e-05,1.92807209601147,0.295,0.028,1,"14","Gpd1"
5.78816057559546e-05,3.67878109683468,0.396,0.032,1,"14","Amz1"
5.88979533363665e-05,2.87412245555759,0.369,0.104,1,"14","C9orf72"
6.20959781103211e-05,3.68807075184051,0.411,0.11,1,"14","Gm20275"
6.50475622222749e-05,4.25742735014965,0.29,0.008,1,"14","Adap2os"
6.72680642048148e-05,1.39677812158172,0.746,0.392,1,"14","Serpinb6a"
7.60302682228624e-05,2.14851700374099,0.573,0.336,1,"14","Dclre1c"
7.69118892143559e-05,1.60607311322525,0.686,0.453,1,"14","Hexb"
8.09832425628824e-05,1.4506618078292,0.274,0.074,1,"14","Igsf6"
8.4012554979161e-05,2.42706804382432,0.326,0.06,1,"14","Gpr137b"
8.40228306763294e-05,2.41774109573044,0.679,0.345,1,"14","Slc16a7"
8.57808633336414e-05,2.98723361974018,0.344,0.083,1,"14","Fosb"
8.869990887442e-05,1.94348870792844,0.368,0.075,1,"14","Pld4"
9.1563628433969e-05,2.83775024680661,0.503,0.198,1,"14","Skp2"
9.43174526853772e-05,1.96457644370309,0.661,0.423,1,"14","Itgav"
9.52266045299149e-05,1.50299291565136,0.294,0.048,1,"14","Crip2"
0.000103475071965252,2.01945369200814,0.505,0.239,1,"14","Acss1"
0.000109254011693187,2.3245897265881,0.676,0.347,1,"14","Pik3c2a"
0.000112038272784611,2.22782916095233,0.42,0.154,1,"14","Ly96"
0.000118819324386673,2.1097879283259,0.371,0.102,1,"14","Cln8"
0.000122412459123992,2.82329883793257,0.456,0.074,1,"14","Slc46a3"
0.000126440223460565,1.94351782739845,0.33,0.063,1,"14","Aldh3b1"
0.000129208146895081,3.65106005661263,0.267,0.023,1,"14","Pdgfb"
0.000129208146895081,5.53932006002022,0.245,0.003,1,"14","Gm5150"
0.000153883140049057,1.94867414246465,0.494,0.238,1,"14","Galc"
0.000155012711403563,2.45231166473156,0.712,0.438,1,"14","Grk3"
0.000159695555065787,2.85124086173788,0.357,0.093,1,"14","Ampd3"
0.000161877973735191,2.17789360309279,0.341,0.141,1,"14","Naip2"
0.000206758467856005,1.55946333803474,0.764,0.541,1,"14","Nfia"
0.000211407938857634,2.5398452356363,0.281,0.073,1,"14","Slc35f6"
0.000211608453509419,2.11491825352287,0.686,0.411,1,"14","Prkn"
0.000219176248683996,1.89700290368603,0.591,0.338,1,"14","9930111J21Rik2"
0.000241920700368229,2.61729963354978,0.523,0.194,1,"14","Snx8"
0.000243326280961865,2.99291825662623,0.45,0.104,1,"14","Themis2"
0.000243720853008648,1.7792913858436,0.582,0.341,1,"14","Fndc3b"
0.000244777966942831,1.24542988338212,0.703,0.499,1,"14","Ctsz"
0.000253976368838715,5.27034651410628,0.303,0.008,1,"14","Sema6a"
0.000253976368838715,2.73516529673552,0.268,0.013,1,"14","Gm10134"
0.000263015663399551,2.05896570815124,0.357,0.132,1,"14","Ralb"
0.00026303836573101,2.71339451856359,0.4,0.107,1,"14","Chd7"
0.000271775124151387,2.14230909533992,0.611,0.407,1,"14","Pak1"
0.000283237119171841,1.9045649317712,0.524,0.275,1,"14","Ppt2"
0.000284428652526239,3.40141121049779,0.323,0.062,1,"14","Arsg"
0.000290847220957841,2.83642997837744,0.277,0.027,1,"14","Slc15a3"
0.000291142766402872,2.68575822850057,0.407,0.097,1,"14","P2rx7"
0.00032182092129212,1.84639578592489,0.292,0.025,1,"14","Chp2"
0.00035068593228709,1.89513632189348,0.71,0.422,1,"14","Arhgef12"
0.000377378358577708,3.6266989893382,0.243,0.028,1,"14","Cd300lf"
0.000387433247295816,3.33213120333333,0.441,0.113,1,"14","Nlrp1b"
0.000392786473541541,4.59603440907757,0.283,0.031,1,"14","Ppnr"
0.000435003755346954,1.71439442913169,0.344,0.133,1,"14","Pea15a"
0.00045078946680797,2.13076389112328,0.366,0.151,1,"14","Tmem140"
0.000458616336078006,2.29362404810054,0.393,0.134,1,"14","Cmtm4"
0.000460385296741382,1.42443811683512,0.656,0.456,1,"14","Ldlrad4"
0.000466385442567739,1.94587011387542,0.517,0.271,1,"14","Abi3"
0.000512916656427935,2.46253787574964,0.44,0.194,1,"14","Nfxl1"
0.00054152695964638,2.89645620544043,0.286,0.074,1,"14","Plekha7"
0.000585275540483008,2.01213714043111,0.695,0.376,1,"14","Sh3bp5"
0.000607873485615936,2.49759560275524,0.261,0.055,1,"14","E330020D12Rik"
0.000616568435426874,1.53561917815076,0.532,0.29,1,"14","Tpp1"
0.000638551684376428,1.95196823933646,0.438,0.169,1,"14","Irf5"
0.00065117861026417,2.66103197992052,0.288,0.082,1,"14","Plpp3"
0.000654566822596341,1.94066729648575,0.274,0.064,1,"14","Smagp"
0.000670181745604678,2.44159322880105,0.474,0.161,1,"14","Adcy3"
0.000693229486728893,1.16335967117363,0.699,0.418,1,"14","Inpp4b"
0.000749115789481382,4.69727702982473,0.267,0.004,1,"14","Adrb1"
0.000754884355293734,2.45412868484441,0.49,0.227,1,"14","Lrp12"
0.000766196613705596,2.55843556859662,0.22,0.019,1,"14","P2ry13"
0.000780793400146957,1.9245378011273,0.283,0.035,1,"14","Bcl2a1b"
0.000780793400146957,3.60454143304195,0.209,0.007,1,"14","Cmklr1"
0.000792861063833105,1.91539226808581,0.461,0.248,1,"14","Abhd17c"
0.000800868051909328,1.93803449896063,0.425,0.195,1,"14","Sec24d"
0.000813710709725828,3.70891377684283,0.272,0.024,1,"14","Nrp2"
0.000874737423947489,1.79940358792793,0.405,0.174,1,"14","Zfp385a"
0.00091484639241798,2.18834801956992,0.607,0.28,1,"14","Zdhhc14"
0.000953362814751275,8.7382734753449,0.305,0.001,1,"14","Adam33"
0.000953362814751275,4.60120931372693,0.214,0.004,1,"14","Rgl3"
0.00101865080481125,3.48503528390797,0.27,0.016,1,"14","Slc7a2"
0.00102774000923797,1.94354600526617,0.661,0.459,1,"14","Dcaf6"
0.00105410354387238,1.95323478205044,0.589,0.286,1,"14","Ptgs1"
0.00110823085658779,2.01632636354817,0.694,0.412,1,"14","Il10rb"
0.00123222075279228,3.12055588148923,0.359,0.099,1,"14","Tpcn2"
0.00125681200656877,1.46693423658142,0.456,0.25,1,"14","Slc29a1"
0.00126802875538406,2.83615108990514,0.425,0.109,1,"14","A330040F15Rik"
0.00132019197329255,2.21785668386031,0.44,0.211,1,"14","Gpr160"
0.00147879942628271,2.07950749035832,0.454,0.18,1,"14","F630028O10Rik"
0.00162459926950963,2.93834103458679,0.31,0.081,1,"14","P2ry12"
0.00177644456510405,2.20583398698836,0.463,0.228,1,"14","Rps6kc1"
0.0017837929320969,1.76658237143418,0.438,0.146,1,"14","Gm26740"
0.00180848712389188,1.89086037488655,0.677,0.417,1,"14","Scarb2"
0.00182180776457031,1.81886372901773,0.44,0.217,1,"14","Pcyox1"
0.00199379400992479,2.1620139078493,0.38,0.178,1,"14","Lfng"
0.00207977486480819,2.84666920690163,0.357,0.077,1,"14","Tulp4"
0.00211200856479565,2.55911518562064,0.425,0.14,1,"14","Stard5"
0.00211212494318694,3.01907145680154,0.285,0.069,1,"14","Ifi213"
0.00213047971499556,2.0621801141841,0.535,0.215,1,"14","Ncapg2"
0.00218347162360519,2.18628554524727,0.369,0.108,1,"14","Tnfaip2"
0.0024561692421024,3.24790993036755,0.292,0.031,1,"14","Plpp1"
0.00246757084581684,1.86698229868465,0.537,0.32,1,"14","Scarb1"
0.00255839970720417,1.89790640742895,0.535,0.332,1,"14","Stx12"
0.00258686852005002,1.57330014783923,0.44,0.19,1,"14","Itgb2"
0.00268334505466956,3.16286543688621,0.295,0.051,1,"14","Etv1"
0.0027948344617614,2.0754035088566,0.395,0.175,1,"14","Slc12a7"
0.00281857261095712,2.45365527069414,0.29,0.058,1,"14","Engase"
0.00282511075669801,2.56880544129216,0.375,0.139,1,"14","Crppa"
0.00294438840961333,2.10873939284316,0.445,0.235,1,"14","Gm20732"
0.00295446045440498,2.47838044967021,0.357,0.148,1,"14","Slc36a1"
0.00327355817555597,2.18429573957203,0.386,0.165,1,"14","Gpr146"
0.00346244582563732,8.1707361113256,0.249,0.001,1,"14","Gm5427"
0.00459760895013989,0.841342053157646,0.449,0.242,1,"14","Gngt2"
0.00493625836166784,5.24993387732467,0.229,0.005,1,"14","Ifitm10"
0.00537688939418921,1.38839483372593,0.281,0.072,1,"14","Naaa"
0.00620049223575436,1.68246206057799,0.494,0.262,1,"14","Mfsd1"
0.0064310283915084,1.75234685844609,0.56,0.329,1,"14","Clock"
0.00667023849068916,1.94287214442069,0.411,0.181,1,"14","Rin2"
0.00822438496357305,2.09730794484347,0.492,0.265,1,"14","Nln"
0.00911356670079452,1.20788122202992,0.746,0.545,1,"14","Cd53"
3.02344704560026e-19,5.56432386164,0.987,0.064,9.76119878672044e-15,"15","Mzb1"
3.50199355747275e-19,10.2016825726025,0.996,0.129,1.13061862003008e-14,"15","Jchain"
7.22396854803345e-19,7.24299482813364,0.976,0.016,2.3322582457326e-14,"15","Gm30211"
8.97377471025801e-19,5.25632922704927,0.991,0.108,2.8971831652068e-14,"15","Eaf2"
1.72334308452118e-18,5.08125907117084,0.991,0.305,5.56381314837662e-14,"15","Txndc5"
3.22117263882669e-18,4.11519546601308,0.976,0.046,1.0399555864452e-13,"15","Slamf7"
3.32274759748363e-18,7.08036312058763,0.989,0.029,1.07274906184759e-13,"15","Iglc2"
3.91311791069804e-18,3.76897021572919,0.996,0.422,1.26335011746886e-13,"15","Xbp1"
4.74530711962612e-18,4.5373509802508,0.983,0.02,1.53202240357129e-13,"15","Tent5c"
5.97315120575081e-18,5.0715504270406,0.924,0.012,1.92843186677665e-13,"15","Prg2"
5.97315120575081e-18,4.08186308174936,0.913,0.03,1.92843186677665e-13,"15","St8sia6"
6.37584687230781e-18,3.86423033061209,0.993,0.045,2.05844216272458e-13,"15","Cacna1e"
7.50768210995406e-18,10.0474371599552,0.994,0.609,2.42385516919867e-13,"15","Igkc"
1.51969162959497e-17,2.44778359908899,0.991,0.287,4.90632442614736e-13,"15","Cd74"
1.96355149248345e-17,4.63448109098705,0.978,0.044,6.33932599348283e-13,"15","Pou2af1"
2.00068474674426e-17,3.44185844301872,0.993,0.371,6.45921070486383e-13,"15","Pdia4"
2.06069809261248e-17,9.07904019464605,0.894,0.003,6.65296379199941e-13,"15","Tnfrsf17"
2.27573071800905e-17,5.30518894484263,0.907,0.031,7.34719662309221e-13,"15","Irf4"
3.32453197805809e-17,4.98820769245842,0.98,0.033,1.07332514911605e-12,"15","Ly6d"
3.60709302314738e-17,7.38673256100575,0.963,0.019,1.16454998252313e-12,"15","Iglc3"
4.04772632424968e-17,8.77357781088547,0.961,0.036,1.30680844378401e-12,"15","Iglc1"
6.94531790484573e-17,7.24230954393886,0.879,0.009,2.24229588557944e-12,"15","Pls1"
8.23074297512288e-17,10.4483445199462,0.87,0.003,2.65729536951842e-12,"15","Iglv1"
2.37959032605345e-16,3.79108315347398,0.853,0.045,7.68250736766358e-12,"15","Fcrla"
3.38250008468675e-16,3.82888641981349,0.946,0.174,1.09204015234112e-11,"15","Creld2"
3.67421546560944e-16,3.04601201175125,0.989,0.402,1.18622046307201e-11,"15","Herpud1"
4.15249036564567e-16,3.13325299330909,0.993,0.435,1.3406315145487e-11,"15","Fam214a"
4.55094581384459e-16,3.55269266715197,0.913,0.11,1.46927285599973e-11,"15","Sdc1"
6.9643815073807e-16,2.50227552291452,0.983,0.723,2.24845056965786e-11,"15","Ssr4"
7.36836833460663e-16,8.17852676369648,0.892,0.005,2.37887771682775e-11,"15","Derl3"
8.18532754166059e-16,4.6498988226793,0.803,0.039,2.64263299682512e-11,"15","Cacna1d"
8.67111394878959e-16,2.21115381958349,0.963,0.058,2.79946913836672e-11,"15","Cd79a"
9.70167007352081e-16,8.71998305873282,0.944,0.571,3.13218418323619e-11,"15","Ighm"
2.24658487669462e-15,3.15219415047605,0.996,0.413,7.25309927440858e-11,"15","Inpp4b"
2.32129917195101e-15,7.65673067729957,0.89,0.009,7.49431437664383e-11,"15","Oosp1"
2.88407270292429e-15,3.69963696222411,0.993,0.223,9.31122872139106e-11,"15","Dennd5b"
3.49534416900493e-15,3.11601386359099,0.983,0.244,1.12847186496324e-10,"15","Ell2"
3.50602069787461e-15,3.09340913010661,0.935,0.188,1.13191878230882e-10,"15","Tmem154"
4.6136466082934e-15,3.40528351534053,0.974,0.228,1.48951580748752e-10,"15","Edem1"
5.67721238276115e-15,2.58601358430338,0.922,0.333,1.83288801777444e-10,"15","Prdx4"
5.83584414041655e-15,2.23082296562573,0.978,0.625,1.88410228073348e-10,"15","Spcs1"
6.00170100562993e-15,2.46583868823307,0.985,0.338,1.93764916966762e-10,"15","Creb3l2"
7.1560667128512e-15,8.19425735650901,0.794,0.003,2.31033613824401e-10,"15","Chst1"
1.63451751549165e-14,2.44182253874122,0.972,0.307,5.2770397987648e-10,"15","Ube2j1"
2.15961777805466e-14,3.74369447818992,0.736,0.029,6.97232599644947e-10,"15","Trib1"
2.38720744154012e-14,3.50760076110906,0.87,0.105,7.70709922501226e-10,"15","Ly6c2"
2.73541041435587e-14,5.89224702665681,0.801,0.023,8.83127252274792e-10,"15","Epcam"
2.90183648125305e-14,4.70179345127121,0.894,0.045,9.36857907972546e-10,"15","E330020D12Rik"
3.51874983037791e-14,2.5793284777292,0.991,0.716,1.13602838273751e-09,"15","Sec11c"
4.81918993870505e-14,3.16442732707078,0.918,0.112,1.55587547171093e-09,"15","Cpeb3"
6.99327186455071e-14,3.30505027549605,0.981,0.205,2.2577778214702e-09,"15","Glcci1"
8.96069428163442e-14,1.18417210105363,0.946,0.133,2.89296014882567e-09,"15","Blnk"
1.16607456029803e-13,4.11896438157303,0.81,0.076,3.76467171792219e-09,"15","Fosb"
1.49964646098086e-13,2.88601512464516,0.989,0.478,4.84160859927672e-09,"15","Sel1l"
1.74466084826567e-13,2.92573933919233,0.978,0.335,5.63263754862571e-09,"15","Fndc3b"
2.26593748801439e-13,2.77484104811474,0.946,0.225,7.31557918005444e-09,"15","Sdf2l1"
2.5771179089779e-13,2.79320735306624,0.944,0.092,8.32022516913516e-09,"15","St6gal1"
2.62272540031025e-13,3.59547596175818,0.82,0.045,8.46746895490164e-09,"15","Bcar3"
2.75071613784798e-13,2.67170768648169,0.98,0.473,8.88068705104222e-09,"15","Rexo2"
2.80169639762042e-13,5.26375221557568,0.781,0.014,9.04527681971752e-09,"15","Gm5547"
3.83637160159906e-13,2.43155105838592,0.972,0.445,1.23857257157626e-08,"15","Fkbp2"
3.9821797306533e-13,8.27887430583161,0.716,0.001,1.28564672604142e-08,"15","Cacna1h"
4.58824216426581e-13,4.53494062868582,0.89,0.045,1.48131398273322e-08,"15","Rasgrp3"
4.75517217484493e-13,1.17063963497885,0.959,0.302,1.53520733664869e-08,"15","Cd79b"
5.24536944091535e-13,6.51241994947674,0.76,0.007,1.69346752399952e-08,"15","Prlr"
1.24990370850152e-12,3.7619344288124,0.656,0.034,4.03531412289716e-08,"15","Gpr155"
1.80135865279052e-12,2.67438321159084,0.881,0.144,5.81568641053418e-08,"15","Rgcc"
1.83793859809845e-12,2.04148366381458,0.957,0.386,5.93378476396083e-08,"15","Nfkbia"
2.34149303976213e-12,2.08761102793966,0.98,0.635,7.55951027887203e-08,"15","Manf"
2.73905622494389e-12,3.05076393419505,0.729,0.009,8.84304302223134e-08,"15","Reln"
3.02717628350511e-12,2.83694528016154,0.781,0.145,9.77323863129623e-08,"15","Fos"
3.35278920861389e-12,2.60902726212647,0.972,0.533,1.08244799600099e-07,"15","Ly6a"
3.67429638861123e-12,2.05109703870574,0.944,0.358,1.18624658906313e-07,"15","Tnfrsf13b"
3.98409133192312e-12,5.59627174596676,0.636,0.007,1.28626388651138e-07,"15","Myzap"
5.11182848403604e-12,2.26218015665491,0.827,0.189,1.65035382607103e-07,"15","Sec24d"
8.59490081157758e-12,1.84389266622308,0.985,0.75,2.77486372701782e-07,"15","Spcs2"
9.53906170194376e-12,2.40815726840639,0.965,0.445,3.07968607047254e-07,"15","Slc3a2"
9.87128832564467e-12,2.52210448873932,0.987,0.447,3.18694543593438e-07,"15","Txndc11"
9.91360462339141e-12,2.54213788200846,0.98,0.537,3.20060725266192e-07,"15","Cd52"
1.12576799363331e-11,4.09142272422734,0.755,0.022,3.63454196744515e-07,"15","Prdm1"
1.2177834977636e-11,1.92151138514848,0.939,0.383,3.93161402252979e-07,"15","Dnajb11"
1.66364718851304e-11,1.9265513604933,0.967,0.368,5.37108494811434e-07,"15","Rbm47"
1.71773567909313e-11,2.45833824870203,0.97,0.112,5.54570963995218e-07,"15","Cmah"
2.03502527282547e-11,1.16004650854217,0.98,0.673,6.57007909331702e-07,"15","Mcl1"
2.18561635201455e-11,1.65090673725729,0.913,0.318,7.05626239247897e-07,"15","Rnase6"
2.7486826970392e-11,1.59494158321952,0.796,0.219,8.87412208739107e-07,"15","Ier5"
3.14421024627476e-11,2.25860970738237,0.983,0.575,1.0151082780098e-06,"15","Serp1"
3.77210957074196e-11,2.669346559703,0.914,0.122,1.21782557491404e-06,"15","Setbp1"
4.58853312850058e-11,2.00255052074406,0.688,0.033,1.48140792053641e-06,"15","Tmem163"
6.15634384580001e-11,4.85768275136099,0.736,0.028,1.98757561061653e-06,"15","A430035B10Rik"
9.5996294062882e-11,2.98208080350315,0.604,0.021,3.09924035382015e-06,"15","Ifi211"
1.08318562250969e-10,1.80682859424181,0.907,0.328,3.49706478227254e-06,"15","Clptm1l"
1.21425845733437e-10,1.64754904614016,0.989,0.38,3.92023342950402e-06,"15","Ctss"
1.23081366033724e-10,5.64531868843183,0.675,0.012,3.97368190239876e-06,"15","Cd28"
1.66274116042743e-10,1.53284127287024,0.903,0.387,5.36815983643994e-06,"15","Pafah1b3"
1.86478244748493e-10,2.44441965996952,0.931,0.318,6.0204501317051e-06,"15","Trp53inp1"
2.10338796877374e-10,1.67294608439392,0.9,0.233,6.79078805718602e-06,"15","Atp6v0a1"
3.52800646371608e-10,1.83791104946385,0.97,0.435,1.13901688681074e-05,"15","Selenos"
4.57935581005576e-10,7.30830265323024,0.606,0.002,1.4784450232765e-05,"15","Wnt10a"
4.57935581005576e-10,8.31339520323787,0.6,0.001,1.4784450232765e-05,"15","Iglv3"
4.57935581005576e-10,7.84074877803832,0.509,0.001,1.4784450232765e-05,"15","Gm34215"
4.61563743246776e-10,2.28252678873551,0.686,0.07,1.49015854507221e-05,"15","Enpp1"
5.03904104659556e-10,1.59162187200458,0.978,0.52,1.62685440189338e-05,"15","Atf6"
5.32151276960337e-10,1.21251269646197,0.976,0.723,1.71805039766645e-05,"15","Selenok"
5.40302752646977e-10,2.90890711510887,0.942,0.327,1.74436743692077e-05,"15","D10Wsu102e"
5.70874397038802e-10,2.39425639861355,0.827,0.028,1.84306799083977e-05,"15","Ikzf3"
5.7298470963686e-10,2.81321988624492,0.788,0.28,1.8498811350626e-05,"15","Ggh"
6.64003327374598e-10,1.61281411985476,0.976,0.643,2.14373474242889e-05,"15","Dnajc3"
1.10894482264518e-09,1.59722554929344,0.996,0.766,3.58022835990998e-05,"15","Hspa5"
1.12215689168096e-09,7.36323344096344,0.584,0.002,3.62288352479198e-05,"15","Cacna1s"
1.12215689168096e-09,5.00058146225451,0.528,0.006,3.62288352479198e-05,"15","Gpr55"
1.12215689168096e-09,2.56815749498649,0.565,0.045,3.62288352479198e-05,"15","Apba1"
1.12215689168096e-09,2.41425699801924,0.487,0.021,3.62288352479198e-05,"15","Il13ra1"
1.55372966810978e-09,2.96433261110301,0.71,0.088,5.01621623349241e-05,"15","Nrg2"
1.6581070687558e-09,1.69070180086164,0.924,0.39,5.35319867147809e-05,"15","Spcs3"
1.70959078002045e-09,1.59937277563284,0.749,0.219,5.51941383329602e-05,"15","Larp1b"
2.26557687510696e-09,1.48983483812869,0.704,0.216,7.31441494128283e-05,"15","Manea"
2.30190450990335e-09,2.46681895010843,0.81,0.184,7.43169871022298e-05,"15","Pon3"
2.70435774249524e-09,8.9348622966865,0.461,0.001,8.73101897164589e-05,"15","Fut1"
2.81352162966551e-09,1.01294881591563,0.98,0.694,9.08345458137511e-05,"15","Rabac1"
3.20111362086558e-09,5.02233880024543,0.656,0.076,0.000103347953249645,"15","Slpi"
3.46224529402999e-09,1.04397648737078,0.929,0.461,0.000111778589317758,"15","Tmem134"
4.18184765703883e-09,5.86666540045835,0.682,0.008,0.000135010951607499,"15","Il5ra"
4.45042926991972e-09,1.93990640195229,0.628,0.097,0.000143682108979358,"15","Zbp1"
4.68373052507218e-09,1.45042335158906,0.745,0.164,0.000151214240001955,"15","Rgs10"
6.41203769400972e-09,5.54173117868372,0.478,0.007,0.000207012636951104,"15","Bhlha15"
6.41203769400972e-09,7.46735651614962,0.439,0.002,0.000207012636951104,"15","Ankrd55"
7.74272113993139e-09,0.65565495593752,0.933,0.13,0.000249973752002685,"15","Cybb"
7.85037199114053e-09,1.66426696927156,0.941,0.357,0.000253449259733972,"15","Lax1"
8.0325848033862e-09,1.72665529731389,0.913,0.451,0.000259332000377323,"15","Edem2"
1.07289681379814e-08,3.54980554603445,0.781,0.114,0.000346384736334729,"15","Fkbp11"
1.26378265012523e-08,2.10544119250009,0.454,0.029,0.000408012228592932,"15","Arhgap24"
1.32904718910918e-08,3.41699340309374,0.533,0.008,0.000429082885003898,"15","Bhlhe41"
1.45427424436961e-08,1.29304248745335,0.836,0.348,0.00046951243979473,"15","Sec24a"
1.49626681636315e-08,4.64660326528962,0.375,0.017,0.000483069741662843,"15","Ncald"
1.59975512222831e-08,2.08680111643493,0.933,0.288,0.00051648094121141,"15","Ckap4"
1.63383064979885e-08,1.02677116630031,0.914,0.486,0.000527482225287559,"15","Rpn1"
2.01590880032493e-08,2.87682438295005,0.654,0.068,0.000650836156184903,"15","Zc3h12d"
2.27003973768186e-08,1.85218484986339,0.717,0.166,0.000732882329310587,"15","Plpp5"
2.32973865022616e-08,2.05632637252442,0.734,0.161,0.000752156123225517,"15","Arfgap3"
2.36054227766964e-08,2.8228008129119,0.916,0.163,0.000762101074345642,"15","Slc44a1"
2.62197275165066e-08,1.66162680850354,0.89,0.19,0.000846503902870414,"15","Ppp1r16b"
3.01794891171175e-08,2.58312789969002,0.909,0.227,0.000974344806146139,"15","Tram2"
3.70051986638428e-08,1.23641563678659,0.615,0.158,0.00119471283886216,"15","Tmem184b"
3.71753617053274e-08,1.27638817285502,0.985,0.594,0.0012002065526565,"15","Jund"
3.82578469510799e-08,1.36521494380115,0.978,0.667,0.00123515458881561,"15","Pdia6"
3.91805499309855e-08,1.54337472659807,0.931,0.57,0.00126494405452187,"15","Rapgef1"
4.04998731140057e-08,2.20667479719781,0.675,0.097,0.00130753840348568,"15","Evi2a"
4.79233935268865e-08,1.52203736359986,0.911,0.459,0.00154720676001553,"15","Gm37240"
5.72836149284605e-08,2.13080010593911,0.69,0.126,0.00184940150796535,"15","Syvn1"
5.79885828794444e-08,2.19030709154546,0.743,0.14,0.00187216139826286,"15","Tpst1"
5.95857765812967e-08,1.55511383904248,0.846,0.294,0.00192372679692716,"15","Man1b1"
6.21759925378682e-08,1.79159877446308,0.766,0.196,0.00200735191908508,"15","Slc35b1"
6.27118131510121e-08,1.34511167319607,0.504,0.148,0.00202465088758043,"15","Ccdc134"
6.88261769088083e-08,3.73285564443332,0.621,0.064,0.00222205312150088,"15","Tex14"
7.77888271636172e-08,3.93561817717255,0.515,0.028,0.00251141228497738,"15","Atp9a"
7.77888271636172e-08,1.67754769640398,0.45,0.034,0.00251141228497738,"15","Gm15987"
7.77888271636172e-08,9.02031341871195,0.405,0.001,0.00251141228497738,"15","Kcnmb4os2"
7.77888271636172e-08,6.82466518477601,0.372,0.002,0.00251141228497738,"15","Oosp2"
1.08562496205779e-07,1.38708093720482,0.887,0.294,0.00350494019000358,"15","Btg2"
1.23431712016429e-07,1.12872593893292,0.929,0.455,0.0039849928224504,"15","Derl1"
1.24442091904581e-07,1.58147942878272,0.578,0.06,0.00401761293713941,"15","Mgll"
1.6878050448975e-07,0.618755474688629,0.494,0.061,0.00544907858745157,"15","Aldh3b1"
1.73433623114878e-07,7.94717020290678,0.454,0.002,0.00559930452226384,"15","Aldh1l2"
1.73433623114878e-07,11.3187290387272,0.385,0.004,0.00559930452226384,"15","Igkv14-126"
1.73433623114878e-07,2.85083546468415,0.388,0.014,0.00559930452226384,"15","Rab30"
1.73433623114878e-07,7.39386096349636,0.346,0.001,0.00559930452226384,"15","4933404K13Rik"
2.18881749944719e-07,0.921910141062133,0.981,0.738,0.00706659729696526,"15","Tmed10"
2.30455813034803e-07,1.29467929359188,0.963,0.72,0.0074402659238286,"15","Krtcap2"
2.50126729244027e-07,0.871158460481246,0.877,0.378,0.0080753414536434,"15","Ccpg1"
2.95385497830706e-07,1.1081463562493,0.636,0.168,0.00953652079746434,"15","Htatip2"
3.07202652742796e-07,0.916470668399904,0.942,0.603,0.00991803764380117,"15","Ostc"
3.10120514905865e-07,3.42313624743127,0.431,0.029,0.0100122408237359,"15","Etl4"
3.11198570958859e-07,1.18897899612014,0.632,0.199,0.0100470458634068,"15","Hspa13"
3.18260042386021e-07,1.0787942324059,0.831,0.343,0.0102750254684327,"15","Tmem248"
3.6376683192536e-07,0.656199654154819,0.862,0.399,0.0117442121687103,"15","Filip1l"
3.69824662833041e-07,1.64025172036012,0.493,0.115,0.0119397892395647,"15","Selenom"
3.81130019167373e-07,4.5510167894254,0.444,0.009,0.0123047826688186,"15","Hepacam2"
3.81130019167373e-07,6.17225858668741,0.428,0.003,0.0123047826688186,"15","Krt222"
3.81130019167373e-07,2.7993955090593,0.439,0.037,0.0123047826688186,"15","Trim7"
4.09298406959593e-07,1.32568294935371,0.797,0.266,0.0132141990686905,"15","Ppfibp2"
4.09423781228735e-07,1.86204277888668,0.63,0.125,0.0132182467769697,"15","Farp2"
4.14558303406926e-07,0.890366141236359,0.989,0.72,0.0133840148254926,"15","H13"
4.39873513322721e-07,2.74498605727051,0.745,0.11,0.014201316377624,"15","Wipi1"
4.71620551003762e-07,0.831699879842108,0.976,0.723,0.0152262694891564,"15","Dad1"
4.80296528631884e-07,1.83475279215848,0.835,0.24,0.0155063734268804,"15","Ero1lb"
4.94637129338108e-07,1.47044453770491,0.931,0.419,0.0159693597206808,"15","Cytip"
5.13907257172308e-07,1.17131600880387,0.835,0.335,0.016591495797808,"15","Trabd"
5.28914248111229e-07,1.14084047833788,0.933,0.512,0.017075996500271,"15","Ddost"
5.73765677566789e-07,0.980262992149211,0.717,0.254,0.0185240249002438,"15","Slc39a7"
6.14443689796044e-07,1.85987236988297,0.901,0.312,0.0198373145250653,"15","Zfp36l1"
7.02289151950061e-07,4.4124627051178,0.52,0.006,0.0226734052707077,"15","2010309G21Rik"
7.3633791537904e-07,1.21225455590304,0.509,0.016,0.0237726695980123,"15","Ms4a1"
8.25849688076695e-07,4.26727293114939,0.405,0.019,0.0266625571795561,"15","Rab11fip4"
8.25849688076695e-07,9.55348530349214,0.379,0.002,0.0266625571795561,"15","Ighv11-2"
8.36835473587659e-07,1.19190185555582,0.725,0.243,0.0270172332647776,"15","Fam169b"
1.0042509727241e-06,1.24736159916408,0.716,0.249,0.0324222426543976,"15","Trp53i11"
1.09768569398368e-06,2.5470430144228,0.578,0.081,0.035438782630263,"15","4933421O10Rik"
1.2246322458381e-06,2.30225271665365,0.71,0.127,0.039537252056883,"15","Prr5"
1.24840726744554e-06,0.966214527723366,0.533,0.162,0.0403048286294792,"15","Zhx2"
1.29337850433834e-06,1.00654148983298,0.95,0.603,0.0417567250125633,"15","Cnpy2"
1.38636025669237e-06,1.15148493338375,0.901,0.48,0.0447586408873132,"15","Lman1"
1.40732747270448e-06,0.900594064179929,0.983,0.76,0.0454355674562643,"15","Cyba"
1.64435416442158e-06,1.06951325217327,0.831,0.399,0.0530879741983507,"15","Odc1"
1.72730524150904e-06,1.10966943694894,0.95,0.605,0.0557660497221195,"15","Hdlbp"
1.76515934465433e-06,5.29262934588292,0.454,0.002,0.056988169442165,"15","Gpm6a"
1.76515934465433e-06,3.29705255601935,0.444,0.031,0.056988169442165,"15","Myo1h"
1.76515934465433e-06,6.1961746617429,0.346,0.003,0.056988169442165,"15","Sspo"
1.76515934465433e-06,4.97965159111951,0.294,0.006,0.056988169442165,"15","Gm36486"
1.92109019208131e-06,1.33766120270971,0.976,0.582,0.0620223968513452,"15","Fbxw7"
2.18024031768499e-06,0.655322461090029,0.42,0.147,0.0703890586564598,"15","Cbx7"
2.58275337103115e-06,1.22071209503575,0.937,0.503,0.0833841925837407,"15","Srpr"
2.88360849807682e-06,6.12072749031742,0.586,0.007,0.0930973003604102,"15","Kcnmb4"
3.29522862828584e-06,0.883756567930158,0.647,0.25,0.106386456264208,"15","Il6st"
3.3753259239129e-06,4.04086803138335,0.398,0.017,0.108972397453528,"15","Wdr17"
3.7229983629128e-06,2.7408000295371,0.316,0.012,0.12019700214664,"15","Cd40"
3.80301644339766e-06,1.48071875438387,0.649,0.175,0.122780385875093,"15","Arid3a"
4.10277202150376e-06,1.81295459709434,0.537,0.117,0.132457994714249,"15","Pim2"
4.21199063893403e-06,0.250843258143028,0.95,0.531,0.135984117777985,"15","Unc93b1"
5.47672328659414e-06,0.6889570964403,0.301,0.079,0.176816011307692,"15","Pou6f1"
5.91277527168161e-06,1.19983518451713,0.375,0.127,0.190893949646241,"15","Gm43305"
7.48317380466127e-06,1.4180663810287,0.885,0.283,0.241594266283489,"15","Ppp3cc"
7.75182569435383e-06,9.92481664704473,0.39,0,0.250267692542214,"15","Bmp6"
7.75182569435383e-06,3.48217852576226,0.281,0.012,0.250267692542214,"15","Zfyve28"
7.75182569435383e-06,3.47065875688295,0.238,0.011,0.250267692542214,"15","Clec2g"
7.75182569435383e-06,3.16461949444705,0.229,0.014,0.250267692542214,"15","Crb3"
7.75182569435383e-06,1.23122522700626,0.236,0.025,0.250267692542214,"15","Nrp2"
7.85150596690083e-06,1.59604430767063,0.773,0.239,0.253485870141393,"15","Sik1"
8.71679664932141e-06,1.3990121286121,0.903,0.391,0.281421779823342,"15","Rilpl2"
8.84270164231729e-06,1.06040863247693,0.801,0.337,0.285486622522214,"15","Edem3"
9.52314873813433e-06,2.46609111202796,0.374,0.05,0.307454857010667,"15","Ryr1"
9.56603557250705e-06,0.793312431771306,0.89,0.489,0.30883945845839,"15","Mrpl57"
9.82696926263813e-06,4.97380068664632,0.472,0.012,0.317263702644272,"15","Pycr1"
1.02206038516306e-05,0.656097975045965,0.967,0.657,0.329972195349894,"15","Shisa5"
1.03711792846425e-05,0.346124147132527,0.799,0.294,0.334833523204682,"15","Chchd10"
1.09174201383989e-05,1.32746546287695,0.561,0.108,0.352468909168208,"15","Dusp22"
1.45436800734619e-05,2.75648157597998,0.374,0.06,0.469542711171718,"15","Atf5"
1.45764330866928e-05,0.791418470601054,0.812,0.396,0.470600142203878,"15","Gorasp2"
1.59404479567909e-05,2.96660485397887,0.364,0.008,0.514637362284994,"15","Slamf9"
1.59404479567909e-05,11.7498822302299,0.353,0,0.514637362284994,"15","Gm48370"
1.59404479567909e-05,5.93154114151023,0.281,0.004,0.514637362284994,"15","Evc"
1.59404479567909e-05,4.43215492141451,0.242,0.012,0.514637362284994,"15","Cldn7"
1.59404479567909e-05,3.29214076383769,0.236,0.017,0.514637362284994,"15","Serpina3f"
1.59404479567909e-05,3.73808527707765,0.227,0.011,0.514637362284994,"15","Pawr"
1.73207595931449e-05,1.29941810459293,0.935,0.509,0.559200723464684,"15","Cope"
1.83651834860623e-05,2.0208148190696,0.496,0.059,0.592919948847522,"15","Sorcs2"
1.94516949203455e-05,1.96052034833118,0.576,0.1,0.627997970503354,"15","Irs2"
2.06612272837051e-05,0.736974234098152,0.673,0.269,0.667047722854421,"15","Rhobtb1"
2.18840140942309e-05,0.17174805349639,0.911,0.545,0.706525395032245,"15","Tapbp"
2.31070951184424e-05,0.409913215910813,0.747,0.385,0.746012565898914,"15","Calu"
2.56629935761966e-05,1.31832323294688,0.892,0.595,0.828529747607506,"15","Tmem176a"
2.6329068487756e-05,1.76780396113134,0.727,0.111,0.850033976127202,"15","1110008P14Rik"
2.79910895564643e-05,1.40087572075668,0.478,0.076,0.90369232633045,"15","Tulp4"
2.89412300429461e-05,0.4931661560394,0.928,0.507,0.934367611936516,"15","Pkig"
2.99803184899919e-05,0.656225046607783,0.66,0.161,0.967914582449387,"15","Tmcc3"
3.02278375023837e-05,0.835243196291857,0.719,0.31,0.975905733764457,"15","Alg5"
3.05216951613245e-05,0.901859437454056,0.831,0.421,0.985392928283362,"15","Erlec1"
3.23491590873932e-05,0.907445600085593,0.755,0.332,1,"15","Iqcb1"
3.23872985920376e-05,6.1454564248462,0.21,0.002,1,"15","Izumo1"
3.30832934888383e-05,1.60263892748772,0.413,0.069,1,"15","Copz2"
3.81125730364292e-05,0.650208334860882,0.807,0.437,1,"15","Ftx"
3.84137153946822e-05,2.48746412635177,0.316,0.045,1,"15","Zcchc18"
4.03249303892145e-05,1.33245845262522,0.848,0.354,1,"15","Dnajb9"
4.36668761023195e-05,1.12749066495543,0.755,0.278,1,"15","Nans"
5.01442434547243e-05,0.680586220653451,0.974,0.686,1,"15","Tmed2"
5.16311713308639e-05,0.863428105687957,0.983,0.619,1,"15","Nek7"
5.32876363768297e-05,0.860748161005095,0.545,0.185,1,"15","Pla2g12a"
5.53242242080314e-05,1.04763366276996,0.658,0.208,1,"15","Tapbpl"
5.96371412060419e-05,1.07420194877908,0.74,0.326,1,"15","Ccser2"
6.23970946304982e-05,1.60391110304712,0.361,0.066,1,"15","Qpctl"
6.50475622222749e-05,2.7051753618184,0.314,0.026,1,"15","Gm26885"
6.55848881340884e-05,1.892374708895,0.476,0.116,1,"15","Gm49980"
6.58888352358635e-05,1.67035637004787,0.738,0.201,1,"15","Hyou1"
6.92656554911512e-05,1.1878170552903,0.835,0.373,1,"15","Uba5"
6.9855713325444e-05,0.294802138897926,0.823,0.469,1,"15","Stx5a"
8.1776868747805e-05,0.962603777200241,0.441,0.063,1,"15","Myo1e"
8.1776868747805e-05,2.47154310136318,0.387,0.048,1,"15","Hid1"
8.51024974147931e-05,1.06325625487923,0.883,0.416,1,"15","Sec61a1"
9.03322858218271e-05,0.981666971265845,0.677,0.228,1,"15","Gramd3"
9.09326090308504e-05,2.08147138951583,0.294,0.043,1,"15","Wfs1"
9.20301287786367e-05,1.06653162872259,0.784,0.348,1,"15","Prmt7"
9.40724598722389e-05,1.56384502224526,0.47,0.077,1,"15","Hsd11b1"
9.49845049371302e-05,3.26446232380964,0.375,0.026,1,"15","Gm44734"
0.000101313820906967,1.10096205282128,0.599,0.198,1,"15","Tmc6"
0.000102821696885433,1.70878934114826,0.383,0.093,1,"15","Asns"
0.000109408985169182,0.902944476174443,0.916,0.476,1,"15","Ralgps2"
0.000116429107321376,1.48947832433406,0.333,0.089,1,"15","Zfp280b"
0.000119105030773629,2.12539733046551,0.403,0.061,1,"15","Rapgef3"
0.000120156247596023,0.339089897427934,0.95,0.631,1,"15","Tm9sf2"
0.000129208146895081,5.21304930314573,0.266,0.003,1,"15","Il10"
0.000129208146895081,5.62129240203458,0.26,0.002,1,"15","Stac2"
0.000145390975036518,0.20152605017397,0.543,0.269,1,"15","Irak2"
0.000155920395248307,0.472809088948027,0.329,0.111,1,"15","Rubcnl"
0.000161239574441021,0.488432089103097,0.504,0.236,1,"15","Crbn"
0.000162131850565849,1.07167755214233,0.53,0.118,1,"15","Card11"
0.000164799417265592,1.63558520519694,0.567,0.13,1,"15","Gpr18"
0.000167638150405007,1.64377783026423,0.45,0.08,1,"15","Rap1gap2"
0.000168764484571113,0.854168006499463,0.429,0.15,1,"15","Cars"
0.00017811805830482,1.54510746551548,0.283,0.074,1,"15","Lmo7"
0.000187287485466216,2.00014823791896,0.413,0.072,1,"15","C130026I21Rik"
0.000193054021773036,2.42116404090285,0.4,0.038,1,"15","Grap"
0.000194093370998179,2.06439282636748,0.34,0.024,1,"15","Cyp4f18"
0.000211587447563405,0.727671144434587,0.967,0.762,1,"15","Ppib"
0.000218444354970831,1.39217262834233,0.628,0.181,1,"15","Tmem214"
0.000220599515611481,3.32750623656444,0.388,0.008,1,"15","Gm43388"
0.000231422927860948,0.234825698669707,0.786,0.479,1,"15","Hivep3"
0.000243974689595048,0.806263780752421,0.842,0.413,1,"15","Sept11"
0.000253976368838715,4.1096162651422,0.292,0.009,1,"15","Rasip1"
0.000253976368838715,3.96269041695727,0.232,0.008,1,"15","Alpl"
0.000253976368838715,6.57663226511552,0.223,0.001,1,"15","Ackr3"
0.000263911717094281,0.70693479570695,0.976,0.669,1,"15","Cdc42se2"
0.000276707145987221,0.891458196906364,0.853,0.418,1,"15","Sar1a"
0.000279510125356869,1.09384362679634,0.747,0.295,1,"15","Gne"
0.000290838864972722,1.6505647584995,0.383,0.08,1,"15","Praf2"
0.000293101300083003,0.230250243847169,0.963,0.721,1,"15","H2-T23"
0.000298139433301275,0.799033103756042,0.881,0.375,1,"15","Entpd1"
0.000299289559268695,1.11420802974727,0.678,0.226,1,"15","Srprb"
0.000301122125428093,0.497011297421313,0.797,0.43,1,"15","Mydgf"
0.000303585508863232,0.818176437868847,0.368,0.129,1,"15","Ryk"
0.000320898268161197,0.681916123186163,0.632,0.132,1,"15","Slc7a7"
0.000339854816970259,0.175059144884767,0.755,0.409,1,"15","Pon2"
0.00034473766608407,0.99406920190618,0.714,0.296,1,"15","1700017B05Rik"
0.000356480736701271,0.321430113704222,0.691,0.276,1,"15","Foxo1"
0.00038108933699694,0.578951199558756,0.974,0.731,1,"15","Ubc"
0.000385947684457045,0.919445525008984,0.448,0.106,1,"15","Chd7"
0.000388197640918622,0.812950189773917,0.359,0.126,1,"15","Cpeb2"
0.000408487215999557,2.72559426312323,0.232,0.012,1,"15","Chpf"
0.00042383398431549,0.383851267521775,0.749,0.448,1,"15","Ergic2"
0.000425981117781377,2.03287927867214,0.335,0.013,1,"15","Fcmr"
0.000451814812842605,1.10650170514355,0.511,0.158,1,"15","Gmppa"
0.000452969488799726,0.567765371418175,0.898,0.526,1,"15","Swap70"
0.000457020798528967,0.629286931221643,0.903,0.565,1,"15","Kcnn4"
0.000461845243116618,1.0995394265481,0.465,0.137,1,"15","Yipf2"
0.000470304206915155,0.641156927341026,0.433,0.125,1,"15","Dok3"
0.000494324738147379,3.31873430782618,0.29,0.014,1,"15","Endou"
0.000494324738147379,8.6567907297082,0.262,0,1,"15","Iglc4"
0.000494324738147379,5.05264766790878,0.225,0.003,1,"15","Ly6i"
0.000511442654175653,0.846788396203862,0.509,0.172,1,"15","Crem"
0.000512916656427935,2.11297296281669,0.355,0.03,1,"15","Sgip1"
0.000513173040956312,4.60862816678606,0.286,0.008,1,"15","Negr1"
0.000525083153664417,1.00013105442119,0.747,0.255,1,"15","Adgre5"
0.000558572851348205,0.272382649000829,0.619,0.293,1,"15","Derl2"
0.000576666927191136,0.637516644937258,0.963,0.746,1,"15","Sec61g"
0.000592055357738842,0.658076258323314,0.768,0.482,1,"15","Jun"
0.00059559519029565,0.791805347192462,0.554,0.241,1,"15","Gm36975"
0.000634555911157354,0.703896590406851,0.89,0.514,1,"15","Ndufa1"
0.000634654854049074,0.381374240415604,0.762,0.412,1,"15","Birc3"
0.000636947755027097,0.988704330239101,0.993,0.778,1,"15","Fndc3a"
0.000640787541012142,0.412189475705944,0.792,0.402,1,"15","Atraid"
0.000642838755538117,1.18575816296001,0.414,0.048,1,"15","Gimap4"
0.000653303846169581,2.14341118896151,0.368,0.063,1,"15","Pkd2l2"
0.000688130824392661,0.587752339433959,0.924,0.567,1,"15","Lman2"
0.000688539957784109,0.760703513620539,0.883,0.542,1,"15","Ift20"
0.000718635169634016,3.79838634500565,0.401,0.016,1,"15","Kbtbd12"
0.000754999968456166,0.561357684889699,0.974,0.713,1,"15","Rrbp1"
0.000781965461806928,0.868263765080445,0.812,0.393,1,"15","Kdelr2"
0.00079194130852346,0.562560805474596,0.901,0.615,1,"15","Golgb1"
0.000798287360884941,1.28002151379237,0.669,0.294,1,"15","Junb"
0.000830281335137733,1.43871038504341,0.656,0.184,1,"15","Skil"
0.000843538754769814,0.705205021747777,0.398,0.115,1,"15","Creb3"
0.000854113498838748,0.443823959610584,0.682,0.347,1,"15","Mrps34"
0.000863864442216819,0.291791988199702,0.855,0.546,1,"15","Vars"
0.000880592810432035,0.959529239583116,0.407,0.13,1,"15","Akap17b"
0.000882838659592094,1.7149520536878,0.539,0.094,1,"15","Tnfrsf13c"
0.000900719217038556,1.99154002436565,0.783,0.195,1,"15","Isg20"
0.000933974917549736,0.490911494557271,0.749,0.425,1,"15","Capg"
0.000953362814751275,5.6167994679961,0.275,0.003,1,"15","Eef1akmt3"
0.000953362814751275,4.21630487630451,0.245,0.009,1,"15","Lipc"
0.000953362814751275,4.88055979226113,0.216,0.004,1,"15","Gm47828"
0.000953362814751275,8.27531727761648,0.208,0,1,"15","Gabra4"
0.000953362814751275,3.7096660318053,0.212,0.008,1,"15","Hs3st3b1"
0.000971426026314755,0.594664762641685,0.924,0.572,1,"15","Srsf9"
0.000989425948282291,0.854889012982059,0.887,0.485,1,"15","Clic4"
0.000991325562520879,0.591735371848831,0.961,0.693,1,"15","Arf4"
0.00100418772177507,0.87893285714589,0.894,0.506,1,"15","Erp44"
0.00101410508137984,0.712154934780085,0.348,0.122,1,"15","Coro2b"
0.00102774213332579,0.287981664923196,0.922,0.606,1,"15","Rnasek"
0.00103249455163661,2.51884615137903,0.364,0.056,1,"15","Camk2b"
0.00103726599051296,0.308978082005112,0.773,0.481,1,"15","Umad1"
0.00107173694943071,0.525679359027349,0.297,0.09,1,"15","Cdc42bpb"
0.00108317470977487,1.98357984987608,0.344,0.052,1,"15","Gm11342"
0.00112087867346449,0.321575603734198,0.498,0.243,1,"15","Grk5"
0.00118439362889469,0.611908230297193,0.931,0.583,1,"15","Ssr3"
0.00126709857784502,1.86749234033884,0.513,0.101,1,"15","Gmppb"
0.00128642134792153,0.460206458948045,0.647,0.249,1,"15","Dhrs7"
0.00130651323865171,3.36859059225514,0.312,0.02,1,"15","1810041H14Rik"
0.00136007553515482,0.485835712452457,0.478,0.193,1,"15","Yipf6"
0.00144622897620329,0.2817900299212,0.706,0.363,1,"15","Odr4"
0.00146718269117962,1.37534351427017,0.279,0.076,1,"15","Gm43331"
0.00149715172037423,1.07490959328764,0.346,0.115,1,"15","5830418P13Rik"
0.0015768738818385,0.799294060921921,0.81,0.399,1,"15","Sars"
0.00165075888927509,1.78030863247238,0.364,0.079,1,"15","St14"
0.00167164619761506,0.48482448317958,0.957,0.677,1,"15","Dnajc7"
0.00173351244837575,0.503918077760744,0.37,0.154,1,"15","Nfkbie"
0.00173827507328796,1.08962627007093,0.794,0.383,1,"15","Nbas"
0.00175967327203229,1.24461637077383,0.762,0.312,1,"15","Atat1"
0.00176528554705955,0.850618464207881,0.967,0.602,1,"15","Adk"
0.00177015415316756,0.444716778568525,0.814,0.464,1,"15","Nars"
0.00178877020417816,0.68077598591623,0.929,0.589,1,"15","Tmem258"
0.00180331473127202,0.334903648622777,0.706,0.36,1,"15","Sp140"
0.00180567666267904,0.316560787650767,0.883,0.504,1,"15","Man2a1"
0.00188231590099029,3.69069628877403,0.346,0.036,1,"15","Ctla4"
0.00211142491824697,0.14481033059698,0.745,0.421,1,"15","BC004004"
0.00211520562521445,0.370297170926367,0.533,0.227,1,"15","Alad"
0.00216228380802901,0.445602336543622,0.695,0.385,1,"15","Ttc19"
0.00220244980084256,0.832264584703837,0.414,0.139,1,"15","Insl6"
0.00221854368286918,0.518849184766346,0.944,0.678,1,"15","Tram1"
0.00226630972026649,0.274663742988879,0.556,0.295,1,"15","Glt8d1"
0.00229182361524116,1.07457317399728,0.494,0.081,1,"15","Grap2"
0.00237791911243601,0.476747673274186,0.388,0.122,1,"15","H2-T24"
0.00256496661432153,1.77927217064179,0.307,0.044,1,"15","Myl4"
0.00276543119272329,0.717354175896908,0.868,0.513,1,"15","Tns3"
0.00277184158946015,0.387945770396401,0.836,0.518,1,"15","Srp19"
0.00288562568389889,0.720604669733311,0.312,0.047,1,"15","Nrp1"
0.0029339589113378,0.645719893891353,0.556,0.216,1,"15","Hint3"
0.00306403017027463,0.281816845858165,0.608,0.355,1,"15","Cep85"
0.00321523467111919,1.64127066431762,0.31,0.055,1,"15","Gm49417"
0.00323937008968911,1.09185960185491,0.567,0.188,1,"15","Faah"
0.00325071554952768,0.996536165779965,0.903,0.444,1,"15","Uso1"
0.00333250625116742,0.983917025163319,0.309,0.093,1,"15","Rusc1"
0.00345366070407507,1.14690397373335,0.322,0.077,1,"15","P2ry10"
0.0034859250214756,0.497571207738152,0.818,0.468,1,"15","Sqstm1"
0.0037246604997215,1.22340425466178,0.362,0.093,1,"15","Bend5"
0.00373589840339825,1.74206760795051,0.528,0.111,1,"15","Stoml1"
0.0038142076458821,0.623195257403269,0.45,0.196,1,"15","Ppp1r15a"
0.00391660113227901,1.32580453931841,0.316,0.092,1,"15","Gadd45b"
0.00408506914874244,1.18859711852117,0.349,0.092,1,"15","Tnfaip3"
0.00420930505487181,0.792810731266922,0.855,0.458,1,"15","Tank"
0.00422437087003368,0.498260330808329,0.742,0.324,1,"15","Trappc2l"
0.00427882754850866,0.839782827375014,0.284,0.041,1,"15","Blk"
0.00447853130297128,0.729517364539576,0.428,0.172,1,"15","Dclk2"
0.00470522923155586,0.444647558704136,0.625,0.22,1,"15","Ifi27l2a"
0.00473994386201712,0.394843796708096,0.472,0.158,1,"15","Btla"
0.00498449936010997,0.537334788512589,0.82,0.437,1,"15","Gfpt1"
0.00520793840869403,1.0993708761424,0.271,0.069,1,"15","Rps6ka2"
0.00522750845183285,0.880312134792434,0.66,0.262,1,"15","Tmem39a"
0.0053398893470078,0.380892290549462,0.318,0.023,1,"15","Gm32569"
0.00540962383765008,0.563566971165379,0.509,0.232,1,"15","Ccdc167"
0.00557673733361278,0.798358338895822,0.472,0.159,1,"15","Mif4gd"
0.0056223994961354,0.556709407835454,0.411,0.16,1,"15","Mef2b"
0.00567744602488219,1.84905252719336,0.507,0.143,1,"15","Slc7a5"
0.00572310079577014,1.16218254950961,0.299,0.085,1,"15","Gm43329"
0.00591955640303611,0.508520430237213,0.515,0.25,1,"15","Pfkp"
0.00601980530169633,0.763962037036129,0.507,0.138,1,"15","Stard5"
0.00604190621580725,0.867635760621286,0.654,0.243,1,"15","Rnf123"
0.00605729685357971,0.769134728214923,0.494,0.203,1,"15","Cnst"
0.0061272281887272,0.274019300890635,0.66,0.331,1,"15","Ebp"
0.00614282374540837,1.11142063276152,0.383,0.098,1,"15","Atp1b1"
0.00614704248938849,0.40995900097159,0.764,0.442,1,"15","Bet1"
0.00617350195199232,0.943843568325277,0.381,0.085,1,"15","Nacc2"
0.00623452481693563,0.518855161050159,0.327,0.079,1,"15","Ublcp1"
0.00624981358076755,0.666658179089261,0.593,0.25,1,"15","Slc33a1"
0.00633582441692724,0.757241729801033,0.519,0.225,1,"15","Hmces"
0.00643733456073609,0.504755742439704,0.541,0.152,1,"15","Ly96"
0.00653556966225465,6.60188958433789,0.227,0.001,1,"15","Gm40304"
0.0067171719272783,1.07465496136845,0.615,0.184,1,"15","Chid1"
0.00674153514504252,0.75163413905491,0.783,0.448,1,"15","Bbs9"
0.00741242569577432,1.09358498732256,0.844,0.533,1,"15","Znrf3"
0.00753283694757022,1.48656864505295,0.375,0.093,1,"15","Tacc2"
0.00772790637620716,2.17395424843012,0.307,0.047,1,"15","B930036N10Rik"
0.00804193789544222,0.553298550053913,0.394,0.162,1,"15","Dnajc25"
0.00822073462977531,0.935085153236281,0.346,0.101,1,"15","Nudt22"
0.00825726230556795,0.757894701019748,0.435,0.134,1,"15","Zfyve21"
0.00837620216801041,5.35038156025189,0.221,0.004,1,"15","Plcd3"
0.00847451025506683,1.4682139619932,0.444,0.101,1,"15","E030030I06Rik"
0.00851998428925656,0.77640695259989,0.766,0.31,1,"15","Eif2ak3"
0.00918785014594915,0.368707271387725,0.792,0.469,1,"15","Rcbtb2"
0.00932748313433907,0.847538591908501,0.764,0.406,1,"15","Evi5"
0.00935696766186297,0.137006203284513,0.476,0.256,1,"15","Cxcr4"
0.0095601075657172,1.06947689741262,0.545,0.166,1,"15","Mars"
4.73296966216483e-20,5.30703033890356,0.988,0.039,1.52803925542992e-15,"16","Pax5"
1.14167930787949e-19,2.87971600991611,0.994,0.066,3.68591164548894e-15,"16","Ebf1"
1.25934637105797e-19,9.49012549443259,0.955,0.011,4.06579975896066e-15,"16","Ms4a1"
2.91742717217177e-19,5.03542846487769,0.965,0.06,9.41891362535656e-15,"16","Cd79a"
2.99602922533823e-19,7.13124499799306,0.976,0.027,9.67268035400449e-15,"16","Ikzf3"
2.30161678682934e-18,3.94540183627478,0.986,0.244,7.43076979627852e-14,"16","Prkcb"
4.94537755412177e-18,6.00608707440998,0.994,0.134,1.59661514334821e-13,"16","Bank1"
5.52742968866373e-18,6.81186994058146,0.89,0.031,1.78453067498508e-13,"16","Tmem163"
1.64056486868501e-17,6.10524666798141,0.933,0.035,5.29656367854956e-13,"16","Ly6d"
1.84308755959067e-17,4.27984652856083,0.971,0.302,5.95040818613846e-13,"16","Cd79b"
3.56071025414897e-17,6.30764406382136,0.882,0.058,1.149575305552e-12,"16","Myo1e"
7.08179145323558e-17,3.24392667787191,0.935,0.134,2.28635637067711e-12,"16","Blnk"
5.42534150658586e-16,4.73287571407117,0.88,0.032,1.75157150540124e-11,"16","Iglc2"
8.51293735208712e-16,0.741007968806458,0.988,0.571,2.74840182412133e-11,"16","Ighm"
8.79541512428931e-16,3.95419828203316,0.984,0.288,2.8395997728768e-11,"16","Cd74"
9.02212341008464e-16,4.89447668691895,0.873,0.153,2.91279254294583e-11,"16","Btla"
3.13473988666773e-15,4.70631264802789,0.957,0.14,1.01205077241068e-10,"16","Gm26740"
3.36482051634326e-15,3.80306808373343,0.935,0.283,1.08633230370142e-10,"16","Ets1"
3.66646067072085e-15,4.19973055242523,0.712,0.049,1.18371682754223e-10,"16","Pou2af1"
4.00267384242213e-15,2.87866076494638,0.947,0.616,1.29226325002599e-10,"16","Cd37"
6.68408368548997e-15,2.63432317955664,0.969,0.695,2.15795641786044e-10,"16","Syk"
7.1560667128512e-15,4.74489521186288,0.8,0.039,2.31033613824401e-10,"16","Chst3"
7.35197015566408e-15,4.4723682780737,0.849,0.022,2.37358356475615e-10,"16","Iglc3"
8.0255411271008e-15,4.96244702601162,0.839,0.054,2.59104595288449e-10,"16","March1"
9.85224354145651e-15,4.60146007902987,0.831,0.094,3.18079682735924e-10,"16","St6gal1"
1.2975301555671e-14,3.91743553397271,0.963,0.476,4.18907610724839e-10,"16","Ralgps2"
1.4297090443914e-14,2.43061990739697,0.988,0.769,4.61581564981762e-10,"16","Lyn"
1.50559272578125e-14,3.89047155655073,0.867,0.128,4.86080611518478e-10,"16","H2-Eb1"
2.0158052079046e-14,5.30986908327932,0.839,0.084,6.50802711372001e-10,"16","Klf2"
2.17479711416644e-14,3.38883319066099,0.957,0.426,7.02133248308635e-10,"16","Nedd9"
4.736583875927e-14,4.41815439919365,0.798,0.115,1.52920610434303e-09,"16","Card11"
5.5324339828054e-14,6.1521646205423,0.78,0.034,1.78614631134872e-09,"16","Blk"
7.40780979725352e-14,7.08584981416558,0.818,0.04,2.3916113930433e-09,"16","Ighd"
1.38348631550026e-13,3.31374837104249,0.894,0.387,4.46658556959259e-09,"16","Btg1"
1.84822816550381e-13,9.04733620847565,0.788,0.008,5.96700463232905e-09,"16","Fcmr"
2.88388829542033e-13,3.55365837679843,0.824,0.293,9.31063336176453e-09,"16","Slc9a7"
3.21652213019107e-13,5.29355508519048,0.673,0.049,1.03845416973219e-08,"16","Fcrla"
8.8533076026921e-13,4.41505381230732,0.741,0.124,2.85829035952915e-08,"16","Siglecg"
8.88333866950272e-13,6.31011748999174,0.763,0.03,2.86798588944895e-08,"16","Gm15987"
1.18387074330585e-12,3.60603178847348,0.912,0.415,3.82212669476293e-08,"16","Inpp4b"
3.86827830299161e-12,6.66115529664732,0.649,0.011,1.24887365012084e-07,"16","Scd1"
3.9444182038155e-12,6.76832911017065,0.727,0.027,1.27345541710183e-07,"16","Gm31243"
3.98409133192312e-12,6.93860425463249,0.702,0.022,1.28626388651138e-07,"16","BE692007"
4.11241238464466e-12,3.14153133718209,0.884,0.303,1.32769233838253e-07,"16","H2-Ab1"
4.53426304054978e-12,4.52773915886944,0.859,0.146,1.4638868226415e-07,"16","Cd55"
5.84297486180024e-12,3.22688018881359,0.965,0.567,1.88640443413221e-07,"16","Bach2"
6.00383541405964e-12,3.69522048467767,0.873,0.177,1.93833826342916e-07,"16","H2-Aa"
8.15949344655565e-12,2.92441821559596,0.861,0.466,2.63429245922049e-07,"16","Malt1"
8.39367890753703e-12,3.09694260608638,0.876,0.115,2.70989923529833e-07,"16","Ly86"
1.70425192246237e-11,2.63121453012507,0.918,0.515,5.50217733166977e-07,"16","Pou2f2"
2.19087997761139e-11,2.76739408045337,0.935,0.539,7.07325600771836e-07,"16","Cd52"
5.04655765042952e-11,2.91679426842122,0.871,0.527,1.62928113744117e-06,"16","Swap70"
6.40570129741677e-11,2.34985142453762,0.839,0.508,2.06808066387101e-06,"16","Pkig"
7.17961917422399e-11,5.74328283135257,0.582,0.014,2.31794005039821e-06,"16","Rasgrp1"
7.24347747875375e-11,5.85821032634175,0.647,0.035,2.33855670401565e-06,"16","H2-DMb2"
8.42149825917572e-11,3.0993626354522,0.637,0.072,2.71888071297488e-06,"16","Cd38"
9.12690845620575e-11,2.433356937574,0.949,0.701,2.94662239508603e-06,"16","Ankrd44"
1.83719818514527e-10,6.56750548061305,0.706,0.012,5.93139434074149e-06,"16","Cd22"
2.15379365497955e-10,2.01340465825906,0.92,0.684,6.95352281510146e-06,"16","Sp100"
2.18078845713415e-10,5.92009406235955,0.651,0.049,7.0406755338576e-06,"16","Bcar3"
2.44562754507781e-10,2.95872777571359,0.871,0.434,7.89570852928371e-06,"16","Ablim1"
2.47904623364843e-10,2.79368302463908,0.863,0.454,8.00360076533396e-06,"16","Mtss1"
4.57935581005576e-10,6.78953501000641,0.492,0.006,1.4784450232765e-05,"16","Cd2"
5.20900811478626e-10,4.82546208532822,0.612,0.03,1.68172826985874e-05,"16","Cd19"
9.29048623997511e-10,2.8355240959675,0.667,0.042,2.99943348257596e-05,"16","Iglc1"
9.43884634619344e-10,2.23204881686136,0.771,0.469,3.04733154286855e-05,"16","Cyth1"
9.81209072543657e-10,2.68727711183731,0.833,0.375,3.1678334907072e-05,"16","Sh3bp5"
1.01770632490746e-09,1.84538315595426,0.92,0.701,3.28566486996375e-05,"16","Camk2d"
1.05321624644441e-09,3.52213113265315,0.724,0.242,3.40030865164579e-05,"16","Ero1lb"
1.12215689168096e-09,5.97546118318308,0.565,0.016,3.62288352479198e-05,"16","Spib"
1.25976498823253e-09,6.07655560477392,0.531,0.02,4.06715126450871e-05,"16","Cxcr5"
1.61940831185515e-09,4.58449284785448,0.516,0.047,5.22825973482434e-05,"16","Gimap4"
1.86721915436855e-09,2.29346961487483,0.886,0.608,6.02831703987885e-05,"16","Snx2"
2.6976962247579e-09,3.28984325093224,0.704,0.177,8.70951226163089e-05,"16","Cd180"
2.70435774249524e-09,8.17080058343612,0.494,0.007,8.73101897164589e-05,"16","Gm43388"
3.54203849132517e-09,2.10845904736523,0.763,0.489,0.000114354712692433,"16","Plekha2"
3.69356490976719e-09,1.55984150334096,0.469,0.05,0.000119246743111834,"16","Vpreb3"
3.97237039728569e-09,5.27397277889455,0.498,0.019,0.000128247978276369,"16","Adam19"
5.05914375316781e-09,1.97685081343029,0.835,0.625,0.000163334456071023,"16","Arhgap26"
5.45680184335861e-09,6.18782912738522,0.602,0.028,0.000176172847512833,"16","Arhgap24"
5.78113899652341e-09,4.11570941107785,0.6,0.056,0.000186644072502758,"16","Ciita"
6.32707205902684e-09,3.80213140990893,0.61,0.052,0.000204269521425681,"16","Cacna1e"
6.89892799029499e-09,2.38282425133934,0.788,0.455,0.000222731890166674,"16","Lmbrd1"
8.34115465392746e-09,3.77240042708348,0.459,0.098,0.000269294178002048,"16","S1pr1"
8.85338892864146e-09,3.61307972500395,0.602,0.127,0.000285831661561189,"16","Setbp1"
9.81437870501724e-09,4.1624977315441,0.618,0.022,0.000316857216491482,"16","Gm30211"
1.07676576427057e-08,2.23411570058514,0.861,0.476,0.000347633826994753,"16","Stk17b"
1.18788864004577e-08,3.62080836880459,0.78,0.116,0.000383509847438777,"16","Cmah"
1.49626681636315e-08,6.32690268660662,0.51,0.015,0.000483069741662843,"16","Gm8369"
1.82368138814266e-08,4.31981523681043,0.647,0.079,0.000588775536161859,"16","Grap2"
1.86602999145328e-08,3.18727067255172,0.586,0.1,0.000602447782740692,"16","Ifi30"
1.88439818392787e-08,5.09779933915141,0.494,0.038,0.000608377953681114,"16","Grap"
2.24625095509928e-08,2.81325347117291,0.576,0.197,0.000725202120853803,"16","Sh3pxd2a"
3.43765866262904e-08,7.1910464229847,0.471,0.007,0.00110984809922978,"16","Klhl14"
3.44021002889606e-08,2.55595110489579,0.655,0.07,0.00111067180782909,"16","Mzb1"
4.06216660574801e-08,5.72648524333372,0.527,0.033,0.00131147048866575,"16","Gm15675"
4.2187048750579e-08,2.93472575820831,0.818,0.5,0.00136200886891244,"16","Add3"
5.25903429924223e-08,4.76032799603479,0.573,0.094,0.00169787922351035,"16","Tnfrsf13c"
5.36411135391693e-08,2.67287734802707,0.69,0.277,0.00173180335061208,"16","Foxo1"
5.95791304670667e-08,3.69920034849734,0.527,0.046,0.00192351222712925,"16","Pgap1"
6.75734012391197e-08,3.40229040281597,0.794,0.293,0.00218160725900498,"16","4930523C07Rik"
7.77888271636172e-08,4.84538726484227,0.455,0.034,0.00251141228497738,"16","Gimap3"
8.41293598388753e-08,2.80417401665175,0.451,0.125,0.00271611638239809,"16","Dok3"
9.3091121097107e-08,1.77623790618911,0.82,0.603,0.0030054468446201,"16","Lsp1"
1.04244855488884e-07,3.10412508554947,0.727,0.193,0.00336554515945862,"16","Ppp1r16b"
1.10591805064523e-07,2.02220289192457,0.363,0.042,0.00357045642650813,"16","Cecr2"
1.42453442131337e-07,3.13087384973215,0.584,0.095,0.0045991093792102,"16","Ifi209"
1.61064989680371e-07,2.36208790109504,0.894,0.58,0.00519998319183077,"16","Dgkd"
1.73755712410055e-07,4.07814645500858,0.502,0.052,0.00560970317515863,"16","E330020D12Rik"
2.24880739036643e-07,2.73073314657234,0.673,0.287,0.00726027465979802,"16","Ppp3cc"
2.42692542155246e-07,1.8118925855348,0.822,0.599,0.00783532872348213,"16","Pecam1"
2.62961401408083e-07,2.89838194831991,0.712,0.354,0.00848970884445995,"16","Pxk"
3.32352968166333e-07,2.99806204033042,0.6,0.245,0.0107300155772501,"16","Fam169b"
4.35353723008872e-07,2.68768078050222,0.561,0.223,0.0140553949473414,"16","Ier5"
5.31242802871161e-07,1.94661887693078,0.818,0.613,0.0171511738906954,"16","Napsa"
5.44232193033346e-07,1.83821645358714,0.588,0.272,0.0175705363520816,"16","Lbh"
5.6555080080131e-07,1.76574956727871,0.855,0.596,0.0182588076038703,"16","Jund"
6.67782687993444e-07,0.934573813558054,0.831,0.383,0.0215593640818683,"16","Ctss"
6.92496454536048e-07,2.19304875239753,0.673,0.337,0.0223572480346963,"16","9930111J21Rik2"
7.05761720579989e-07,2.8798128226974,0.686,0.287,0.0227855171489249,"16","H2-Ob"
7.17851956791436e-07,2.96608656762351,0.445,0.057,0.0231758504250115,"16","Acp5"
8.25721612819853e-07,7.2310836930086,0.345,0.009,0.026658422269889,"16","2010309G21Rik"
8.25849688076695e-07,9.92119236254245,0.404,0.001,0.0266625571795561,"16","Cacna1i"
8.49878368718066e-07,1.13572612041847,0.771,0.545,0.0274383231340627,"16","Cd53"
9.20423865390748e-07,5.63405201496641,0.478,0.03,0.0297158844941403,"16","Gpr183"
9.7554333255424e-07,2.67138987866693,0.514,0.2,0.0314954164915136,"16","Tfeb"
1.0753701572957e-06,2.41815058486669,0.694,0.413,0.0347183255282916,"16","Birc3"
1.256928239432e-06,2.40199127870954,0.788,0.438,0.0405799282100623,"16","Hivep2"
1.34596123474653e-06,2.05161974284365,0.692,0.449,0.0434543584637917,"16","Ezr"
1.58929743057638e-06,4.02639643618288,0.392,0.064,0.0513104675461583,"16","Sbk1"
1.9721357164999e-06,2.21565801627554,0.808,0.518,0.0636704016071993,"16","Ltb"
2.07079114078738e-06,3.28440824212701,0.667,0.208,0.0668554919803205,"16","Sorl1"
2.28942529384763e-06,5.82349515224376,0.418,0.035,0.0739140956118707,"16","Cr2"
2.56691848438631e-06,2.75777662630009,0.749,0.368,0.0828729632684121,"16","Plekhm3"
2.76994976691624e-06,2.90846892843677,0.592,0.225,0.0894278282248909,"16","Gga2"
2.98994000795129e-06,4.41976206198351,0.369,0.024,0.0965302131567074,"16","Cyp4f18"
3.32053017324345e-06,4.78846913387749,0.602,0.049,0.107203316643165,"16","Fcrl1"
3.73216916009725e-06,2.47417601033445,0.543,0.148,0.12049308133374,"16","Slfn2"
3.79902885856835e-06,1.9510477359704,0.557,0.347,0.122651646698879,"16","Gm20559"
4.04481029188999e-06,2.84156240801,0.5,0.207,0.130586700273668,"16","Rubcn"
4.25219532977192e-06,2.94287373322727,0.647,0.247,0.137282126221687,"16","Txndc16"
5.80371761933627e-06,2.62993226723713,0.537,0.232,0.187373023340272,"16","Cyb561a3"
6.26168001140096e-06,1.46015425921358,0.812,0.533,0.20215833916808,"16","Unc93b1"
6.68070925346888e-06,1.94976665499944,0.863,0.607,0.215686698248243,"16","Gimap6"
7.00869168762329e-06,3.13233420338833,0.551,0.053,0.226275611134918,"16","Slamf6"
7.4507039997852e-06,2.01543760000647,0.663,0.233,0.240545978633065,"16","Ctsh"
7.75182569435383e-06,8.08430729058058,0.251,0.001,0.250267692542214,"16","Dtx1"
7.96594206115848e-06,3.36073063485854,0.6,0.096,0.257180439444502,"16","Hvcn1"
8.04870793712344e-06,3.43694607203124,0.527,0.154,0.25985253575003,"16","Pik3c2b"
8.96616032618603e-06,1.65645762409037,0.722,0.516,0.289472486130916,"16","Stk10"
9.94999502969498e-06,3.57425155742133,0.553,0.105,0.321235589533702,"16","Chd7"
1.04014636074776e-05,1.43326413395127,0.835,0.634,0.335811252567415,"16","Baz1a"
1.33453549705274e-05,3.31752199559444,0.437,0.11,0.430854785223476,"16","Rubcnl"
1.47774857928673e-05,3.05569054086453,0.573,0.218,0.477091128822721,"16","Traf5"
1.51498081344408e-05,2.21332596299898,0.716,0.479,0.489111555620423,"16","Dipk1a"
1.6741537285111e-05,2.1477549415102,0.669,0.423,0.540500531249808,"16","Cytip"
1.93126315869707e-05,3.59306252226764,0.633,0.164,0.623508310785348,"16","Kynu"
1.96873348118353e-05,3.53867556774833,0.633,0.208,0.635605604400102,"16","Lrrk2"
2.00018180311342e-05,4.41626230273991,0.382,0.041,0.645758695135166,"16","Gpr174"
2.03001769979484e-05,2.40638859333321,0.561,0.264,0.655391214378763,"16","Cnp"
2.12598345758574e-05,2.2349733461712,0.759,0.521,0.686373759281555,"16","Xylt1"
2.43839759276644e-05,4.8628233394306,0.357,0.041,0.787236662824646,"16","Cnr2"
2.64223246911738e-05,3.61797269731826,0.331,0.073,0.853044752654546,"16","Zc3h12d"
2.70316673653343e-05,2.81648483244856,0.406,0.146,0.872717380889818,"16","H2-Oa"
2.80647312784303e-05,3.66300348275018,0.412,0.097,0.906069849324123,"16","Carmil1"
2.96995347600559e-05,2.04654492558708,0.786,0.541,0.958849479728403,"16","Map3k1"
3.18967127597963e-05,3.03370163801379,0.618,0.229,1,"16","Dennd5b"
3.25977608787165e-05,1.74107611143064,0.843,0.616,1,"16","Samhd1"
3.33030116679622e-05,2.04469411024209,0.769,0.502,1,"16","Itpr2"
3.38182027226603e-05,2.74630575918467,0.524,0.165,1,"16","Tpm4"
3.66860081920596e-05,3.0106292231441,0.388,0.119,1,"16","Cnn3"
3.67348682356204e-05,3.78920967862032,0.339,0.04,1,"16","Irf4"
4.18094755177651e-05,1.8354331139075,0.569,0.299,1,"16","Btg2"
4.49401349410101e-05,4.09779982928702,0.333,0.053,1,"16","Gm11342"
5.15634739570377e-05,1.6758388555855,0.551,0.298,1,"16","Chchd10"
5.17907971247399e-05,2.87349349403645,0.818,0.314,1,"16","Zfp36l1"
5.43354976674964e-05,2.1449679385184,0.535,0.297,1,"16","Myo1c"
5.59018099409111e-05,4.05533975101059,0.384,0.028,1,"16","Id3"
5.59018099409111e-05,4.77414357996057,0.351,0.039,1,"16","Trim7"
5.69209234306119e-05,2.95574622094079,0.637,0.211,1,"16","Glcci1"
5.75230874755485e-05,3.62507927697158,0.386,0.064,1,"16","Clec2i"
5.77667994205907e-05,2.24711461626597,0.557,0.314,1,"16","Eif2ak3"
6.78023215917275e-05,2.82393301522681,0.488,0.205,1,"16","Inpp5f"
8.42055281073898e-05,2.55397811575249,0.688,0.36,1,"16","Tmem243"
8.56241181611488e-05,2.18843757198393,0.682,0.442,1,"16","Tec"
0.000105494102774062,3.72122856824411,0.38,0.076,1,"16","P2ry10"
0.000106123270986981,1.67043933818321,0.706,0.501,1,"16","Nsf"
0.000115161856457606,7.34574336764492,0.392,0.009,1,"16","Fcer2a"
0.000120355289701006,4.37447975851745,0.376,0.025,1,"16","Ms4a4c"
0.000129208146895081,7.73776087411012,0.231,0.002,1,"16","Fcrl5"
0.000131745659728203,2.669478809489,0.598,0.263,1,"16","Sell"
0.000135400043948007,1.94367510947992,0.567,0.324,1,"16","Rnase6"
0.000154867716268225,1.22101675902193,0.586,0.207,1,"16","Irf8"
0.000158959588743091,0.993560675920673,0.584,0.136,1,"16","Cybb"
0.000163088526964909,3.52795396844881,0.388,0.081,1,"16","Fcgr2b"
0.000163900079755905,2.79883968585139,0.49,0.202,1,"16","Dgka"
0.00017500795319652,1.62837091686819,0.784,0.573,1,"16","Tgfbr2"
0.000185328954545723,2.02900230770631,0.553,0.35,1,"16","Scml4"
0.000239064003502355,2.01582322682548,0.406,0.17,1,"16","Irf5"
0.000244734061634875,3.94528069775549,0.241,0.04,1,"16","Fam129c"
0.000268545594320565,2.50538343294236,0.637,0.325,1,"16","Iqsec1"
0.000300027893546096,2.20277877713951,0.563,0.261,1,"16","Bin1"
0.000301471944277318,1.51471883399404,0.539,0.267,1,"16","Snx25"
0.000317476707849744,2.27364920954032,0.49,0.164,1,"16","Tmcc3"
0.000366328380904079,2.03297030282198,0.588,0.376,1,"16","Map4k1"
0.000452058142236463,2.65010060588957,0.527,0.195,1,"16","Snx8"
0.000471160145595803,5.71901494551621,0.367,0.012,1,"16","Cd40"
0.000472930972979599,2.38736500746416,0.737,0.426,1,"16","Rel"
0.000535465262829823,5.04740322391564,0.255,0.021,1,"16","Ccr7"
0.00054152695964638,4.18583727609442,0.42,0.052,1,"16","Rasgrp3"
0.000547754243572687,1.9764083108002,0.767,0.531,1,"16","Fry"
0.000676770172076896,1.98803041282568,0.494,0.259,1,"16","Adgre5"
0.000783330361692172,3.50867437261595,0.373,0.031,1,"16","Cd83"
0.000817946669301368,1.26215158776205,0.441,0.131,1,"16","AB124611"
0.00093657526188298,6.06795251000757,0.28,0.011,1,"16","Clec2g"
0.00109550397263467,2.05841504610468,0.551,0.222,1,"16","Ifi27l2a"
0.00111654144145259,2.66392007059873,0.412,0.118,1,"16","Pkib"
0.00111654144145259,1.97525293604291,0.359,0.155,1,"16","Sdc4"
0.00127951528515407,1.99183106851099,0.659,0.405,1,"16","Bmp2k"
0.00131255816547183,1.76036667367776,0.418,0.2,1,"16","Vav2"
0.00138473238143612,2.82655193416214,0.451,0.163,1,"16","Zhx2"
0.00144108378295426,3.64499260509353,0.459,0.116,1,"16","Gm30054"
0.00174939605145887,2.19460023351265,0.445,0.217,1,"16","Snn"
0.00178847520372895,4.19171613708356,0.369,0.045,1,"16","Kmo"
0.0018860212705294,2.06719648031694,0.706,0.446,1,"16","Lpgat1"
0.00191918948676295,6.83336522997695,0.229,0.003,1,"16","F730311O21Rik"
0.00226722714110221,2.89406646591428,0.549,0.218,1,"16","B3gnt5"
0.00242153773109517,1.91393844318016,0.651,0.443,1,"16","Ccdc88c"
0.00255323556459953,5.50285656908697,0.298,0.015,1,"16","Il5ra"
0.00282511075669801,2.71336170337004,0.316,0.082,1,"16","Lpxn"
0.00438639703738612,2.38308219024771,0.765,0.401,1,"16","Filip1l"
0.0056223994961354,3.21288409537282,0.418,0.133,1,"16","Gpr18"
0.00567001090908751,2.78642342721208,0.263,0.056,1,"16","P2ry10b"
0.00648397174878157,2.52065888771347,0.292,0.079,1,"16","Tulp4"
0.00723004288829402,2.87143179582446,0.384,0.153,1,"16","Lamb3"
0.00946255312969967,2.68768726814844,0.443,0.214,1,"16","Zfp318"
1.69874130126382e-19,5.05633685293976,0.99,0.034,5.48438629113025e-15,"17","Cecr2"
3.3107319919227e-18,4.69753584898539,0.917,0.025,1.06886982359224e-13,"17","1700027J07Rik"
4.23666656373304e-18,3.87386377793423,0.986,0.134,1.36780780010121e-13,"17","Blnk"
5.18045394896472e-18,4.23302011368406,0.942,0.053,1.67250955742326e-13,"17","Il7r"
5.32781372274781e-18,2.95661145001072,0.986,0.478,1.72008466038913e-13,"17","Lmnb1"
6.27749094169223e-18,4.0962501549409,0.961,0.161,2.02668795052534e-13,"17","Pclaf"
8.50460427195303e-18,4.45382317777206,0.971,0.044,2.74571148920004e-13,"17","Lef1"
8.72001468639457e-18,3.83023758169859,0.967,0.233,2.81525674150249e-13,"17","Mki67"
1.18863010608346e-17,4.56441451240387,1,0.066,3.83749229749044e-13,"17","Ebf1"
1.36879193991274e-17,4.83141563390224,0.903,0.046,4.41914477800828e-13,"17","Cplx2"
3.62462347559506e-17,4.52034906927155,0.946,0.028,1.17020968909586e-12,"17","Igll1"
5.76670704125103e-17,4.3625752064916,0.952,0.058,1.8617813682679e-12,"17","Vpreb1"
8.97319422398672e-17,3.11963782899067,0.994,0.779,2.89699575521411e-12,"17","Hmgb2"
8.97678397193942e-17,2.79859997188877,0.981,0.706,2.89815470534064e-12,"17","Crip1"
1.24925486759852e-16,4.38130859126174,0.969,0.292,4.03321934004182e-12,"17","Chchd10"
1.48521417612373e-16,4.17166812216561,0.944,0.036,4.79501396761548e-12,"17","Gfra1"
1.76265009088351e-16,2.79586660979361,0.998,0.588,5.69071581841743e-12,"17","Ezh2"
2.79417338365033e-16,3.96202799356146,0.961,0.143,9.0209887691151e-12,"17","Pde2a"
3.47529458703305e-16,4.41581823791824,0.977,0.043,1.12199885742362e-11,"17","Vpreb3"
3.92312677912955e-16,2.83679210408393,0.942,0.23,1.26658148064197e-11,"17","Dck"
4.34887582391237e-16,2.99760589708012,0.903,0.061,1.40403455975011e-11,"17","Gfra2"
7.7808402405798e-16,3.1865055669706,0.919,0.257,2.51204427167119e-11,"17","Lockd"
9.18387995347504e-16,4.17818885819432,0.769,0.019,2.96501564297941e-11,"17","Vpreb2"
9.48265720183195e-16,4.54573114649744,0.932,0.031,3.06147587761144e-11,"17","Akap12"
9.70343046713067e-16,2.4192807634995,0.983,0.579,3.13275252631314e-11,"17","Anp32e"
1.04453647845733e-15,4.7652770157212,0.831,0.085,3.37228602069948e-11,"17","Bfsp2"
2.00420653544815e-15,4.55164151490749,0.994,0.039,6.47058079969434e-11,"17","Pax5"
2.48096435879106e-15,2.2401015289542,0.986,0.734,8.00979343235692e-11,"17","Ucp2"
2.56890993645921e-15,2.52541602417873,0.942,0.384,8.29372572985857e-11,"17","Smc2"
2.58580646214802e-15,3.09052156364614,0.845,0.144,8.34827616304487e-11,"17","Spc24"
3.03506677642569e-15,2.50763595907254,0.994,0.669,9.79871308769035e-11,"17","Smarca4"
4.6695565599825e-15,2.98900396892102,0.942,0.269,1.50756633539035e-10,"17","Tifa"
5.01896408256216e-15,2.42149838325135,0.977,0.745,1.62037255405519e-10,"17","H2afv"
6.28526146951807e-15,3.7898526075201,0.866,0.112,2.02919666543391e-10,"17","Neil3"
7.48475867366784e-15,2.10921330115151,0.992,0.781,2.41645433779366e-10,"17","Tubb5"
8.59772551800327e-15,2.91320946233351,0.988,0.498,2.77577568348735e-10,"17","B3gnt2"
9.64830801144647e-15,2.53312869954586,0.977,0.571,3.11495624149549e-10,"17","Lrmp"
1.20659245210849e-14,3.18749403044497,0.868,0.139,3.89548373163226e-10,"17","Kif15"
1.30753541647417e-14,4.11721903436725,0.872,0.084,4.22137809208686e-10,"17","E2f2"
1.44030137063944e-14,3.83508271405618,0.905,0.049,4.65001297510942e-10,"17","Slamf6"
2.29767547439615e-14,3.32742732825583,0.915,0.159,7.41804526908798e-10,"17","Tpm4"
2.4612734207057e-14,3.38451285557015,0.866,0.146,7.94622123874835e-10,"17","Knl1"
2.52935801869424e-14,3.70088401530689,0.822,0.092,8.16603236335434e-10,"17","Atp1b1"
3.41004909194761e-14,3.50302926392173,0.938,0.066,1.10093434933529e-09,"17","Mzb1"
4.1309700435222e-14,3.87323532244005,0.779,0.093,1.33368367855114e-09,"17","Ccna2"
5.33105876793009e-14,3.49367245534931,0.957,0.324,1.72113232322623e-09,"17","Top2a"
5.52302818877467e-14,2.50038297238571,0.983,0.625,1.7831096507459e-09,"17","Smc4"
7.55554739141778e-14,4.02010181430615,0.944,0.046,2.43930847531923e-09,"17","Pou2af1"
7.91331067614077e-14,2.19776324072628,0.986,0.607,2.55481235179205e-09,"17","Snx2"
8.81647933120453e-14,3.43857598577767,0.802,0.14,2.84640035207938e-09,"17","Ndc80"
9.02626613840581e-14,3.88704529071486,0.921,0.037,2.91413002278432e-09,"17","Chst3"
9.5185724245309e-14,3.41963409228739,0.777,0.165,3.0730711072598e-09,"17","Ect2"
1.01871056533377e-13,2.69287498006475,0.903,0.263,3.28890706018006e-09,"17","Fam53b"
1.13715174502902e-13,3.86683948888953,0.845,0.099,3.67129440882618e-09,"17","Asf1b"
1.28005556987425e-13,3.59830755878198,0.849,0.143,4.13265940733902e-09,"17","Birc5"
1.29311116112138e-13,1.6198988926193,0.971,0.734,4.17480938368038e-09,"17","Ppp1ca"
1.5194933959581e-13,2.23581117925322,0.965,0.48,4.90568442885072e-09,"17","Tcf3"
1.60138085173414e-13,1.90725304577031,0.981,0.703,5.17005807982368e-09,"17","Nucks1"
1.72602570092802e-13,4.08342600004271,0.971,0.06,5.57247397544612e-09,"17","Cd79a"
1.93879628202601e-13,2.05330020845382,0.917,0.355,6.25940379652097e-09,"17","Rrm1"
1.9969111895863e-13,3.72620965993125,0.816,0.052,6.44702777557938e-09,"17","Plxdc1"
2.34147939409624e-13,3.52683617169218,0.781,0.135,7.55946622383972e-09,"17","Tpx2"
2.45854622351482e-13,2.7017765765826,0.862,0.208,7.93741648261761e-09,"17","Cenpp"
5.51216933543817e-13,2.49905779026667,0.924,0.298,1.77960386994621e-08,"17","Bcl7a"
6.69048202587094e-13,1.83247443826836,0.961,0.59,2.16002212205243e-08,"17","AU020206"
6.7398203624361e-13,2.62727234188599,0.804,0.095,2.1759510040125e-08,"17","St6gal1"
7.0223456902096e-13,2.80345682951657,0.996,0.244,2.26716430608417e-08,"17","Prkcb"
7.14840567716001e-13,5.33914469305453,0.862,0.021,2.30786277287111e-08,"17","Id3"
7.6482130691313e-13,3.46898155555038,0.746,0.1,2.46922558936904e-08,"17","Ncapg"
8.70877990539875e-13,3.5530207343823,0.81,0.116,2.81162959245799e-08,"17","Bub1b"
9.64901950835481e-13,2.07753592577767,0.965,0.651,3.11518594827235e-08,"17","Tuba1b"
9.71579215628712e-13,1.99007583496626,0.961,0.599,3.1367434976573e-08,"17","Hmgn2"
1.10012626172689e-12,3.4281530690218,0.818,0.153,3.55175763598525e-08,"17","Cenpe"
1.15659836088255e-12,2.92714701139423,0.909,0.214,3.73407780810931e-08,"17","Uhrf1"
1.23151081586662e-12,2.50139425855049,0.915,0.416,3.97593266902538e-08,"17","Dnajc21"
1.23800817542249e-12,3.66628806812487,0.76,0.103,3.9969093943515e-08,"17","Dlgap5"
1.24769233300406e-12,2.23173845695839,0.903,0.301,4.02817469710361e-08,"17","Dntt"
1.31974153687943e-12,3.69501557512021,0.882,0.334,4.26078555181526e-08,"17","H2afx"
1.36414734761337e-12,4.23069188345579,0.694,0.027,4.40414971176976e-08,"17","Gpat3"
1.44068664868252e-12,1.9510761754686,0.955,0.67,4.65125684527151e-08,"17","Pgls"
1.5143925785768e-12,1.51187293723859,0.965,0.695,4.88921643993519e-08,"17","Ctcf"
1.67102107672291e-12,2.93033769233298,0.868,0.24,5.3948915461999e-08,"17","Tyms"
2.48975188497534e-12,3.62385294103533,0.764,0.093,8.03816396064289e-08,"17","Pbk"
2.84645705220907e-12,4.15984360860732,0.808,0.028,9.18978659305698e-08,"17","Cd19"
4.56082285195871e-12,1.95137435136053,0.977,0.7,1.47246165775487e-07,"17","Rcsd1"
4.99572292870379e-12,3.74687199266932,0.878,0.122,1.61286914753202e-07,"17","Rrm2"
5.19578456888401e-12,2.50396246738342,0.965,0.625,1.6774590480642e-07,"17","Ube2s"
5.38519820659653e-12,3.6147534509699,0.862,0.147,1.73861124099969e-07,"17","Kif11"
6.29247990927571e-12,2.72457388684496,0.872,0.157,2.03152713870966e-07,"17","Arpp21"
7.26923855192304e-12,3.65302081637331,0.771,0.08,2.34687366648835e-07,"17","Cdc25b"
7.4937318887646e-12,3.55255853393918,0.767,0.051,2.41935134028765e-07,"17","Arl5c"
7.51594666146042e-12,1.66948451878014,0.944,0.597,2.4265233796525e-07,"17","Lbr"
8.01847277348256e-12,2.69650066518324,0.88,0.191,2.58876393491884e-07,"17","Ppp1r16b"
8.13376874705984e-12,2.64052660615902,0.787,0.194,2.62598723998827e-07,"17","Tarbp1"
9.47821362615385e-12,2.42442835145445,0.99,0.506,3.06004126920377e-07,"17","Pkig"
1.07524347862995e-11,2.5750073205212,0.76,0.261,3.4714235707568e-07,"17","Kif23"
1.08758090373387e-11,2.54538929976372,0.913,0.423,3.51125494770479e-07,"17","Elof1"
1.10580961742328e-11,2.13317931009302,0.924,0.56,3.57010634985104e-07,"17","Dut"
1.14149580497707e-11,2.11845691967308,0.963,0.435,3.68531920636847e-07,"17","Hivep2"
1.15658351142758e-11,3.55521305332564,0.762,0.103,3.73402986664394e-07,"17","Cdca3"
1.22507288188555e-11,2.30877725678707,0.851,0.257,3.95514779916749e-07,"17","Bin1"
1.29476775346587e-11,3.31703761558559,0.837,0.186,4.18015769206455e-07,"17","Cdk1"
1.35160790444936e-11,2.26127326303202,0.667,0.103,4.36366611951477e-07,"17","Gm30948"
1.67149829747242e-11,2.70631801232761,0.82,0.148,5.39643225338972e-07,"17","Sdc4"
1.6985137980562e-11,4.24523769021871,0.698,0.086,5.48365179702445e-07,"17","Hist1h1a"
1.72454985879764e-11,2.20596679887741,0.967,0.539,5.56770921912818e-07,"17","Atp1b3"
1.7735226629482e-11,2.91847264627401,0.789,0.149,5.72581791732825e-07,"17","Cit"
1.84331427283037e-11,2.51340072239447,0.963,0.282,5.95114012983284e-07,"17","Ets1"
1.95832566944652e-11,3.16023525320794,0.781,0.141,6.32245442380809e-07,"17","Racgap1"
2.05315232029091e-11,3.56874233166541,0.651,0.045,6.62860226605921e-07,"17","Rag2"
2.08445651162572e-11,2.00884065531049,0.992,0.644,6.72966784778363e-07,"17","Tmpo"
2.19121908881617e-11,3.52639818747162,0.733,0.117,7.074350828243e-07,"17","Mis18bp1"
2.65868301924897e-11,2.30955514852995,0.845,0.263,8.58355812764529e-07,"17","Pmf1"
2.8370503736118e-11,1.63600658110579,0.719,0.222,9.1594171312057e-07,"17","Mgst2"
2.95312001236359e-11,3.66222880039949,0.804,0.115,9.53414795991587e-07,"17","Nusap1"
2.97100303566702e-11,3.24522346794877,0.81,0.149,9.59188330065098e-07,"17","Cdca8"
3.06443191845825e-11,3.81225956233675,0.682,0.054,9.89351844874247e-07,"17","Drc7"
3.06557117443391e-11,2.55930877189158,0.767,0.225,9.89719653665988e-07,"17","Csrp2"
3.72670626777413e-11,2.71407613274693,0.783,0.165,1.20316711855088e-06,"17","Cenpw"
4.1444296764341e-11,3.64611946605716,0.723,0.088,1.33802912103675e-06,"17","Shcbp1"
4.19512520031484e-11,2.6509535917356,0.839,0.213,1.35439617092164e-06,"17","Rras2"
4.33508373653452e-11,2.24615386475056,0.802,0.254,1.39958178434017e-06,"17","Hirip3"
4.49946206699899e-11,2.31955237272653,0.729,0.194,1.45265132833062e-06,"17","Ankrd33b"
4.79259415504836e-11,4.89860608010271,0.791,0.057,1.54728902295736e-06,"17","Tmem108"
4.94456800049475e-11,1.69702453474575,0.942,0.564,1.59635377895973e-06,"17","Rad21"
4.97670468953864e-11,2.26772858725879,0.754,0.171,1.60672910901755e-06,"17","Mns1"
5.16318942952408e-11,3.76345251770484,0.616,0.055,1.66693570732185e-06,"17","Depdc1a"
5.3900351831316e-11,1.85624988993097,0.99,0.706,1.74017285887404e-06,"17","Dek"
5.51381068011919e-11,3.32880191811062,0.694,0.102,1.78013377807648e-06,"17","Spc25"
5.85536689407213e-11,3.00462217030324,0.61,0.101,1.89040520175119e-06,"17","Uaca"
5.89773089825278e-11,3.41919936104302,0.76,0.113,1.90408242050091e-06,"17","Ccnb2"
6.10489871360865e-11,3.61118312307846,0.762,0.226,1.97096654968855e-06,"17","Hist1h2ap"
6.31134265945762e-11,2.4481401532343,0.961,0.303,2.03761697760589e-06,"17","Cd79b"
6.69269234893329e-11,1.60290844351239,0.936,0.511,2.16073572485311e-06,"17","Alyref"
6.967964728804e-11,2.12367891007643,0.833,0.306,2.24960741269437e-06,"17","Impdh1"
7.24347747875375e-11,5.68420665981197,0.618,0.013,2.33855670401565e-06,"17","Bcat1"
8.09717237547678e-11,2.75966561776606,0.942,0.273,2.61417210142268e-06,"17","Foxo1"
8.24771294931274e-11,1.4505010817673,0.957,0.432,2.66277412568562e-06,"17","BC035044"
8.80301858413727e-11,1.96577118101835,0.932,0.518,2.84205454988872e-06,"17","Arpc5l"
9.35178924822737e-11,3.74118966644267,0.76,0.089,3.01922515879021e-06,"17","Kif4"
1.00400541138204e-10,3.12769418109988,0.655,0.096,3.24143147064691e-06,"17","Mnd1"
1.01076446991177e-10,1.42817940478448,0.944,0.608,3.26325309111016e-06,"17","Smc6"
1.01491112881163e-10,3.55904264512768,0.824,0.161,3.27664057936835e-06,"17","Fbxo5"
1.01680573415283e-10,2.83024179626335,0.626,0.122,3.2827573127124e-06,"17","Ckap2"
1.08323147179989e-10,1.9148917700437,0.963,0.586,3.49721280670595e-06,"17","Nsd2"
1.10769519549513e-10,1.8841757844594,0.955,0.561,3.57619393865603e-06,"17","Rasgrp2"
1.16732992178289e-10,2.69227556898753,0.814,0.187,3.76872465247607e-06,"17","Brip1"
1.30551175515055e-10,3.36398634825257,0.764,0.14,4.21484470150355e-06,"17","Prc1"
1.35193267207003e-10,1.54489178748427,0.682,0.254,4.36471463177808e-06,"17","Cxcr4"
1.51083480768221e-10,2.12000188015109,0.721,0.17,4.87773017660202e-06,"17","Cenph"
1.58160467965504e-10,2.54527322771345,0.8,0.195,5.1062107082663e-06,"17","Ust"
1.59412970201216e-10,2.05816666549388,0.975,0.559,5.14664774294625e-06,"17","Lgals9"
1.72627157964341e-10,3.83094209416156,0.777,0.136,5.57326779487875e-06,"17","Cenpf"
1.74660985203986e-10,2.9037667157661,0.762,0.152,5.63892990731069e-06,"17","Clspn"
1.83719818514527e-10,3.38287597255293,0.624,0.076,5.93139434074149e-06,"17","E2f7"
1.83719818514527e-10,4.16009685554277,0.508,0.014,5.93139434074149e-06,"17","Tnfrsf19"
2.00579324294226e-10,3.62717967233791,0.694,0.081,6.4757034848391e-06,"17","Cep55"
2.01654528876988e-10,3.86500346665565,0.628,0.067,6.51041646479354e-06,"17","Aspm"
2.04532519267366e-10,3.75607099564487,0.705,0.099,6.60333238454691e-06,"17","Kif22"
2.15328841086221e-10,1.65359503254527,0.915,0.563,6.95189163446864e-06,"17","Frg1"
2.31213372225713e-10,2.80583324824936,0.818,0.212,7.46472372230715e-06,"17","Ulbp1"
2.32761020069279e-10,2.61333261044349,0.866,0.238,7.51468953293667e-06,"17","Ncapd2"
2.42353474883185e-10,1.88089003609119,0.926,0.549,7.82438193660362e-06,"17","Selenoh"
2.50312123791262e-10,1.27492721704989,0.886,0.527,8.08132691660089e-06,"17","Hpf1"
2.61717449888384e-10,1.73967359794751,0.961,0.588,8.44954786964648e-06,"17","Sae1"
2.64924424143761e-10,2.46443953403024,0.686,0.162,8.55308503348131e-06,"17","Arhgap11a"
3.08863981364271e-10,3.09613215278933,0.603,0.085,9.9716736383455e-06,"17","Sgo1"
3.6212282046602e-10,4.25277305813596,0.655,0.018,1.16911352587455e-05,"17","Bst1"
4.2221739731842e-10,2.41220206152276,0.907,0.378,1.36312886724252e-05,"17","Cks1b"
4.24600511687898e-10,4.07613022895333,0.69,0.12,1.37082275198438e-05,"17","Ube2c"
4.4535267307007e-10,2.86545647646615,0.731,0.168,1.43782110500672e-05,"17","Cdca2"
4.57935581005576e-10,3.48791337699325,0.382,0.014,1.4784450232765e-05,"17","Col27a1"
4.95783835757306e-10,2.63953808081235,0.733,0.131,1.60063811374246e-05,"17","Ppm1e"
4.99278436329546e-10,3.56774254250288,0.593,0.036,1.61192043168994e-05,"17","Hes1"
6.04557813589971e-10,2.1217838730014,0.864,0.335,1.95181490117522e-05,"17","Prdx4"
6.63561333319032e-10,4.145692892523,0.686,0.082,2.1423077646205e-05,"17","Ccnb1"
6.80260356127398e-10,3.56219998108698,0.63,0.076,2.19622055975731e-05,"17","Sgo2a"
7.11746450010837e-10,3.47467796702726,0.647,0.12,2.29787341385999e-05,"17","Cdc20"
7.17000599462032e-10,3.46122887397707,0.682,0.085,2.31483643536317e-05,"17","Ckap2l"
7.55375926424911e-10,1.10773357373586,0.952,0.746,2.43873117846282e-05,"17","Cox7a2"
7.65476530510978e-10,2.15329672855975,0.882,0.275,2.47134097875469e-05,"17","Gmnn"
8.03568303866072e-10,1.28773784604844,0.973,0.745,2.59432026903161e-05,"17","Cbx3"
8.04893418376704e-10,2.37017623879774,0.717,0.153,2.59859840122919e-05,"17","Plk4"
8.51371439119579e-10,3.60358719123131,0.684,0.085,2.74865269119756e-05,"17","Hmmr"
8.64550595314572e-10,1.88852507624805,0.907,0.518,2.7912015969731e-05,"17","Elovl6"
9.32641368098887e-10,1.68832511022103,0.895,0.489,3.01103265690726e-05,"17","Lsm5"
1.02303295739831e-09,2.48432696128071,0.696,0.17,3.30286190296044e-05,"17","Gas2l3"
1.03021141928012e-09,3.2603044811785,0.638,0.071,3.32603756714586e-05,"17","Nuf2"
1.0755778777542e-09,2.22991657858384,0.773,0.181,3.47250317832943e-05,"17","Cenpk"
1.09645042588451e-09,3.037716040276,0.814,0.113,3.53989019996814e-05,"17","Cnn3"
1.12215689168096e-09,3.1331430277636,0.669,0.095,3.62288352479198e-05,"17","Stil"
1.14120852193761e-09,4.0533454409512,0.698,0.018,3.68439171307558e-05,"17","Gm37065"
1.14181790122114e-09,2.94281575639895,0.773,0.207,3.68635909409246e-05,"17","Incenp"
1.21135188345978e-09,4.19278147141369,0.855,0.199,3.91084955574989e-05,"17","Hist1h1b"
1.26385653776467e-09,1.67081283832101,0.866,0.406,4.08036083217324e-05,"17","Hmgn5"
1.30718211862477e-09,3.4156034067454,0.713,0.088,4.22023746998008e-05,"17","Bub1"
1.33939536717773e-09,1.75882421995483,0.702,0.229,4.32423794293331e-05,"17","Fen1"
1.42293418574667e-09,3.89373073327425,0.618,0.063,4.59394301868312e-05,"17","Cdkn3"
1.57561796202217e-09,1.92810628555559,0.932,0.431,5.08688259038859e-05,"17","Dpp4"
1.63970792959197e-09,1.01782367490569,0.977,0.711,5.29379705068767e-05,"17","Ppp1cb"
1.70499305885836e-09,3.60805199609242,0.541,0.055,5.50457009052422e-05,"17","Kif14"
1.7898226723664e-09,2.99126443806042,0.988,0.567,5.77844249773491e-05,"17","Bach2"
1.82485785021268e-09,2.75341487201279,0.651,0.13,5.89155356941163e-05,"17","Cenps"
1.96456938201886e-09,1.90169677548562,0.771,0.283,6.34261224984788e-05,"17","Myef2"
1.97736769735798e-09,1.65993170666842,0.864,0.405,6.38393161092024e-05,"17","Rfwd3"
1.98828793746921e-09,2.17743972209738,0.979,0.426,6.41918760611934e-05,"17","Nedd9"
1.99639593570832e-09,2.44929098883777,0.738,0.154,6.44536427843432e-05,"17","Fignl1"
2.08248995401926e-09,1.51984081475228,0.977,0.744,6.72331881655119e-05,"17","Hnrnpd"
2.0919501971066e-09,2.03133643427165,0.895,0.373,6.75386121135866e-05,"17","C1galt1"
2.2468761321306e-09,3.93881002908783,0.682,0.068,7.25403959258364e-05,"17","Esco2"
2.34566399656967e-09,1.76708473972861,0.932,0.486,7.57297621292518e-05,"17","Plekha2"
2.38152825035648e-09,3.39293773544256,0.521,0.06,7.68876395627591e-05,"17","1700048O20Rik"
2.42688892301512e-09,3.15042407774757,0.723,0.121,7.83521088795433e-05,"17","Anln"
2.57697385019611e-09,1.6062687862696,0.899,0.463,8.31976007535815e-05,"17","Xrcc6"
2.60684985201136e-09,1.35765263302806,0.934,0.637,8.41621474721869e-05,"17","Pcmtd1"
2.62663045583772e-09,4.1376459551283,0.548,0.043,8.48007642667207e-05,"17","Pimreg"
2.62663045583772e-09,3.60593730646541,0.539,0.051,8.48007642667207e-05,"17","Kif2c"
2.94324137600742e-09,3.51420547059251,0.781,0.096,9.50225478243996e-05,"17","Ptgr1"
3.1573683648167e-09,3.92345662923401,0.56,0.044,0.000101935637658107,"17","Kif18b"
3.15790000847888e-09,3.45064340867827,0.632,0.073,0.000101952801773741,"17","Spag5"
3.31443031977915e-09,1.43178793760114,0.864,0.449,0.00010700638287407,"17","Lsm8"
3.53423528703323e-09,2.55467565401027,0.616,0.105,0.000114102786241868,"17","Rad51ap1"
3.54525526406421e-09,2.13290753107776,0.8,0.249,0.000114458566200313,"17","Trp53i11"
3.57705267504983e-09,2.05131357782821,0.878,0.332,0.000115485145613984,"17","Prim2"
3.60738554709988e-09,2.11788579582805,0.659,0.184,0.00011646444238812,"17","Pla2g12a"
3.64875827794067e-09,1.82001490756863,0.824,0.212,0.000117800161003314,"17","Ncapg2"
3.67191125841295e-09,1.35849915839968,0.965,0.713,0.000118547654977862,"17","Snrpd1"
3.70632057970591e-09,3.89483092438134,0.783,0.272,0.000119658559915805,"17","Hist1h2ae"
3.75508928751157e-09,3.44137897754576,0.626,0.073,0.000121233057647311,"17","Gen1"
3.76200594659784e-09,1.60936001981669,0.831,0.391,0.000121456361985911,"17","Ap1ar"
3.77312012236967e-09,3.33314955911194,0.471,0.032,0.000121815183150705,"17","Edaradd"
3.99737708361758e-09,2.29014150748377,0.7,0.208,0.000129055319144594,"17","Dbf4"
4.04999110650401e-09,3.36074594346406,0.723,0.09,0.000130753962873482,"17","Aurkb"
4.21676399790961e-09,1.03718353469785,0.862,0.543,0.000136138225672512,"17","Sdhb"
4.63354360436726e-09,3.22937789103576,0.554,0.078,0.000149593955266997,"17","Aurka"
5.36347525453795e-09,2.07397719914558,0.795,0.243,0.000173159798592758,"17","Rfc4"
5.42696427910871e-09,1.28763563655399,0.876,0.517,0.000175209541751025,"17","Diaph3"
5.42879206300445e-09,2.34480487663092,0.942,0.371,0.000175268551754099,"17","Stambpl1"
5.46991516732356e-09,1.84326577853137,0.8,0.327,0.000176596211177041,"17","Fcho1"
5.47065191179578e-09,3.29585941755347,0.597,0.119,0.000176619996972327,"17","Hist2h2ac"
5.47935291684915e-09,1.22816301629924,0.886,0.519,0.000176900908920475,"17","Kras"
5.73710767694662e-09,1.90189334245595,0.979,0.624,0.000185222521350222,"17","Kcnq5"
5.7803123043825e-09,2.32424241164967,0.7,0.153,0.000186617382746989,"17","Rad51"
5.82406041333884e-09,3.27611729714662,0.789,0.233,0.000188029790444644,"17","Cenpa"
6.19415602078468e-09,1.27526600242758,0.932,0.663,0.000199978327131033,"17","Snu13"
6.34558599302956e-09,1.05336690653638,0.893,0.582,0.000204867243784959,"17","Fkbp1a"
6.5186129264758e-09,1.65403082691876,0.911,0.467,0.000210453418331271,"17","Cyth1"
7.65688265976353e-09,1.84347552275853,0.88,0.456,0.000247202456670466,"17","Slbp"
7.74556413820714e-09,1.89725559528348,0.566,0.177,0.000250065538202018,"17","Hist1h2be"
7.78777559323026e-09,1.02201907210097,0.926,0.715,0.000251428335027439,"17","Psma2"
7.83207849521836e-09,2.22469138037144,0.752,0.221,0.000252858654218125,"17","Rapgef5"
8.04578988559663e-09,1.93549427340149,0.909,0.452,0.000259758326456487,"17","Atad2"
8.29639941909155e-09,1.80945057694582,0.917,0.498,0.000267849255245371,"17","Hjurp"
8.44445760077792e-09,1.34266736049223,0.938,0.684,0.000272629313641115,"17","Calm3"
8.82363289643749e-09,1.13849458447585,0.971,0.632,0.000284870988061484,"17","Baz1a"
8.82363289643749e-09,1.19123939529688,0.926,0.623,0.000284870988061484,"17","Grk2"
9.00850749718468e-09,1.35436433629717,0.948,0.574,0.000290839664546607,"17","Atp13a3"
9.1713121398309e-09,1.10915143698096,0.961,0.744,0.000296095812434441,"17","Smarca5"
9.21174753153118e-09,2.11830138502736,0.783,0.281,0.000297401269055484,"17","Lig1"
9.36385528187321e-09,1.00779999829276,0.952,0.75,0.000302312067775277,"17","Zfp706"
9.41447459028701e-09,1.4637243328127,0.769,0.349,0.000303946312147416,"17","Arhgap10"
9.56150640391689e-09,3.06778700253007,0.624,0.08,0.000308693234250457,"17","Cenpn"
9.59082776623187e-09,2.79634977294211,0.86,0.279,0.000309639874432796,"17","Arntl"
1.00638596813805e-08,4.02261851462552,0.601,0.056,0.000324911709813368,"17","Hist1h3c"
1.02382388544092e-08,2.320633445515,0.919,0.577,0.000330541541414602,"17","Tubb4b"
1.03919447471856e-08,1.69565424841658,0.818,0.35,0.000335503936162888,"17","Rangap1"
1.04075763360603e-08,2.57720626701951,0.564,0.11,0.000336008602009707,"17","Pde5a"
1.06832888266846e-08,2.84791141530487,0.533,0.028,0.000344909979769512,"17","Rag1"
1.10181055594746e-08,0.939730748358163,0.955,0.737,0.000355719537987637,"17","Ube2i"
1.1169541424805e-08,2.08901701986343,0.655,0.196,0.000360608644899828,"17","Polh"
1.12742761915726e-08,1.85268693429391,0.736,0.268,0.00036399000684492,"17","Magi3"
1.13887367730747e-08,3.46435289697929,0.661,0.08,0.000367685366718716,"17","Ncaph"
1.21235035869098e-08,0.813299444013838,0.926,0.642,0.000391407313303382,"17","D8Ertd738e"
1.26636892079496e-08,1.4706460709903,0.787,0.356,0.000408847206078654,"17","Fh1"
1.30795505136321e-08,2.64752303752952,0.771,0.22,0.000422273288332611,"17","Kif20b"
1.30978841456246e-08,1.74479392898393,0.866,0.38,0.000422865189641489,"17","Tipin"
1.32670332417362e-08,2.63765963059191,0.907,0.276,0.000428326168209453,"17","Pde3b"
1.42409550391041e-08,0.855452012409803,0.643,0.248,0.000459769233437477,"17","Slc29a1"
1.42879341745184e-08,3.17091884999288,0.519,0.076,0.000461285954824325,"17","2610318N02Rik"
1.43423897407612e-08,1.8039458314091,0.886,0.396,0.000463044052780475,"17","Ncapd3"
1.49626681636315e-08,2.90237364135136,0.44,0.052,0.000483069741662843,"17","Espl1"
1.51406617832221e-08,2.61115273633199,0.628,0.124,0.000488816265671325,"17","Polq"
1.56692799256902e-08,1.30752647614595,0.804,0.414,0.000505882702400907,"17","Psmc4"
1.59093433935361e-08,3.58406288576745,0.543,0.064,0.000513633151460314,"17","Parpbp"
1.62022938579452e-08,1.28516985406666,0.829,0.414,0.00052309105720376,"17","Epb41l2"
1.74248810638178e-08,1.56601282736086,0.911,0.493,0.000562562285145358,"17","Pik3ap1"
1.76286454470804e-08,1.52670907955695,0.835,0.391,0.000569140818258992,"17","Sipa1"
1.76298814082667e-08,3.47936057978381,0.667,0.086,0.000569180721265892,"17","Ttk"
1.77841459760186e-08,1.43956764402205,0.564,0.208,0.000574161152835762,"17","Pole"
1.80994432035354e-08,1.42256235408502,0.702,0.263,0.00058434052382614,"17","Blm"
2.12887982505001e-08,1.1558102299664,0.926,0.673,0.000687308851517396,"17","Atp5o"
2.15703738470768e-08,2.1107926657648,0.663,0.181,0.000696399519652876,"17","Dhfr"
2.1718582756813e-08,2.27524656005414,0.57,0.12,0.000701184444303709,"17","Socs2"
2.27259650306652e-08,2.0315899993605,0.909,0.551,0.000733707781015025,"17","Ckap5"
2.40495844866619e-08,1.49616332545107,0.878,0.437,0.000776440835151879,"17","Hdac7"
2.44360674963088e-08,1.71701999415914,0.903,0.433,0.00078891843911833,"17","Ablim1"
2.47652714738411e-08,3.40727739833278,0.7,0.109,0.000799546789532958,"17","Ccnf"
2.74676908239175e-08,2.06552826124897,0.682,0.238,0.000886794398250178,"17","Bora"
3.06862828074867e-08,0.697330235069292,0.94,0.721,0.000990706640439708,"17","Ndufa2"
3.12830999995868e-08,3.0603971249513,0.411,0.048,0.00100997488348666,"17","Lrr1"
3.16455583911357e-08,1.02152790224146,0.952,0.683,0.00102167685265782,"17","Supt16"
3.19634125810888e-08,1.48976784220794,0.93,0.599,0.00103193877518045,"17","Raly"
3.31738013863673e-08,0.684839853804877,0.876,0.612,0.00107101617775887,"17","Smarce1"
3.36910876035288e-08,1.45317218146269,0.899,0.504,0.00108771676327993,"17","Tiam1"
3.43765866262904e-08,3.57859340987847,0.492,0.016,0.00110984809922978,"17","Hmgcll1"
3.44021002889606e-08,2.63559367183094,0.645,0.138,0.00111067180782909,"17","Mei4"
3.46488235345251e-08,1.66580380490247,0.725,0.243,0.00111863726781214,"17","Nudt4"
3.72903232795121e-08,2.01484146584052,0.911,0.404,0.00120391808707905,"17","Dnajc9"
3.97785392184486e-08,2.60070133854802,0.624,0.113,0.00128425013866761,"17","E2f8"
4.02127340658744e-08,1.01369275686738,0.928,0.699,0.00129826811931675,"17","Rnf169"
4.1042552163541e-08,1.98876037240391,0.618,0.162,0.00132505879659992,"17","Phldb3"
4.20910844022365e-08,1.48581493377965,0.926,0.621,0.00135891065992621,"17","Ndufs5"
4.35213654643427e-08,1.29756750474286,0.808,0.424,0.0014050872840163,"17","Nsmce1"
4.63464245077989e-08,2.02665608503831,0.93,0.545,0.00149629431523429,"17","Cd24a"
4.70615183353747e-08,1.56892096993262,0.548,0.204,0.00151938111945757,"17","Fancm"
4.73358381378993e-08,2.90772644427149,0.709,0.124,0.00152823753428208,"17","Cenpm"
5.29302703835728e-08,3.04482111588134,0.579,0.087,0.00170885377933365,"17","Efcab11"
5.36411135391693e-08,1.74708159861178,0.8,0.285,0.00173180335061208,"17","Ppp3cc"
5.9268911863251e-08,2.51749826948855,0.682,0.141,0.00191349681950506,"17","Gpam"
6.18132113148103e-08,2.97529154077075,0.723,0.15,0.00199563952729865,"17","Tacc3"
6.42089154546983e-08,1.64951905261079,0.975,0.644,0.00207298483545493,"17","Dleu2"
6.47833029576254e-08,3.81306480190549,0.56,0.054,0.00209152893598693,"17","Plk1"
6.47833029576254e-08,2.15844615800399,0.56,0.117,0.00209152893598693,"17","Kntc1"
6.58092610281025e-08,1.11205757039526,0.909,0.591,0.00212465199229229,"17","Rbm8a"
6.69001655547386e-08,2.61154104088263,0.655,0.135,0.00215987184493474,"17","Knstrn"
7.11493027026315e-08,2.72743165512636,0.574,0.11,0.00229705523775446,"17","Depdc1b"
7.1436441901948e-08,1.73295862820028,0.853,0.38,0.00230632552680439,"17","Rpa3"
7.17404260897522e-08,2.87443985940906,0.506,0.082,0.00231613965630765,"17","Uchl1"
7.48459999563153e-08,3.18828116964682,0.601,0.053,0.00241640310858964,"17","Slamf7"
8.11519894550507e-08,1.51295085543172,0.853,0.408,0.00261999197955631,"17","Ube2a"
8.12688059589829e-08,1.78097884387424,0.626,0.192,0.00262376340038576,"17","Chaf1a"
8.4636240582694e-08,1.59392410541992,0.915,0.457,0.00273248102721228,"17","Usp1"
8.73398133813303e-08,2.25110348538217,0.655,0.128,0.00281976587501625,"17","Tk1"
9.58281360692774e-08,1.08034773588158,0.965,0.702,0.00309381137299662,"17","Smc3"
9.65970910658836e-08,1.38800648572119,0.946,0.721,0.00311863708506205,"17","Dynll1"
9.75114226202959e-08,0.656363806850504,0.971,0.763,0.00314815627929625,"17","Ewsr1"
9.78610712831004e-08,1.43864704678329,0.878,0.487,0.0031594446863749,"17","Lsm2"
1.08782439206898e-07,1.28911747169469,0.86,0.473,0.00351204104979471,"17","Fmr1"
1.1283097522234e-07,2.66479160113951,0.663,0.128,0.00364274803505324,"17","Bard1"
1.18981685951948e-07,1.25670131987987,0.915,0.589,0.00384132373095864,"17","Nudt21"
1.21379919921578e-07,1.0428016866859,0.624,0.257,0.00391875071466816,"17","Ifngr2"
1.23157811920039e-07,0.702788473003493,0.839,0.568,0.00397614995783847,"17","Mtch1"
1.24442091904581e-07,3.43342700852173,0.585,0.059,0.00401761293713941,"17","Sorcs2"
1.24645157069075e-07,3.04151872789872,0.448,0.037,0.00402416889597507,"17","Fam129c"
1.25980019133764e-07,1.1869235475623,0.824,0.356,0.00406726491773356,"17","Rbbp8"
1.28410239938963e-07,0.995359556314842,0.926,0.655,0.00414572459642941,"17","Dbi"
1.2971699591225e-07,2.58320560044105,0.886,0.353,0.004187913213027,"17","Prep"
1.33334310563338e-07,1.21189853272626,0.961,0.736,0.00430469821653736,"17","Tspan13"
1.36076012454659e-07,2.41032891802735,0.614,0.129,0.00439321406209866,"17","Brca1"
1.36145150636842e-07,1.3605670636803,0.804,0.4,0.00439544618831045,"17","Mms22l"
1.51538120250527e-07,1.4277785617265,0.818,0.407,0.00489240821228827,"17","Rbl1"
1.62316753942203e-07,1.376265826214,0.919,0.594,0.00524039640102402,"17","Slc10a7"
1.6387325350883e-07,0.967089738228763,0.74,0.426,0.00529064798953259,"17","Cep57"
1.64543484334465e-07,1.41095628874294,0.913,0.433,0.00531228639173819,"17","Lgals1"
1.68074538911721e-07,1.1049618874844,0.862,0.483,0.0054262864887649,"17","Cerk"
1.73387289320886e-07,1.82430067387342,0.548,0.155,0.0055978086357248,"17","Lamc1"
1.73433623114878e-07,4.72650812312499,0.378,0.01,0.00559930452226384,"17","1810059H22Rik"
1.73433623114878e-07,1.11169186245108,0.298,0.009,0.00559930452226384,"17","Ighg2b"
1.85323992525848e-07,2.38695001274473,0.632,0.157,0.005983185098697,"17","Ccdc18"
1.96153181035578e-07,0.670127994888257,0.934,0.699,0.00633280544973364,"17","Bzw1"
2.07992297021511e-07,0.804320768600312,0.831,0.536,0.00671503130933948,"17","Lrrc8c"
2.15037748242375e-07,1.86912021453252,0.709,0.251,0.00694249370200509,"17","Prim1"
2.22344877730598e-07,1.38597619755662,0.936,0.665,0.00717840437753236,"17","Rbbp4"
2.32054985423915e-07,1.34840587187203,0.957,0.579,0.0074918952044111,"17","Dgkd"
2.33655808943294e-07,1.95352668413832,0.738,0.267,0.00754357779173423,"17","Trim59"
2.41773121841131e-07,1.47599993336822,0.837,0.449,0.0078056452386409,"17","Ssna1"
2.51013074768516e-07,0.932881083366938,0.872,0.574,0.00810395711890155,"17","Psmd8"
2.54981512685414e-07,4.31818604985227,0.442,0.013,0.00823207813704859,"17","Colq"
2.57563691508084e-07,2.47034989699043,0.899,0.438,0.0083154437803385,"17","Cks2"
2.77702306835219e-07,2.69776134845332,0.748,0.093,0.00896561897617504,"17","Ifi209"
2.84934303623775e-07,0.417252985561223,0.473,0.104,0.00919910399249358,"17","Arhgap19"
2.92195322555305e-07,3.05691035804,0.535,0.077,0.00943352598869802,"17","Mastl"
2.93922660331442e-07,1.44748963065121,0.645,0.261,0.00948929308880059,"17","Ak6"
2.98707657565439e-07,0.896996697143308,0.967,0.754,0.0096437767245002,"17","Smc1a"
3.11311721932853e-07,0.882487073347928,0.868,0.578,0.0100506989426021,"17","Ndufc1"
3.1457765086193e-07,1.80541500330675,0.692,0.256,0.0101561394580774,"17","Nde1"
3.3573173302313e-07,1.65253168612267,0.752,0.276,0.0108390990006518,"17","Atad5"
3.41355988064235e-07,1.61101683023436,0.973,0.655,0.0110206780746538,"17","Aff1"
3.55317477230347e-07,1.42694396197039,0.897,0.512,0.0114714247523818,"17","Prelid1"
3.57834270041508e-07,1.33345350496261,0.75,0.335,0.0115526794082901,"17","Rnaseh2b"
3.67371790352869e-07,2.33940546571468,0.758,0.181,0.0118605982515424,"17","Slc16a1"
3.81130019167373e-07,4.47433518204066,0.525,0.03,0.0123047826688186,"17","Mxd3"
3.81130019167373e-07,4.57691876193276,0.465,0.01,0.0123047826688186,"17","Gm12158"
3.81130019167373e-07,5.62371950942956,0.419,0.016,0.0123047826688186,"17","Sdk1"
3.81130019167373e-07,5.73484537531702,0.316,0.007,0.0123047826688186,"17","Alpl"
3.83754716398114e-07,2.13569495243279,0.61,0.185,0.0123895210189131,"17","Gsn"
3.89932260579636e-07,1.18762352886193,0.905,0.481,0.0125889630328135,"17","Psmd13"
3.93992980506212e-07,1.79655242382675,0.678,0.244,0.0127200633756431,"17","Lxn"
3.95372177119396e-07,3.4121445865853,0.554,0.061,0.0127645907382997,"17","Kifc1"
4.04726688600067e-07,1.77450395719017,0.767,0.264,0.0130666011414532,"17","Slc43a3"
4.09262243942717e-07,1.75789371245685,0.719,0.274,0.0132130315456906,"17","2900026A02Rik"
4.11122668433326e-07,2.64870541721056,0.448,0.098,0.0132730953503699,"17","Ccne2"
4.14948667716883e-07,3.40735761534183,0.5,0.052,0.0133966177372396,"17","Foxm1"
4.20883025766018e-07,1.56710804965262,0.698,0.312,0.0135882084868559,"17","Hmgn3"
4.21904342875819e-07,2.34855888038443,0.626,0.126,0.0136211817097458,"17","Siglecg"
4.25530647192812e-07,1.702769771771,0.911,0.446,0.0137382569446199,"17","Ezr"
4.43130246873376e-07,0.57579714207242,0.479,0.276,0.0143064600203069,"17","Rbbp5"
4.44037695903286e-07,2.50259680394796,0.492,0.077,0.0143357570122376,"17","Carhsp1"
4.69690613944713e-07,2.8936664699906,0.7,0.233,0.0151639614712051,"17","Hist1h4d"
4.71304225930816e-07,1.86666928072229,0.626,0.206,0.0152160569341764,"17","Psat1"
4.72606413300336e-07,1.7264092418339,0.696,0.23,0.0152580980534013,"17","Cyb561a3"
4.786768705725e-07,1.0931485653942,0.831,0.481,0.0154540827664332,"17","Pdap1"
4.81685545602195e-07,1.34447642353764,0.779,0.404,0.0155512178397669,"17","Mcm3"
4.92018538515968e-07,0.88529945178283,0.862,0.546,0.015884818515988,"17","Rnps1"
4.93504574895119e-07,1.28371363888935,0.822,0.432,0.0159327952004889,"17","Ethe1"
4.95674279156013e-07,2.54353453253042,0.494,0.099,0.0160028441025519,"17","Cenpl"
5.00805971018524e-07,2.03926520120947,0.872,0.358,0.0161685207743331,"17","Ddx39"
5.04517451329159e-07,3.54415378571112,0.51,0.046,0.0162883459161619,"17","Cdkn1a"
5.5143750594212e-07,3.13919536510287,0.386,0.041,0.0178031598793413,"17","Gpsm2"
5.56836378240004e-07,1.0042122412564,0.605,0.321,0.0179774624714785,"17","Cbx4"
5.64492090177332e-07,0.740031589218871,0.967,0.751,0.0182246271313752,"17","Ywhaq"
5.71116877767726e-07,1.59813518420402,0.915,0.475,0.018438508398731,"17","Cep128"
5.71143351866343e-07,1.22439197000963,0.903,0.561,0.0184393631150049,"17","Lsm6"
5.72998825244855e-07,1.91094493048017,0.808,0.31,0.0184992670730301,"17","Ppil1"
5.88002093098648e-07,1.79180006762385,0.605,0.17,0.0189836475756898,"17","Rmi2"
5.97239308872817e-07,1.55222912542083,0.579,0.211,0.0192818710869589,"17","Dna2"
6.06378334369496e-07,1.06802032143239,0.963,0.708,0.0195769245251192,"17","Cbx1"
6.26156059282261e-07,1.17144415680871,0.862,0.503,0.0202154483739278,"17","Phf5a"
6.38685185977535e-07,2.97185383325816,0.399,0.049,0.0206199512292847,"17","Sapcd1"
6.50794743270831e-07,1.04419851235349,0.626,0.309,0.0210109082864988,"17","Ppwd1"
6.57255861104486e-07,1.40485426455098,0.802,0.373,0.0212195054757583,"17","Map4k2"
6.69224920521316e-07,4.095433206811,0.467,0.039,0.0216059265590307,"17","Hist1h2bj"
6.69448605828105e-07,0.172322613255587,0.733,0.521,0.0216131482391604,"17","Rab11a"
6.81859168837846e-07,2.05741082488019,0.775,0.25,0.0220138232659298,"17","Dpysl2"
6.85139598434191e-07,0.854503478854203,0.944,0.707,0.0221197319354478,"17","Susd1"
7.33699040804648e-07,1.56254909579103,0.938,0.453,0.0236874735323781,"17","Mtss1"
7.38209478877465e-07,2.91523393957928,0.521,0.074,0.023833093025559,"17","Cdca5"
8.15727984238992e-07,2.64585143495297,0.601,0.133,0.0263357779711559,"17","Hist1h1d"
8.25849688076695e-07,3.99829886670143,0.339,0.021,0.0266625571795561,"17","Hist1h2af"
8.46865698581702e-07,1.90717916970253,0.899,0.589,0.0273410590787103,"17","Pcna"
8.56181767902399e-07,1.42932441008131,0.831,0.417,0.027641828376729,"17","Mcm7"
8.92450710308589e-07,4.49196332831602,0.388,0.024,0.0288127711823128,"17","Bok"
9.47067964479975e-07,1.93943700531825,0.663,0.193,0.030576089233236,"17","Pold1"
9.71097232841966e-07,1.38402718085568,0.831,0.397,0.0313518741623029,"17","Ncaph2"
9.72196385492522e-07,1.5575593675611,0.721,0.299,0.0313873603056261,"17","Ppih"
1.0182258290361e-06,0.254838145611905,0.857,0.621,0.0328734208904305,"17","Arhgdia"
1.04406942336232e-06,0.860462261291536,0.612,0.329,0.0337077813332525,"17","Sdhaf2"
1.04935548198171e-06,0.919121554092852,0.773,0.488,0.0338784417357794,"17","Rbmxl1"
1.07226789880123e-06,1.09922677167731,0.986,0.772,0.0346181691127976,"17","Wdfy4"
1.09689304639152e-06,0.926191839485234,0.924,0.632,0.0354131920027503,"17","Cox6a1"
1.16390576252929e-06,1.1547285885598,0.837,0.491,0.037576697543258,"17","Bcr"
1.22471489648607e-06,0.776819982835644,0.855,0.558,0.0395399204330526,"17","Eny2"
1.28225535309564e-06,1.11139912015082,0.893,0.578,0.0413976140746926,"17","Ctdspl2"
1.28782343607722e-06,1.78127445465139,0.574,0.191,0.0415773796337531,"17","Rdm1"
1.31129689936759e-06,1.68102554125744,0.742,0.314,0.0423352203960826,"17","Orc6"
1.3279663961178e-06,1.52031609531826,0.926,0.548,0.0428733950986633,"17","Trak1"
1.36292745382899e-06,1.18747695617264,0.866,0.533,0.0440021128468689,"17","Mob4"
1.36632770663601e-06,1.71548315782897,0.736,0.143,0.0441118900087437,"17","Gm26740"
1.42738196876264e-06,1.96569446837023,0.909,0.558,0.0460830268615019,"17","Jpt1"
1.44965713464316e-06,1.1618824303935,0.932,0.597,0.0468021805919543,"17","Tapt1"
1.47655986731899e-06,1.90789571747782,0.488,0.131,0.0476707353163935,"17","Lmnb2"
1.49247480814527e-06,1.04675836277237,0.719,0.406,0.0481845491809702,"17","Gclc"
1.5061889796652e-06,2.78434039560283,0.692,0.151,0.0486273112084911,"17","Kif18a"
1.51548539239059e-06,1.39115183211212,0.81,0.435,0.0489274458933302,"17","Hmgb3"
1.55070894392147e-06,1.61752765878294,0.806,0.383,0.0500646382545046,"17","Desi1"
1.56641073961108e-06,3.96582894970521,0.417,0.031,0.0505715707283436,"17","Cdc25c"
1.58785241808812e-06,0.669111303610247,0.514,0.281,0.0512638153179751,"17","Abcf2"
1.61792559135464e-06,1.28396464881829,0.94,0.619,0.0522347277168847,"17","Banf1"
1.67317961140362e-06,0.581658557708222,0.936,0.697,0.054018603754166,"17","Zfp91"
1.67644557054558e-06,0.908951670887724,0.775,0.405,0.0541240452450642,"17","Mrpl28"
1.73093920011076e-06,2.88960544522048,0.572,0.094,0.0558833720755757,"17","Cip2a"
1.76193861115831e-06,1.28718172280576,0.479,0.169,0.056884188061246,"17","Mis18a"
1.88185207914201e-06,2.76495166418232,0.57,0.098,0.0607555943751,"17","Ticrr"
1.91681045336832e-06,1.37955863855503,0.961,0.603,0.0618842254869963,"17","Hnrnpul1"
1.92109019208131e-06,0.885120758520522,0.921,0.674,0.0620223968513452,"17","Gab2"
2.01625611965078e-06,1.76516789877555,0.725,0.252,0.0650948288229255,"17","Tex30"
2.08960235656682e-06,4.22445158262795,0.612,0.061,0.0674628120817599,"17","Hist1h2ab"
2.11975293742471e-06,1.6283985510735,0.886,0.467,0.0684362235847567,"17","Dnmt1"
2.17230859505995e-06,1.49608037087251,0.548,0.208,0.0701329829915106,"17","Mfsd4a"
2.19422454153453e-06,0.531939472645302,0.835,0.601,0.0708405393234422,"17","Smg7"
2.3228953533588e-06,2.81398509188022,0.81,0.379,0.0749946764831889,"17","Hist1h1e"
2.3528261585613e-06,0.773850306711406,0.874,0.624,0.0759609925291516,"17","Ubac2"
2.37240396711556e-06,1.22188445793352,0.731,0.341,0.0765930620783257,"17","Mpp1"
2.43032819814666e-06,0.67635656878668,0.905,0.599,0.0784631458771649,"17","Mapre1"
2.44008844594302e-06,1.17011936994053,0.936,0.667,0.0787782554772704,"17","Nol7"
2.47806351593445e-06,0.715764608069992,0.707,0.409,0.0800042806119436,"17","Ripor1"
2.52444199446565e-06,0.997249596743676,0.897,0.623,0.0815016097913234,"17","Ssrp1"
2.55856731713492e-06,1.18790232414911,0.845,0.483,0.082603345833701,"17","Cd93"
2.61157331672734e-06,0.780826559125256,0.905,0.649,0.0843146445305421,"17","Dnajc8"
2.64958022936276e-06,3.680682431671,0.5,0.048,0.0855416977049769,"17","Prr11"
2.7204119509749e-06,4.80111815029184,0.498,0.022,0.0878284998372247,"17","Sapcd2"
2.7663215991056e-06,2.05321379304282,0.527,0.129,0.0893106928271243,"17","Cdc45"
2.77753558594882e-06,1.00737343198348,0.955,0.721,0.0896727363923578,"17","Pds5b"
2.8172588035555e-06,1.81679534488972,0.424,0.112,0.0909552004727892,"17","Msh5"
2.82577872278449e-06,0.956838743451534,0.775,0.398,0.0912302660650974,"17","Mrps36"
2.82665784529746e-06,1.66091215876959,0.446,0.14,0.0912586485354284,"17","N4bp3"
2.87291066197703e-06,0.658135170336895,0.932,0.675,0.0927519207219285,"17","Srsf1"
2.8913274649776e-06,1.19087189969712,0.961,0.618,0.093346507206802,"17","Cbx5"
2.90623744582646e-06,1.16579676083969,0.911,0.555,0.0938278759385074,"17","Maz"
2.91170367688998e-06,1.0185817930302,0.946,0.672,0.0940043532083929,"17","Psip1"
2.9729140009477e-06,0.716754256060786,0.754,0.512,0.0959805285205964,"17","Tceal9"
3.01478400850141e-06,2.99224413197298,0.545,0.051,0.0973323017144681,"17","E330020D12Rik"
3.07563728668187e-06,0.912120976343634,0.907,0.571,0.0992969498005241,"17","Ap2s1"
3.10728629581908e-06,2.03825176954451,0.779,0.278,0.100318738060519,"17","Wdr76"
3.13740420287542e-06,3.27241155258256,0.525,0.059,0.101291094689833,"17","Melk"
3.17190974493508e-06,1.42479372843799,0.595,0.184,0.102405106115229,"17","Bcl2l1"
3.22500561006238e-06,0.636835382159216,0.942,0.732,0.104119306120864,"17","Mapk1"
3.39293859156752e-06,1.48449280886992,0.411,0.134,0.109541022428757,"17","Psmc3ip"
3.59167152893391e-06,0.66098344317111,0.942,0.654,0.115957115311631,"17","Tgfb1"
3.60891305528595e-06,1.77539936965158,0.426,0.115,0.116513757989907,"17","BC055324"
3.7229983629128e-06,5.03690249149716,0.378,0.006,0.12019700214664,"17","Fxyd6"
3.82125523277422e-06,0.401926862510659,0.789,0.504,0.123369225190116,"17","Fyn"
3.96859917906071e-06,2.32476972466946,0.645,0.121,0.128126224495975,"17","Fgf13"
3.96859917906071e-06,2.05721527667564,0.564,0.117,0.128126224495975,"17","Nt5dc2"
3.99513433081363e-06,1.05463170015584,0.781,0.414,0.128982911870318,"17","Hspa14"
4.18341870611103e-06,1.04425639899381,0.791,0.487,0.135061672926795,"17","Rb1"
4.18405700041183e-06,2.11592032753873,0.424,0.126,0.135082280258296,"17","Gm43305"
4.21700126388259e-06,0.90267126101514,0.698,0.236,0.136145885804449,"17","Evl"
4.43723994636698e-06,1.07443441460489,0.934,0.668,0.143256291668458,"17","Ndufb7"
4.54925796197267e-06,2.75413310100257,0.537,0.084,0.146872793302288,"17","Mybl2"
4.55351368837085e-06,3.53993936791161,0.401,0.04,0.147010189429053,"17","Rtkn2"
4.69653499624614e-06,0.801666829455773,0.822,0.538,0.151627632353807,"17","Srrt"
4.83885917691201e-06,1.06473683931202,0.882,0.544,0.156222568526604,"17","Dcun1d5"
4.87384706133065e-06,1.2517962888457,0.816,0.396,0.15735215237506,"17","Csrp1"
4.92247866778409e-06,1.44961382803482,0.831,0.403,0.158922223789409,"17","Exosc8"
4.9327008360794e-06,1.02167305454232,0.961,0.743,0.159252246492823,"17","Cyfip2"
5.01926537574757e-06,0.786022059353748,0.874,0.574,0.16204698265601,"17","N4bp2"
5.04050166775741e-06,1.00565429508677,0.605,0.276,0.162732596343548,"17","Trappc1"
5.10572745928503e-06,2.10534526394231,0.564,0.145,0.164838411023017,"17","St3gal6"
5.18981131021361e-06,1.3333239476891,0.899,0.581,0.167553058150246,"17","Magoh"
5.28521923763302e-06,1.01120276305512,0.845,0.492,0.170633303086982,"17","Cycs"
5.37063748329491e-06,2.57368916226429,0.498,0.077,0.173391031148176,"17","Endod1"
5.37063748329491e-06,3.48788968478668,0.455,0.037,0.173391031148176,"17","Ttll11"
5.56337790785538e-06,2.20491781413064,0.603,0.135,0.179613655755111,"17","Zwilch"
5.58349242388453e-06,3.33490313104876,0.543,0.09,0.180263052905112,"17","Hist1h3e"
5.58529306364758e-06,1.1351944703739,0.686,0.23,0.180321186559862,"17","Sdf2l1"
5.72957366631232e-06,0.749366381896186,0.826,0.579,0.184979285816893,"17","Cspp1"
5.89013087388292e-06,1.92497310004574,0.787,0.24,0.19016287526331,"17","Rnf157"
5.92060208427553e-06,3.19722460162649,0.442,0.054,0.191146638290836,"17","Smtn"
5.99655852925629e-06,0.963359722177819,0.952,0.739,0.193598892117039,"17","Snrpf"
6.00900090097183e-06,1.12272956841484,0.936,0.608,0.194000594087876,"17","Nup210"
6.06757263794609e-06,0.69636311317363,0.696,0.398,0.195891582616089,"17","Cdkn1b"
6.10539995080022e-06,0.67908269838878,0.729,0.431,0.197112837411585,"17","Dcps"
6.41238408959549e-06,1.27287236198272,0.647,0.26,0.20702382033259,"17","Hist1h1c"
6.5823533210311e-06,1.07179368715166,0.919,0.65,0.212511276969489,"17","Psmb6"
6.60089824325411e-06,1.2139333331725,0.616,0.261,0.213109999783459,"17","Nup93"
6.66984328938847e-06,2.00645460746457,0.595,0.196,0.215335890597907,"17","Acp6"
6.87589186158894e-06,1.25963599147225,0.715,0.333,0.221988168751399,"17","Fxn"
6.96027873021035e-06,2.30815071712505,0.707,0.16,0.224712598804841,"17","Mad2l1"
7.05629025812016e-06,0.918419976443355,0.948,0.747,0.227812330983409,"17","Ptprcap"
7.47686114693179e-06,1.52532599653358,0.69,0.279,0.241390462128693,"17","Sass6"
7.47909819766634e-06,1.25305719460084,0.655,0.299,0.241462685311658,"17","Mcm4"
7.53452416458714e-06,0.877732430630328,0.851,0.516,0.243252112653696,"17","Cyb5b"
7.75182569435383e-06,4.15244558107875,0.393,0.024,0.250267692542214,"17","Hist1h2bm"
7.75182569435383e-06,3.44661681950311,0.304,0.03,0.250267692542214,"17","Troap"
8.04870793712344e-06,1.75793568127226,0.483,0.136,0.25985253575003,"17","Cdc7"
8.07063673751536e-06,1.09896953233497,0.866,0.527,0.260560507070683,"17","Srgap2"
8.1300656799263e-06,1.03377310017035,0.946,0.699,0.26247917047642,"17","Ndufb1-ps"
8.19204558145559e-06,0.910154303085694,0.802,0.459,0.264480191597294,"17","Snf8"
8.19847476123302e-06,0.700680310182687,0.903,0.685,0.264687757666408,"17","Pabpn1"
8.61393945688246e-06,3.13636175647574,0.663,0.094,0.27810103536545,"17","Cdkn2c"
8.73697961379103e-06,0.664891154435061,0.919,0.697,0.282073386831243,"17","Cbfb"
8.76074803146937e-06,1.38116200992355,0.783,0.43,0.282840750195989,"17","Cenpc1"
8.96740379877413e-06,3.26643832537435,0.353,0.04,0.289512631643423,"17","Mybl1"
8.96740379877413e-06,2.37056396645892,0.38,0.067,0.289512631643423,"17","Nsl1"
9.05174206049375e-06,0.831156039978061,0.878,0.58,0.292235492423041,"17","Tomm22"
9.12944754808318e-06,1.09420064380479,0.829,0.454,0.294744214089865,"17","Ldlrad4"
9.1722066492115e-06,1.9111020095687,0.723,0.235,0.296124691669793,"17","Cmc2"
9.18110047450905e-06,1.77086371983892,0.802,0.31,0.296411828819525,"17","Btbd10"
9.21546220271587e-06,0.608358456469502,0.659,0.271,0.297521197214682,"17","Lbh"
9.42957488425517e-06,0.194208618130025,0.816,0.497,0.304433825138178,"17","Cat"
9.49986924528823e-06,0.867771708130554,0.614,0.328,0.30670327858413,"17","Gtf2f1"
9.65634343124548e-06,1.01387053001999,0.86,0.556,0.31175504767776,"17","Cwc15"
9.73885037360215e-06,2.35532531026999,0.533,0.103,0.314418784311746,"17","Rad54b"
9.82696926263813e-06,3.5586774160302,0.372,0.034,0.317263702644272,"17","Nek2"
9.8708446848994e-06,1.28635293737365,0.897,0.558,0.318680220651977,"17","Map3k5"
9.88713205705568e-06,1.69937124347195,0.638,0.196,0.319206058462043,"17","Skp2"
1.01220606137816e-05,0.468647424642826,0.711,0.487,0.326790726915937,"17","Tiprl"
1.0510252642095e-05,1.95673554832646,0.351,0.069,0.339323506550038,"17","Raet1e"
1.06119113099885e-05,0.848953441129307,0.731,0.461,0.34260555664298,"17","E130307A14Rik"
1.07649013708876e-05,2.62541594430928,0.322,0.037,0.347544840759105,"17","Lig4"
1.09570282024643e-05,0.862649432393517,0.944,0.741,0.353747655516559,"17","Ubl5"
1.09811921589111e-05,1.29593865892346,0.862,0.51,0.354527788850445,"17","Ptp4a3"
1.15174069840614e-05,1.12091063403152,0.816,0.456,0.371839484480421,"17","Smarcd2"
1.16624910836947e-05,1.19351754594397,0.87,0.633,0.376523524637083,"17","Pnp"
1.16721627656914e-05,2.06278332975223,0.448,0.095,0.376835774890348,"17","Mcm10"
1.16903290324161e-05,1.36106462188741,0.601,0.216,0.377422272811553,"17","Rfc5"
1.17270926433148e-05,0.999296050197211,0.971,0.757,0.378609185989418,"17","Srsf2"
1.22024363517531e-05,0.974040364495491,0.785,0.532,0.39395565761635,"17","Mcm6"
1.23327877313194e-05,1.92894950518216,0.428,0.106,0.398164051905646,"17","Fanci"
1.23473368771009e-05,0.886782849161838,0.851,0.489,0.398633771077203,"17","Topbp1"
1.23510317851706e-05,1.28745932128493,0.905,0.53,0.398753061184234,"17","Ndufa11"
1.24158621687898e-05,0.955224637213772,0.727,0.413,0.40084611011938,"17","Cisd1"
1.24323763822302e-05,1.55412307392503,0.337,0.106,0.401379271500302,"17","Ccp110"
1.26715758310682e-05,3.51616964270153,0.376,0.032,0.409101825706036,"17","Ankle1"
1.27072823793146e-05,1.59018075705108,0.798,0.34,0.410254611616173,"17","Ccdc34"
1.29852038575178e-05,2.22594585874486,0.393,0.083,0.419227306539961,"17","Haspin"
1.30716340312275e-05,1.08337727208928,0.971,0.732,0.422017704698181,"17","Fryl"
1.31129422253081e-05,0.649347072382771,0.868,0.592,0.423351339744071,"17","Tmem167"
1.32387154710802e-05,1.70362661252567,0.756,0.289,0.427411928983823,"17","Mcm5"
1.40867426996275e-05,1.49764003550844,0.88,0.525,0.454790488057475,"17","Pola1"
1.41106264430405e-05,1.18751265006668,0.787,0.459,0.455561574713562,"17","Tbc1d10c"
1.43340183606203e-05,0.70873581746322,0.901,0.655,0.462773782772626,"17","Timm13"
1.496630156078e-05,1.42627429147681,0.688,0.302,0.483187045889783,"17","Alms1"
1.52243140153802e-05,4.32682387014621,0.401,0.024,0.49151697798655,"17","Pif1"
1.52832120621473e-05,0.907859178328244,0.959,0.742,0.493418501426425,"17","Dyrk1a"
1.57197895330525e-05,1.0620514361362,0.589,0.279,0.507513405074598,"17","Limk2"
1.59404479567909e-05,5.40131487390466,0.271,0.004,0.514637362284994,"17","Smim41"
1.59404479567909e-05,3.09215941193716,0.26,0.03,0.514637362284994,"17","Hist1h3a"
1.5979473200288e-05,1.57914243492653,0.847,0.398,0.515897292271297,"17","Slc1a5"
1.65219440102152e-05,1.03293747166078,0.775,0.468,0.533410962369798,"17","Brix1"
1.70106298870254e-05,0.89553542463419,0.893,0.608,0.549188185902615,"17","Srsf4"
1.74066955534279e-05,0.744790197957561,0.857,0.526,0.561975165942421,"17","Ciao2a"
1.75554813487548e-05,0.898126235855321,0.469,0.242,0.566778715344549,"17","Agfg2"
1.75653391733101e-05,2.6933653248813,0.502,0.07,0.567096975210318,"17","Cenpi"
1.79043630947671e-05,1.34126147811797,0.589,0.184,0.578042362514556,"17","Anapc15"
1.79626918647798e-05,1.02026472742892,0.88,0.576,0.579925506854417,"17","Elk4"
1.85064654124101e-05,1.14142584846089,0.676,0.277,0.597481235839659,"17","Tfrc"
1.86445678668204e-05,2.47394967570609,0.719,0.192,0.601939873580295,"17","Ska2"
1.86949206114768e-05,1.29064807481512,0.632,0.277,0.60356551194153,"17","Rell1"
1.87355023232906e-05,2.11081735174909,0.638,0.164,0.604875692507436,"17","Hist1h4i"
1.90396011932264e-05,1.49133596431353,0.713,0.322,0.614693524523315,"17","Hes6"
1.91339955069736e-05,2.21671587123546,0.291,0.054,0.617741044942643,"17","Aldh1b1"
1.99194749667127e-05,1.18879117209478,0.934,0.633,0.64310024930032,"17","Ppp1cc"
1.99675045586415e-05,3.876602062137,0.386,0.026,0.644650884675739,"17","Gtse1"
2.00018180311342e-05,1.11452505643013,0.38,0.161,0.645758695135166,"17","4930503L19Rik"
2.01487451982035e-05,1.13128090380655,0.707,0.359,0.650502238723999,"17","Med30"
2.01986513603324e-05,1.50219860579721,0.647,0.287,0.652113459168332,"17","Gstt2"
2.03549455675063e-05,1.86649234318497,0.477,0.122,0.657159417646943,"17","Tlnrd1"
2.05578215660616e-05,0.225882922783121,0.791,0.578,0.663709269260297,"17","Tmem131"
2.06733245662071e-05,1.10674343777034,0.62,0.281,0.667438283619997,"17","Haus3"
2.08355178260997e-05,2.41019438784499,0.417,0.093,0.672674693015629,"17","Hist1h4h"
2.09436221620656e-05,0.827064019994306,0.678,0.367,0.676164841502287,"17","Babam1"
2.10067503414717e-05,1.09607257995015,0.76,0.397,0.678202934774414,"17","Cops6"
2.12885137425614e-05,1.17355196814264,0.678,0.256,0.687299666178596,"17","Adgre5"
2.18099964323976e-05,2.30707550247944,0.45,0.08,0.704135734819955,"17","Fancd2"
2.196601324281e-05,1.21503590466004,0.432,0.158,0.70917273754412,"17","Zw10"
2.2174269213213e-05,1.24576406142204,0.638,0.267,0.715896281548583,"17","Ubl4a"
2.22050198320999e-05,1.22078644488986,0.955,0.673,0.716889065279347,"17","Suz12"
2.22535605882244e-05,1.08807054421234,0.795,0.315,0.718456203590826,"17","Zfp36l1"
2.24848461472713e-05,0.622832266380389,0.552,0.314,0.725923257864654,"17","Ube2j1"
2.30522325308771e-05,0.592574287100533,0.638,0.414,0.744241327259366,"17","Gtf3a"
2.32413596005115e-05,1.14181312959141,0.638,0.294,0.750347294702513,"17","Ipcef1"
2.36602955391093e-05,3.1993971708588,0.452,0.064,0.763872641480144,"17","Kpna2"
2.39532296863302e-05,1.54042472668187,0.38,0.112,0.773330020423171,"17","Fanca"
2.40436139332823e-05,0.640003113414428,0.574,0.334,0.776248075836018,"17","C330007P06Rik"
2.49775056696179e-05,1.9692552649679,0.479,0.121,0.806398770543615,"17","Lhpp"
2.53869471638138e-05,1.33479056907708,0.839,0.405,0.819617589183729,"17","Mad1l1"
2.55496176309646e-05,1.0682278921134,0.407,0.179,0.824869405215691,"17","Lancl2"
2.56885182332584e-05,1.64709647065702,0.44,0.145,0.829353811160748,"17","Cntrob"
2.5701996101217e-05,0.785312609602513,0.457,0.226,0.829788944127792,"17","Hmces"
2.57420279947894e-05,1.97177245997691,0.345,0.079,0.831081373811777,"17","Cchcr1"
2.59014207184549e-05,0.859946284129157,0.882,0.551,0.836227367895317,"17","Cnot6"
2.61006987070271e-05,0.382072483905664,0.829,0.579,0.84266105775637,"17","Tcf7l2"
2.61289134687066e-05,0.673500683759603,0.893,0.646,0.843571971337194,"17","Uqcrq"
2.61795588304946e-05,1.33390161342664,0.657,0.271,0.845207056842517,"17","Jakmip1"
2.62608246184817e-05,0.993823788359324,0.944,0.657,0.847830722807683,"17","Anapc5"
2.64653717933114e-05,1.30075822744553,0.901,0.554,0.854434528347057,"17","Mrpl18"
2.66175931886329e-05,0.996581447870052,0.955,0.735,0.859348996095013,"17","Hnrnpab"
2.66657436882954e-05,0.879610224491179,0.855,0.511,0.860903534976616,"17","Uba2"
2.68226833814988e-05,2.10756066745197,0.855,0.492,0.86597033297169,"17","Bub3"
2.74912496285577e-05,0.942321336000239,0.944,0.698,0.887554994257986,"17","U2af1"
2.83411277710688e-05,2.1180865727217,0.614,0.17,0.914993310088956,"17","Gins2"
2.93084609736645e-05,0.939703204078349,0.969,0.734,0.946223662534759,"17","Smchd1"
2.96072493504332e-05,0.94773723176732,0.955,0.742,0.955870045278734,"17","Snrpb"
2.96770799673672e-05,1.9852589933011,0.473,0.112,0.95812452674645,"17","Exo1"
2.96878721842521e-05,0.463529659043704,0.837,0.561,0.958472953468579,"17","Selplg"
3.00548630947561e-05,1.18931775531484,0.872,0.513,0.970321255014201,"17","Dtymk"
3.07339920933765e-05,0.848708196670727,0.8,0.487,0.99224693473466,"17","Ndufb6"
3.17959925881965e-05,0.857476802632267,0.775,0.478,1,"17","Vbp1"
3.2052689547253e-05,3.03622524695424,0.388,0.054,1,"17","Tcf19"
3.21063716511886e-05,2.04651624593563,0.376,0.089,1,"17","Dscc1"
3.26490861991178e-05,1.00653522192744,0.81,0.458,1,"17","Tfdp1"
3.28438592679637e-05,1.34531917874369,0.7,0.284,1,"17","Ccdc124"
3.3412977671892e-05,0.837917684180107,0.665,0.35,1,"17","Prpf38a"
3.36482488744815e-05,0.94870611677627,0.655,0.373,1,"17","Spata6"
3.36878811663264e-05,1.04062442129571,0.7,0.371,1,"17","Frmd6"
3.44623255168971e-05,1.14943817083815,0.926,0.563,1,"17","Xpo1"
3.51258385934707e-05,3.65558577136841,0.351,0.033,1,"17","Hist1h2bb"
3.51786272809014e-05,1.75835295998699,0.434,0.125,1,"17","Plekhg3"
3.5327401725222e-05,1.39152867289566,0.94,0.695,1,"17","Ranbp1"
3.61016004182201e-05,0.697830434251935,0.483,0.259,1,"17","Tars2"
3.63137626857643e-05,1.46973570205924,0.452,0.141,1,"17","Chek1"
3.704480915756e-05,2.07757150148277,0.415,0.092,1,"17","Poc1a"
3.8829982504966e-05,0.772058544434588,0.862,0.5,1,"17","Rnaseh2c"
3.89416259381054e-05,0.665052573319776,0.919,0.706,1,"17","Micos10"
3.91108596677977e-05,1.69469448602704,0.88,0.424,1,"17","Nasp"
3.92948597246851e-05,1.4107713429037,0.826,0.496,1,"17","Ubald2"
3.94144644686383e-05,0.835227665827867,0.948,0.72,1,"17","Mgat5"
4.02384710741259e-05,1.19314682549436,0.661,0.28,1,"17","Med10"
4.20275182766726e-05,1.49397385266126,0.68,0.311,1,"17","Dtl"
4.2080659008517e-05,0.85421976868662,0.909,0.626,1,"17","Sp3"
4.21771627551339e-05,1.34227940563688,0.44,0.197,1,"17","Nlrc3"
4.33169514655321e-05,0.624850377064423,0.862,0.598,1,"17","Cmpk1"
4.39650317536849e-05,0.518665561910917,0.545,0.323,1,"17","Maml1"
4.40969510063012e-05,1.7817705103879,0.531,0.172,1,"17","Ada"
4.44910564373997e-05,0.589377381895751,0.897,0.668,1,"17","Psma1"
4.5489301857499e-05,0.877026656347384,0.961,0.705,1,"17","Lrch1"
4.68483750853598e-05,1.85772564471916,0.403,0.046,1,"17","Ighd"
4.72612767523654e-05,0.64295892192308,0.81,0.448,1,"17","Fkbp2"
4.72803710104775e-05,1.04881521924135,0.548,0.226,1,"17","Gga2"
4.73374962100263e-05,0.16400956002102,0.519,0.13,1,"17","AB124611"
4.7409365024991e-05,0.293011567106573,0.603,0.402,1,"17","Ltn1"
4.88435472545204e-05,1.22711599500571,0.917,0.605,1,"17","Cdv3"
5.04670884484901e-05,1.31246594920295,0.866,0.484,1,"17","Slc30a5"
5.10233622601118e-05,1.97517847101279,0.362,0.105,1,"17","Emp1"
5.2963560891986e-05,1.91365763737362,0.465,0.128,1,"17","Crybg3"
5.49069098717158e-05,1.34674810672428,0.89,0.542,1,"17","Parp1"
5.52034405810276e-05,1.05447421983719,0.942,0.673,1,"17","Psmb3"
5.53905209323539e-05,3.23423346082816,0.556,0.064,1,"17","Ska1"
5.54713094825184e-05,1.10105091689397,0.754,0.344,1,"17","Rad51b"
5.62321933185995e-05,1.65282155895272,0.709,0.262,1,"17","Cnp"
5.65283261193428e-05,1.73794528590067,0.36,0.092,1,"17","Pkmyt1"
5.68227158230417e-05,2.29983649444282,0.386,0.064,1,"17","Aunip"
5.71715570907918e-05,0.632037518096793,0.337,0.059,1,"17","Acp5"
5.71715570907918e-05,3.18907475620244,0.246,0.016,1,"17","Pakap.1"
5.72289679118757e-05,1.8615249972119,0.564,0.159,1,"17","Mthfd2"
5.83337299886683e-05,0.935046223354208,0.909,0.665,1,"17","Psma6"
5.89444477132952e-05,2.27321662357006,0.57,0.125,1,"17","Trip13"
6.12010402288728e-05,1.04266939759484,0.872,0.545,1,"17","Snrpc"
6.26333146755672e-05,1.28682435753113,0.855,0.506,1,"17","Nsmce4a"
6.36525237924627e-05,1.03049552992096,0.839,0.516,1,"17","Snrnp40"
6.39939329793059e-05,3.71136937588576,0.473,0.046,1,"17","Rsph9"
6.50475622222749e-05,4.9035435277117,0.304,0.008,1,"17","Enpep"
6.50475622222749e-05,3.89502660766242,0.217,0.014,1,"17","P2rx3"
6.69967189936265e-05,1.10103940680327,0.791,0.421,1,"17","Exosc3"
6.93446439747233e-05,0.364881139444383,0.835,0.591,1,"17","Tmem258"
6.99217222385154e-05,1.49408235169326,0.593,0.23,1,"17","Wdhd1"
7.06529804948834e-05,0.936946374978062,0.95,0.693,1,"17","Ddx39b"
7.16077661581736e-05,1.03816438360387,0.581,0.273,1,"17","Cdk2"
7.30072244403095e-05,2.44137993807453,0.355,0.052,1,"17","Iqgap3"
7.68586415824715e-05,0.563184501405191,0.857,0.644,1,"17","S100a10"
7.70994011933794e-05,1.6855595721185,0.795,0.389,1,"17","Pafah1b3"
7.81043395275004e-05,2.60723714816118,0.727,0.269,1,"17","Cdkn2d"
8.06907480600562e-05,2.20914472582612,0.281,0.056,1,"17","Gm13561"
8.16495155990581e-05,1.18068754320721,0.562,0.242,1,"17","Ccdc138"
8.33135817935002e-05,3.69731009490818,0.341,0.033,1,"17","Hist2h2bb"
8.53584391238534e-05,0.929920131185668,0.864,0.552,1,"17","Mrpl20"
8.64998463180708e-05,0.871622418018833,0.876,0.574,1,"17","Atp5k"
8.69113379986651e-05,1.03253112549193,0.7,0.372,1,"17","Pin1"
8.69145678832437e-05,0.766751306654791,0.917,0.632,1,"17","Pik3cd"
8.75974861504686e-05,2.90560276970139,0.364,0.047,1,"17","Ccne1"
8.77155442898616e-05,0.711644321127137,0.928,0.646,1,"17","Psmd14"
8.78880349885786e-05,0.900229122240104,0.527,0.257,1,"17","Sirt1"
8.79698873109214e-05,1.3270413495798,0.579,0.211,1,"17","Rcc1"
8.85756809729467e-05,0.77563340011746,0.698,0.385,1,"17","Med21"
8.93806953434517e-05,1.19815375298513,0.649,0.3,1,"17","Tdp2"
9.04732524533306e-05,0.94861735806479,0.8,0.475,1,"17","Smarcb1"
9.08996324170853e-05,0.662116372729194,0.831,0.581,1,"17","Rngtt"
9.10277952489784e-05,0.808318268108451,0.944,0.718,1,"17","Atp5g3"
9.23126118134845e-05,0.628698838889772,0.51,0.27,1,"17","Usp39"
9.34463873770711e-05,0.522684157567276,0.767,0.507,1,"17","Fam133b"
9.44011225466995e-05,0.68965722641365,0.514,0.249,1,"17","Txndc16"
9.58356311880668e-05,0.688607971188691,0.709,0.404,1,"17","Ddt"
9.87213685879848e-05,2.54852789955624,0.44,0.038,1,"17","Grap"
9.90526515609953e-05,0.818410907278023,0.579,0.325,1,"17","Arl6ip6"
9.97451901327753e-05,1.08553942738902,0.969,0.717,1,"17","Tmem131l"
0.000103120356712503,2.43336502469297,0.322,0.047,1,"17","4933406I18Rik"
0.000103594237368899,1.00236049556235,0.981,0.749,1,"17","Strbp"
0.000107635809773111,0.86388982265605,0.541,0.24,1,"17","Pym1"
0.000108392178033312,0.818244872196945,0.694,0.4,1,"17","Ttll5"
0.000110241237996229,0.82860180314484,0.653,0.338,1,"17","Syne2"
0.000111455096130637,1.49028047060078,0.481,0.174,1,"17","Ift22"
0.000112388974797112,2.52470755788916,0.318,0.049,1,"17","Hyls1"
0.000112693958788231,0.572401462397714,0.661,0.402,1,"17","Suds3"
0.000112960521517743,2.85296468871189,0.31,0.041,1,"17","Rad51c"
0.000113302297709018,1.35204064157912,0.75,0.36,1,"17","Nxt1"
0.000114552215767717,0.686423319077738,0.785,0.529,1,"17","Hat1"
0.00011464078593774,1.98058290722291,0.267,0.06,1,"17","Neil1"
0.000119218595250887,0.881738283460737,0.921,0.674,1,"17","Hdgf"
0.000122616224122466,0.536889524947083,0.87,0.642,1,"17","Tle4"
0.000123147870181335,1.00069160260546,0.843,0.522,1,"17","Ilf2"
0.00012358694219556,0.972600988829907,0.901,0.626,1,"17","Srsf10"
0.000124045680176867,1.30310221818611,0.752,0.355,1,"17","Rpa1"
0.000129145034200554,1.36082287182277,0.531,0.232,1,"17","Cep152"
0.000129208146895081,4.59569189226863,0.318,0.015,1,"17","Hist1h2an"
0.000129208146895081,3.81647036758768,0.279,0.024,1,"17","Hist1h2ak"
0.00013036709333414,1.34337189797797,0.806,0.469,1,"17","Terf1"
0.000131411617389088,2.93670763397886,0.316,0.041,1,"17","Eme1"
0.000131865156595276,0.725120226719045,0.733,0.46,1,"17","Acbd3"
0.000135196258663603,1.16001583505568,0.322,0.093,1,"17","Tnfaip3"
0.000135758804523123,0.100050959964582,0.719,0.205,1,"17","Irf8"
0.000135943365882283,0.831659197742909,0.459,0.189,1,"17","Hist1h2ac"
0.000136399880678894,1.12107898778573,0.671,0.28,1,"17","Zdhhc14"
0.000136997632214131,1.30443131104841,0.351,0.133,1,"17","Nfatc2ip"
0.000137974653035909,0.871650078347056,0.787,0.451,1,"17","Psmc5"
0.000138504339349582,0.339590454049932,0.752,0.481,1,"17","Lta4h"
0.000139266356741094,0.652588267065003,0.808,0.522,1,"17","Yeats4"
0.000140578606678835,0.710500182440267,0.612,0.376,1,"17","Rnf168"
0.000141600325509512,0.76650290768986,0.839,0.559,1,"17","Brd3"
0.000142740309685719,3.18437073044824,0.494,0.055,1,"17","Kif20a"
0.000143420020291756,3.67025375856612,0.374,0.039,1,"17","Hist1h3f"
0.000145044945576014,1.13173498523122,0.684,0.353,1,"17","Esyt1"
0.000145584084668431,0.726483585594885,0.787,0.495,1,"17","Ppm1g"
0.000145938002568821,0.79338381373785,0.795,0.486,1,"17","Brip1os"
0.000146107676603393,1.49161246519984,0.707,0.32,1,"17","Cdk5rap2"
0.000146729977171196,1.83975087672392,0.56,0.129,1,"17","Syvn1"
0.000148057819112422,1.05073164858197,0.333,0.058,1,"17","Myo7a"
0.000148084355887337,0.69661238003275,0.942,0.727,1,"17","Nono"
0.00015214552767863,0.773000687475906,0.632,0.382,1,"17","Zfp664"
0.000153710601234728,2.56573519054538,0.386,0.076,1,"17","Hist1h4c"
0.000154930689213923,1.20355576497744,0.793,0.445,1,"17","Snrpa1"
0.000155258886274874,1.56240127444281,0.37,0.128,1,"17","Rexo5"
0.00015737338209169,0.967407328199414,0.955,0.702,1,"17","Zeb2"
0.000158048754254133,1.58361408246794,0.479,0.167,1,"17","Ttf2"
0.000158247444712335,1.49302116047749,0.638,0.248,1,"17","Rab3ip"
0.000159317210746369,0.864433364468806,0.952,0.742,1,"17","Kansl1l"
0.000159475586321363,0.4749062310996,0.888,0.665,1,"17","Rdx"
0.000163984635899708,0.508888459218543,0.808,0.521,1,"17","U2af2"
0.000167335883827543,2.33228664492313,0.364,0.065,1,"17","Sbk1"
0.000168339506534701,1.4717652490821,0.676,0.309,1,"17","Rpa2"
0.000168380657122389,0.457034182486543,0.769,0.509,1,"17","Hnrnph2"
0.000171336593293452,0.743887055828331,0.94,0.717,1,"17","Gnb2"
0.000172329257755968,2.30990968517818,0.455,0.076,1,"17","B3gnt8"
0.000172350957590862,0.817851158980725,0.876,0.603,1,"17","Hnrnpdl"
0.000175225725928123,0.934647602953829,0.855,0.553,1,"17","Polr2j"
0.000175777232517772,0.620021414284358,0.694,0.463,1,"17","Gm37240"
0.000177673014191627,0.465845310322982,0.862,0.596,1,"17","Jund"
0.000178569632106222,0.743124354123688,0.938,0.737,1,"17","Sept7"
0.000179233938008519,1.28091580114182,0.748,0.379,1,"17","Timm17b"
0.000179318474317573,0.693842000379277,0.688,0.403,1,"17","Naa38"
0.000184089100076324,2.70734555676343,0.473,0.078,1,"17","Spdl1"
0.000184472742697622,2.47442527280941,0.457,0.088,1,"17","Mdm1"
0.000187956936564208,1.00079243457926,0.888,0.582,1,"17","Brd8"
0.000189413065035098,1.12512724128916,0.719,0.354,1,"17","Ppp1r35"
0.000189963651662131,0.532219106700991,0.901,0.652,1,"17","Thoc7"
0.000190540196462937,2.81751894360112,0.258,0.02,1,"17","Ifi214"
0.000190971013726394,1.32747520015989,0.57,0.202,1,"17","Snap29"
0.000191919679624704,1.46654925719566,0.587,0.234,1,"17","Lin54"
0.000192816798386301,1.45996521190177,0.558,0.2,1,"17","Tuba1c"
0.000194681580754581,0.589508400216821,0.857,0.589,1,"17","Pcmt1"
0.000195858392435915,0.621476961470055,0.696,0.469,1,"17","Arhgap21"
0.000196384191989305,1.07133640883046,0.471,0.231,1,"17","Mbd4"
0.000197115444495869,2.06576489935607,0.32,0.072,1,"17","Capsl"
0.000197128225497879,1.03873762571547,0.907,0.607,1,"17","Emg1"
0.00019859136445404,1.55955042419749,0.533,0.207,1,"17","Nmral1"
0.000207307512957242,0.549859681254674,0.764,0.503,1,"17","Cntln"
0.000207314599707346,0.384223649154334,0.862,0.64,1,"17","Zc3h15"
0.000209748247366443,1.76913620190904,0.671,0.278,1,"17","Hells"
0.000220599515611481,2.651864457708,0.314,0.02,1,"17","Spib"
0.000220599515611481,3.54442736417702,0.233,0.013,1,"17","Kcnk10"
0.000221067351994027,3.20063321574039,0.477,0.054,1,"17","Ska3"
0.000223412857458476,3.36480612138751,0.295,0.015,1,"17","Cpm"
0.000223793743403083,0.900757889708631,0.855,0.521,1,"17","Mrpl51"
0.000228068540036596,1.09313927644604,0.928,0.616,1,"17","Cd37"
0.000228830392986005,0.537478628049115,0.822,0.555,1,"17","Uqcrfs1"
0.000230041430038881,0.900223678825098,0.781,0.538,1,"17","Itpkb"
0.000232217885727095,0.505534808648351,0.895,0.64,1,"17","Msra"
0.000233137402361129,0.529763860805668,0.589,0.387,1,"17","Zc3h4"
0.000233236748754802,0.481577678718347,0.882,0.648,1,"17","Kif2a"
0.000237169484103817,0.539834319829242,0.926,0.715,1,"17","Eif4h"
0.000238109969043142,0.918852713573657,0.746,0.387,1,"17","Dnajb11"
0.000241586837805148,1.13185388635038,0.556,0.236,1,"17","Ints11"
0.000241601450759851,1.2569473370833,0.543,0.231,1,"17","Zranb3"
0.000243035888979859,1.05931890424824,0.663,0.309,1,"17","Itpa"
0.000246395197101633,0.900647155377134,0.868,0.607,1,"17","Ndufa12"
0.00024659258492801,1.72774129029578,0.756,0.294,1,"17","4930523C07Rik"
0.000247313826296224,0.929488850369443,0.686,0.35,1,"17","Nup50"
0.000248452228692369,0.573972127976252,0.798,0.464,1,"17","Tmem134"
0.000251422903967887,1.02986337574869,0.841,0.518,1,"17","Bicra"
0.000251461461210757,1.42718114540583,0.331,0.084,1,"17","Steap3"
0.000253976368838715,3.64539169277049,0.291,0.024,1,"17","Hist1h3i"
0.000253976368838715,4.49421948294446,0.264,0.006,1,"17","Scn4b"
0.000253976368838715,3.36766989593261,0.236,0.012,1,"17","Rnase12"
0.000263271093142447,0.738478730453251,0.829,0.553,1,"17","Ptbp1"
0.000265612972343431,0.908461505919246,0.868,0.589,1,"17","Phgdh"
0.000266858413007555,2.62677808109529,0.38,0.055,1,"17","Oip5"
0.000274456201053426,1.3614253682421,0.479,0.204,1,"17","Cnst"
0.000277457505309484,1.45670532189596,0.618,0.214,1,"17","Snn"
0.000280223281968425,0.830069330622255,0.636,0.344,1,"17","Pcif1"
0.000287105135496688,0.64879051553994,0.959,0.735,1,"17","Ube2d2a"
0.000287436984048745,0.740982531375589,0.905,0.679,1,"17","Ndufb8"
0.000288748574972871,1.77936544504483,0.75,0.312,1,"17","Mast2"
0.000295343582270255,0.91977185167719,0.723,0.437,1,"17","Lyar"
0.000295356437008124,0.377145443834506,0.795,0.543,1,"17","Ankfy1"
0.000299870286222829,1.25568067322948,0.523,0.212,1,"17","Mis12"
0.000307831592852203,1.02146336085034,0.585,0.3,1,"17","Tbc1d31"
0.000310897641066049,1.5259847987241,0.415,0.18,1,"17","Cep89"
0.000311040810435983,0.664773647456828,0.407,0.195,1,"17","Golt1b"
0.000312664683517646,1.13139185171665,0.837,0.502,1,"17","Eif4a3"
0.000313005867097801,0.701632065078271,0.781,0.495,1,"17","Wbp11"
0.000314082810818487,0.45589408946814,0.68,0.471,1,"17","Ipo5"
0.000315915838250665,2.42287371730308,0.393,0.068,1,"17","Tedc1"
0.000320048998174897,0.678034053251052,0.438,0.229,1,"17","Med9"
0.000321362165946462,1.06153751580076,0.711,0.397,1,"17","Zcchc8"
0.000322677100780247,0.74432751839015,0.742,0.414,1,"17","Ppp1r18"
0.000330421294519591,0.810359160445863,0.787,0.466,1,"17","Cpsf2"
0.000331028609330798,1.26975300223568,0.483,0.195,1,"17","Mrps22"
0.000339053735507366,0.732944304039955,0.793,0.505,1,"17","Rwdd1"
0.000348782769978812,0.753847031537778,0.837,0.54,1,"17","Map3k1"
0.000354999572507786,0.529051004582097,0.909,0.705,1,"17","Psmb2"
0.0003571489335974,1.15829976953631,0.7,0.356,1,"17","Asf1a"
0.000358919400066596,0.942518340588488,0.764,0.424,1,"17","Mthfd1l"
0.000358935150289843,0.512329024699507,0.727,0.469,1,"17","Mrps15"
0.000368486498311498,0.872268730620003,0.901,0.642,1,"17","Smdt1"
0.000372178223540292,0.641885771988248,0.884,0.643,1,"17","Ddx46"
0.000374747975833875,0.580294224325883,0.882,0.652,1,"17","Dhx9"
0.000388299960111417,0.933496990200262,0.55,0.239,1,"17","Ccdc25"
0.000389192468106466,0.912748713145499,0.907,0.648,1,"17","Slc38a2"
0.000389921275875476,0.841144742205656,0.705,0.379,1,"17","Abhd17a"
0.000391232149580325,0.871736017598934,0.692,0.411,1,"17","Osgep"
0.000391695414114058,1.48016828572397,0.591,0.296,1,"17","G2e3"
0.000392788645633734,0.408041811056786,0.781,0.557,1,"17","Nck1"
0.000395034670492097,1.21640218171387,0.661,0.281,1,"17","Apip"
0.000400021010110436,1.82451700310229,0.591,0.18,1,"17","Ube2t"
0.000400214336791924,0.73408006624622,0.905,0.652,1,"17","Ndufv2"
0.000403962911177312,1.28594552716885,0.49,0.2,1,"17","Cenpj"
0.000404160454008917,0.911423561260564,0.645,0.336,1,"17","Ccdc82"
0.00040728392645608,2.31862314362425,0.32,0.052,1,"17","Hist1h3d"
0.000408168783027021,0.748949125019641,0.5,0.225,1,"17","Cdc34"
0.00040994568934971,1.43418573522885,0.585,0.229,1,"17","Nup37"
0.000416233220864214,0.579830874499574,0.942,0.692,1,"17","Nsmce2"
0.000417149703476184,1.07117363287857,0.791,0.45,1,"17","Prkd2"
0.000424609551317655,2.41613464569144,0.568,0.201,1,"17","Gm42047"
0.000426237197001051,0.897991585489789,0.746,0.411,1,"17","Ndufa9"
0.000427243023273399,0.542736791674629,0.938,0.685,1,"17","Capza1"
0.000436234721032218,0.803978617904338,0.793,0.497,1,"17","Stip1"
0.000440838444942293,2.02230256506912,0.457,0.113,1,"17","Hmga1"
0.000441599463984726,0.766177076009715,0.897,0.655,1,"17","Nudc"
0.000445882589737687,1.03526152076543,0.421,0.152,1,"17","Haus8"
0.000453986675249219,0.164049496960689,0.428,0.2,1,"17","Vav2"
0.00045458314068551,0.643627439967257,0.845,0.567,1,"17","Chchd1"
0.000455363006542102,1.09318393619436,0.366,0.069,1,"17","Sgk1"
0.000455363006542102,0.959203919336087,0.508,0.23,1,"17","Ints1"
0.000462902094286588,0.626555757647097,0.744,0.469,1,"17","Mknk2"
0.000469652982192799,0.254982857816435,0.605,0.398,1,"17","Pet100"
0.000471942121817957,0.666202261981988,0.671,0.398,1,"17","Map3k4"
0.000479337380944776,0.894552674940321,0.682,0.415,1,"17","Plscr3"
0.000481461534751038,0.865138269073556,0.868,0.546,1,"17","Dpy30"
0.00048290733837652,0.427332375514402,0.64,0.424,1,"17","Txnl4a"
0.000489289536376941,0.805771033723228,0.936,0.729,1,"17","Snrpd2"
0.000489405755036168,0.856139108244767,0.917,0.656,1,"17","Zfp407"
0.000490217261360955,1.66554200542716,0.368,0.106,1,"17","Rnf26"
0.000493056147493195,0.69482440004657,0.504,0.228,1,"17","Zbtb18"
0.000494324738147379,3.42687913181965,0.246,0.02,1,"17","Hist1h2bh"
0.000498178580919276,0.742614251903272,0.74,0.436,1,"17","Cep170"
0.00050394711626433,1.18037089505893,0.618,0.289,1,"17","Sacs"
0.000504503931017948,0.684293606581262,0.576,0.316,1,"17","Zbed4"
0.000507097050610596,1.09781300925333,0.362,0.145,1,"17","Smpd4"
0.000518499707390128,0.996518186369692,0.599,0.292,1,"17","Thoc3"
0.00052047776519085,1.07315116607595,0.926,0.654,1,"17","Nedd4l"
0.000527857410091084,1.16044593175755,0.905,0.621,1,"17","Scmh1"
0.000536978817045086,0.633973324818155,0.605,0.33,1,"17","Nup88"
0.000550957483103169,0.814795292718782,0.963,0.762,1,"17","Itga4"
0.000554223745516525,0.401162507959359,0.667,0.374,1,"17","Mrpl35"
0.000569193748914785,1.60271331970946,0.324,0.091,1,"17","Zfp428"
0.000570375941377875,0.956858424423613,0.764,0.421,1,"17","Zfpm1"
0.000580716365948182,0.132472972174132,0.564,0.299,1,"17","Hist1h2bc"
0.000581951044035483,0.929564028977332,0.86,0.532,1,"17","Actn4"
0.000585275540483008,1.07273999708351,0.729,0.336,1,"17","Acsl1"
0.000587137149773165,1.03392926236391,0.597,0.269,1,"17","Luzp1"
0.000592796605817779,1.63615509403312,0.43,0.099,1,"17","Rhbdf2"
0.00060173889945173,0.86401237789585,0.413,0.184,1,"17","Dars2"
0.000605802112058507,3.48919556325391,0.32,0.021,1,"17","Gm11755"
0.000616477050606564,1.51565182604027,0.351,0.127,1,"17","Cdc6"
0.000621575019019626,0.554957260840669,0.579,0.366,1,"17","Dnajb1"
0.000626306646017011,1.09140333534042,0.738,0.396,1,"17","Cep250"
0.000626791502235895,1.25102686667873,0.481,0.185,1,"17","Timeless"
0.000638556524202906,0.813366775734087,0.746,0.418,1,"17","Stk11"
0.000640647323376885,1.31624068873939,0.808,0.507,1,"17","Siva1"
0.000646286372558995,1.17488594084621,0.733,0.429,1,"17","Odf2"
0.00065117861026417,1.32703171113243,0.339,0.116,1,"17","Snrnp35"
0.000654566822596341,2.6639546885289,0.252,0.014,1,"17","Rragd"
0.000654566822596341,1.32330581887811,0.329,0.113,1,"17","4933439C10Rik"
0.000659439855180105,1.77228781378888,0.647,0.197,1,"17","Gpd1l"
0.000662768365384266,0.493138907119528,0.868,0.637,1,"17","Memo1"
0.000669712328613672,0.974117508416417,0.833,0.479,1,"17","Pfdn6"
0.000674752897797044,0.633175436310836,0.773,0.516,1,"17","Uqcrc1"
0.000679847695255092,0.623719962935452,0.847,0.515,1,"17","Ndufa1"
0.000689866468923207,0.722754690643941,0.746,0.457,1,"17","Ptpn7"
0.000704961142658019,0.743105622128427,0.86,0.545,1,"17","Mrps21"
0.000717412542650315,1.13330279927684,0.636,0.268,1,"17","Nup62"
0.000718542929200235,0.946733452930796,0.787,0.49,1,"17","Znrd1"
0.000719091333046028,1.2942247251482,0.395,0.173,1,"17","Dclk2"
0.000722443857573407,0.669863173741319,0.587,0.331,1,"17","Taf12"
0.00073448056927903,0.933437812210005,0.888,0.588,1,"17","Rnf7"
0.000740926891964359,0.608654380475823,0.676,0.405,1,"17","Pdhb"
0.000742521673086083,0.673874513715128,0.874,0.599,1,"17","Gm4258"
0.00075473730110859,1.35904306451176,0.566,0.198,1,"17","Ndc1"
0.000779820348894305,0.511942177416319,0.837,0.505,1,"17","Man2a1"
0.000780862072544069,1.44490201497321,0.486,0.125,1,"17","Dok3"
0.000787632318657973,1.08009931421433,0.618,0.295,1,"17","Mcm2"
0.000789715620361766,0.920571210294306,0.913,0.623,1,"17","Mbd2"
0.000793127000534502,2.34341589562491,0.287,0.042,1,"17","5930430L01Rik"
0.000802545009572446,0.621276952686677,0.688,0.416,1,"17","Ddx1"
0.000807496308047474,1.0501149309528,0.655,0.342,1,"17","Ammecr1"
0.000807679458474464,0.788327805702064,0.833,0.449,1,"17","Fam111a"
0.000813710709725828,3.53690073421823,0.246,0.009,1,"17","Gm34095"
0.000818199617871992,1.06397587950501,0.492,0.242,1,"17","Lrrc8b"
0.000823716559390536,1.16173799673247,0.502,0.19,1,"17","Dnph1"
0.000845939816627792,0.41485078300996,0.789,0.534,1,"17","Polr2k"
0.00084716745909949,0.745800015381346,0.56,0.322,1,"17","Tle3"
0.000849990045932192,0.875701648862856,0.895,0.671,1,"17","Trir"
0.000853520111323701,0.849231598064854,0.89,0.573,1,"17","Srsf9"
0.000867107180353032,0.815293571831943,0.727,0.385,1,"17","Bud31"
0.000870805039056062,0.930031683227062,0.868,0.568,1,"17","Mef2d"
0.000878624625053312,1.14810952318773,0.851,0.512,1,"17","Psmc3"
0.000883644509883342,1.68415990198159,0.372,0.107,1,"17","Gins3"
0.00089218693874607,1.41475016941096,0.531,0.193,1,"17","Tdp1"
0.000903230863426139,0.605738988454088,0.754,0.466,1,"17","Med28"
0.000921339551157611,1.44452958722523,0.661,0.294,1,"17","Sephs1"
0.00092838494983948,1.01192351526499,0.754,0.414,1,"17","Eri1"
0.000952837102882783,0.601121357420077,0.831,0.564,1,"17","Mrpl30"
0.00095397010395151,0.269258268219814,0.767,0.549,1,"17","Abl1"
0.000973441515331553,1.08569354363895,0.903,0.625,1,"17","Hmgn1"
0.000973441515331553,0.932421027095104,0.942,0.695,1,"17","Syk"
0.00097383690057563,0.611863237399586,0.824,0.486,1,"17","Clic4"
0.000988278813616017,0.960364027034628,0.426,0.18,1,"17","Milr1"
0.000999999629790899,1.67522606478873,0.738,0.301,1,"17","Nfyb"
0.00100100955095431,1.47052485647168,0.591,0.215,1,"17","Mrpl49"
0.00101000521586873,0.611119003723494,0.576,0.374,1,"17","Tnfsf10"
0.00101790866924314,1.12456005557011,0.519,0.15,1,"17","Rgcc"
0.00101916265430776,1.36260598709452,0.372,0.128,1,"17","Reep4"
0.00102261986622744,0.286616315195266,0.895,0.68,1,"17","Sh3bgrl"
0.00103019242394318,1.02617781750606,0.469,0.224,1,"17","Tspan2"
0.00103636271613675,0.709381728021225,0.839,0.521,1,"17","Gtf2h5"
0.00105054887481831,0.721965500606043,0.944,0.701,1,"17","Ankrd44"
0.00106679841908896,0.812245776597073,0.711,0.432,1,"17","Hikeshi"
0.00107563334354228,1.19799056511435,0.603,0.239,1,"17","Cep164"
0.00107874588363945,0.804774984280123,0.694,0.383,1,"17","Grk6"
0.00108200300913943,0.580833560657883,0.841,0.605,1,"17","Mrtfa"
0.00108203521481695,0.892869498954667,0.514,0.225,1,"17","Exosc9"
0.00108700879155155,0.901473767801501,0.607,0.312,1,"17","Atg101"
0.00110566634370143,0.451760515200107,0.585,0.34,1,"17","Parp2"
0.00110734080216058,2.39411814786797,0.233,0.03,1,"17","Car13"
0.00111914154344375,2.48626452771535,0.419,0.078,1,"17","Plekhg2"
0.00111999962501472,0.616208875042337,0.729,0.455,1,"17","Nudt5"
0.00112173810879451,1.33978206968932,0.401,0.147,1,"17","Nemp2"
0.00112898617852765,0.871505113773257,0.45,0.208,1,"17","Cdt1"
0.00114047025887006,0.728735598931178,0.632,0.353,1,"17","Apaf1"
0.0011408602106903,0.567624551998677,0.829,0.56,1,"17","Eif4e"
0.00115651948187889,0.640826162848885,0.785,0.516,1,"17","Cep192"
0.00116350308888133,1.2645915554542,0.326,0.116,1,"17","5830418P13Rik"
0.00117076839882274,2.03249409680721,0.267,0.062,1,"17","Pask"
0.00117309018823035,0.454529606077293,0.833,0.613,1,"17","Dnajc2"
0.00119243432582349,1.5620938758952,0.674,0.254,1,"17","Lin9"
0.00120199051893143,0.364794735183673,0.764,0.549,1,"17","Ccnh"
0.00122716087433458,0.574122937948451,0.682,0.4,1,"17","Mrps26"
0.00124896697007472,0.742799913967483,0.899,0.654,1,"17","Lcorl"
0.00125020042453295,0.467432585507011,0.88,0.649,1,"17","Ndufb3"
0.00128101155356176,0.653303956637847,0.872,0.592,1,"17","Il17ra"
0.00130524371936879,0.748184675250449,0.438,0.216,1,"17","Nup133"
0.00132447023165074,0.832341524280738,0.845,0.574,1,"17","Pou2f1"
0.00135665343552666,0.763697728475466,0.647,0.275,1,"17","Litaf"
0.00135941523653919,0.81067249272931,0.576,0.308,1,"17","Dgcr6"
0.00137326843403863,0.4291609885857,0.872,0.665,1,"17","Epc1"
0.00138384300677939,0.273411690019151,0.622,0.412,1,"17","Slc9a3r1"
0.00139866683366826,0.785120589972112,0.779,0.375,1,"17","Sh3bp5"
0.00140197120005642,0.577365463406746,0.905,0.688,1,"17","Ndufb5"
0.00140318151172223,0.985385023095694,0.669,0.334,1,"17","Aarsd1"
0.00140377083880722,1.07115715148941,0.68,0.305,1,"17","Oat"
0.00140387461251678,0.783039371686585,0.866,0.587,1,"17","Arpp19"
0.00141116665965702,2.52265307067156,0.428,0.071,1,"17","4930579G24Rik"
0.00141247339447644,0.847178334707331,0.492,0.264,1,"17","Cep78"
0.00142009691834027,2.06911559535942,0.273,0.05,1,"17","Gas7"
0.00142580964537659,0.636918039961447,0.866,0.602,1,"17","Eloc"
0.00142602648215425,0.616146374849829,0.781,0.514,1,"17","Taf1"
0.0014320518988099,1.47779000966316,0.657,0.231,1,"17","Rad18"
0.00144915501199415,0.468160086204708,0.847,0.596,1,"17","Abcf1"
0.00146035360972534,0.638448572881448,0.911,0.662,1,"17","Uqcr10"
0.00146718269117962,1.44438825217283,0.345,0.041,1,"17","F13a1"
0.00148278790121989,0.672578191127106,0.684,0.409,1,"17","Mtch2"
0.0014955161907498,0.973323100673468,0.843,0.5,1,"17","Ndufs8"
0.00151063665917766,0.695351183910969,0.61,0.351,1,"17","Gmcl1"
0.00152283848366688,1.38921804190959,0.298,0.096,1,"17","Mrnip"
0.00152506933903964,0.727411417223244,0.589,0.355,1,"17","Cep85"
0.0015438335291204,0.717661186964299,0.913,0.643,1,"17","Ppp3cb"
0.0015479914132967,1.12275113316162,0.595,0.27,1,"17","Dynlt1f"
0.00156641695450884,2.23042442943452,0.38,0.075,1,"17","Traf4"
0.00157458890423568,0.912542623528651,0.543,0.263,1,"17","Prps1"
0.00158013721608131,1.09175600301383,0.514,0.221,1,"17","Brca2"
0.00158043317369136,1.8526234816678,0.256,0.051,1,"17","2810408I11Rik"
0.00158183826451033,0.758400343299583,0.944,0.735,1,"17","Nedd8"
0.00158971200851265,0.565260545883227,0.791,0.542,1,"17","Chordc1"
0.00160960855883909,0.548287172911007,0.884,0.657,1,"17","Coro7"
0.00161910338087579,1.07114201237963,0.909,0.629,1,"17","Lsm4"
0.00162691246937055,1.97847713422936,0.566,0.172,1,"17","Kif24"
0.00164371665432103,1.57949399662514,0.537,0.129,1,"17","Dhx40"
0.00167900787568932,1.3618472637494,0.682,0.285,1,"17","Atl2"
0.00169254328658897,0.899218858981402,0.653,0.364,1,"17","Nudcd2"
0.00171442058045924,0.830020665808462,0.527,0.282,1,"17","Fbxl12"
0.00171983502328939,0.475022281166049,0.595,0.366,1,"17","Naxe"
0.00172072162843627,1.20022702762413,0.61,0.255,1,"17","Nubp1"
0.00173608421299133,0.518363943945281,0.903,0.685,1,"17","Nfatc3"
0.00173652730760346,0.869717192611313,0.839,0.533,1,"17","Gabpb2"
0.00174435361531331,0.692481201917706,0.948,0.674,1,"17","Ywhah"
0.00174694698891146,0.733190704385374,0.913,0.667,1,"17","Hprt"
0.00175948486060643,0.412912159414195,0.632,0.423,1,"17","Slx4ip"
0.00176391021881498,1.25004827584137,0.605,0.255,1,"17","Sh3rf1"
0.00178450979832794,1.44865682223677,0.316,0.101,1,"17","Slc11a2"
0.00179185843652184,0.936508211988345,0.849,0.528,1,"17","Ndufs6"
0.0017919656606105,0.330464297434343,0.612,0.4,1,"17","Polr2b"
0.00179600353227433,0.832028533061273,0.529,0.272,1,"17","Etaa1"
0.00180496969759792,0.616212936845948,0.965,0.753,1,"17","Cnot2"
0.00182051052962517,1.466071282277,0.789,0.359,1,"17","Tmem243"
0.00182115594147873,0.375959203398132,0.785,0.546,1,"17","Nudt3"
0.00182319981168368,2.15072206996615,0.395,0.082,1,"17","Ercc6l"
0.00182346989838934,3.76212221241891,0.281,0.02,1,"17","Hist1h2ai"
0.00182346989838934,3.78508842108131,0.248,0.016,1,"17","Hist1h2bn"
0.00182346989838934,4.0520060483406,0.233,0.013,1,"17","Hist1h3b"
0.00182758177844105,0.55842454896013,0.878,0.62,1,"17","Ubn1"
0.00182904409734983,1.69756581504598,0.574,0.195,1,"17","Rhno1"
0.00183716031869663,0.801467771755422,0.721,0.403,1,"17","Hcfc1"
0.00187365890417699,0.402202384150257,0.791,0.552,1,"17","Akr1b3"
0.00187577377970116,0.89826036521154,0.349,0.146,1,"17","Cpsf4"
0.0018802229294595,0.836516052409708,0.517,0.254,1,"17","Bud23"
0.00190724667703135,1.15222376802317,0.647,0.289,1,"17","Lnpk"
0.00193843585914782,0.422996285038389,0.742,0.52,1,"17","Cers5"
0.00195621805905048,0.722886680751173,0.486,0.246,1,"17","Ddx41"
0.00198289765346264,0.817354923062024,0.481,0.23,1,"17","Nup85"
0.00200056022618362,1.04228892698997,0.587,0.281,1,"17","Nans"
0.0020382675211249,0.96007118334839,0.874,0.543,1,"17","Gtf2a2"
0.00207141867734361,0.872663925317308,0.533,0.261,1,"17","Pknox1"
0.00207932294165134,1.4619302852035,0.723,0.294,1,"17","Myo1c"
0.00209237747204624,0.558995258050305,0.696,0.494,1,"17","Ext1"
0.00209964600045212,0.93315453782393,0.818,0.484,1,"17","Csnk2b"
0.00213430450668113,1.15323944076363,0.591,0.251,1,"17","Rpp30"
0.00217783197803594,1.00835495031398,0.895,0.577,1,"17","Cntrl"
0.00217821357585482,1.62534168123973,0.382,0.043,1,"17","Ly6d"
0.00219013393033295,0.745881173826075,0.826,0.532,1,"17","Ak2"
0.00220110279037919,0.789786151308546,0.492,0.236,1,"17","Arid5a"
0.00220244980084256,1.07233471084288,0.36,0.152,1,"17","Haus7"
0.00220781319407627,0.788255260022581,0.393,0.19,1,"17","Nelfcd"
0.0022082218760606,0.789090503564606,0.89,0.591,1,"17","Polr2a"
0.00220997793979825,0.584746162502995,0.862,0.61,1,"17","Psmc6"
0.002214071731342,1.22886210767894,0.649,0.282,1,"17","Timm50"
0.0022164490109431,0.526837846427336,0.727,0.448,1,"17","Cdk2ap2"
0.00222567107304191,0.597967458739548,0.638,0.376,1,"17","Sclt1"
0.00222845352149395,1.06522999598991,0.384,0.164,1,"17","Gemin6"
0.00223202778168758,1.15559820791694,0.452,0.207,1,"17","Foxd2os"
0.00226621225875703,1.66750804746363,0.684,0.282,1,"17","Rfc3"
0.0022699458575742,0.441839454495613,0.61,0.402,1,"17","Emc3"
0.00231529281592829,0.702029225241349,0.866,0.575,1,"17","Prkca"
0.00234368415345484,1.4149379893805,0.552,0.205,1,"17","Thoc6"
0.0023542910025159,0.661000713638223,0.857,0.574,1,"17","Pdcd5"
0.0023710780570103,1.25965739911903,0.533,0.201,1,"17","Dgka"
0.00237228884161295,0.722422578123605,0.855,0.566,1,"17","Snx30"
0.00237791911243601,2.71055363515254,0.446,0.039,1,"17","Irf4"
0.00240961640635218,3.50759846378182,0.32,0.014,1,"17","Smtnl2"
0.00245188288138271,1.20648363297706,0.614,0.238,1,"17","Xrcc1"
0.00245925571719447,0.652031276417126,0.915,0.683,1,"17","Psmb4"
0.00247664910905613,0.251416984456742,0.705,0.463,1,"17","Psmd2"
0.00247959593469847,1.37060800030795,0.61,0.264,1,"17","Zfp367"
0.00251290935195742,0.945451339678577,0.853,0.548,1,"17","Commd1"
0.0025222618982034,0.645020711173236,0.862,0.59,1,"17","Hdac1"
0.00254209850097862,0.442842138053147,0.793,0.556,1,"17","Tpd52"
0.00255093904073771,0.855616850293952,0.725,0.421,1,"17","Sap18"
0.00259871689242293,0.284717034598023,0.806,0.582,1,"17","Ndufa3"
0.00264203086393881,0.500329376151341,0.746,0.491,1,"17","Mrpl43"
0.00264721722845632,0.894909080581684,0.8,0.482,1,"17","Kmt5a"
0.00264737908342607,0.602613371299957,0.793,0.59,1,"17","Paics"
0.00265803135569758,3.84431241033855,0.24,0.01,1,"17","Slc12a3"
0.00267706990300012,0.929364793607602,0.975,0.764,1,"17","Pbrm1"
0.00269394470488988,1.17300000781293,0.841,0.469,1,"17","Actl6a"
0.00269414931226811,0.527028876116643,0.688,0.422,1,"17","Eno1"
0.0027045667180355,0.949964009312533,0.955,0.681,1,"17","Klhl6"
0.0027180113657442,1.07469926371216,0.397,0.176,1,"17","Slc24a5"
0.0027476874073783,0.60443554973198,0.744,0.471,1,"17","Chtop"
0.00275219842099014,0.868172102013802,0.61,0.316,1,"17","Pfdn4"
0.0027949285952427,1.40343046957596,0.545,0.23,1,"17","Dennd5b"
0.00280328771707438,0.843995274195169,0.893,0.66,1,"17","Vim"
0.00285428801286238,0.826190730694231,0.802,0.486,1,"17","Mrpl54"
0.00285630362811443,0.640079964958282,0.643,0.391,1,"17","Sf3a1"
0.00287992441124759,1.01577377593733,0.895,0.572,1,"17","Erh"
0.00288527528855743,0.730918759795054,0.915,0.658,1,"17","Nrf1"
0.00288562568389889,1.81763563754627,0.322,0.072,1,"17","Enkd1"
0.00288738390982294,0.90719736381569,0.789,0.415,1,"17","Rbms1"
0.00289929996542719,0.802316004069391,0.777,0.452,1,"17","Ppp4c"
0.00290195355428172,0.190825324803474,0.967,0.759,1,"17","2610307P16Rik"
0.00290400869223743,0.499379640504545,0.62,0.38,1,"17","Nmt1"
0.00290967706176982,0.698315012485972,0.785,0.489,1,"17","Ppp4r1"
0.00291362592930556,1.19160599377082,0.853,0.519,1,"17","Xylt1"
0.00300048215283304,1.70660161247509,0.386,0.1,1,"17","Zcchc24"
0.00305235891333855,1.17374356611355,0.537,0.274,1,"17","Eps8"
0.00308210611799061,0.645381445416321,0.876,0.635,1,"17","Cct7"
0.00308304594224158,1.53596410047697,0.55,0.222,1,"17","Ifi27l2a"
0.00310173550047147,4.76545357971658,0.262,0.005,1,"17","Sit1"
0.00310366033725403,0.856253844854609,0.452,0.23,1,"17","Mycbp"
0.00313782457679927,0.426941764641322,0.924,0.705,1,"17","Mdh1"
0.00313913540878934,0.549945502185912,0.895,0.677,1,"17","Ndufab1"
0.00315397296437035,1.37196833596783,0.537,0.196,1,"17","Suv39h1"
0.00315695907804319,0.590833432652847,0.903,0.697,1,"17","Cct8"
0.00323813948589584,0.774210369150427,0.5,0.248,1,"17","Nup35"
0.00323841150886041,1.263018482855,0.459,0.182,1,"17","Cenpo"
0.00326220265936938,0.578371271128035,0.88,0.636,1,"17","Tlk1"
0.00331952129138609,0.453748036781462,0.911,0.69,1,"17","Mtf2"
0.00333855503114781,0.87886408027385,0.87,0.566,1,"17","Psmb7"
0.00334755308812589,1.64129250689891,0.271,0.071,1,"17","Eldr"
0.00335949611922646,0.557351499180881,0.616,0.266,1,"17","Snx25"
0.00338424718440444,1.14025395226486,0.541,0.23,1,"17","Nrm"
0.00343983988143286,0.767551182613643,0.382,0.176,1,"17","Slc12a7"
0.00344197860098386,1.08698626626213,0.469,0.199,1,"17","Traf3ip2"
0.00344959498900777,0.886495767475776,0.69,0.403,1,"17","Gramd4"
0.00346244582563732,3.73133698388663,0.242,0.018,1,"17","Fam83d"
0.00347719584529944,0.540703259042343,0.539,0.333,1,"17","Scap"
0.00350487151428354,0.831394833710511,0.543,0.262,1,"17","Snrnp25"
0.00352065911167713,0.662849706947207,0.62,0.313,1,"17","Cib1"
0.00352461050416841,0.776500055504769,0.864,0.589,1,"17","Eif1ax"
0.0035295145822153,1.00054689688795,0.936,0.684,1,"17","Baz1b"
0.00356538579716132,0.542822386092796,0.543,0.336,1,"17","Xndc1"
0.00357387860759517,0.294436492918931,0.548,0.337,1,"17","Glrx"
0.00359933167033783,0.575904643630299,0.758,0.449,1,"17","Stub1"
0.00361635631753671,1.74463319606311,0.579,0.192,1,"17","Cdca4"
0.00361798098412348,0.545464677477008,0.872,0.663,1,"17","Ndufb10"
0.00361979286177784,1.28965827768272,0.333,0.115,1,"17","Zfp821"
0.0036715036263561,1.04358958015265,0.829,0.479,1,"17","Tbc1d1"
0.00368594096798687,0.650483960714661,0.924,0.685,1,"17","Sec63"
0.00369308598710519,0.599000928023968,0.684,0.41,1,"17","AI506816"
0.0037246604997215,0.785594682427221,0.403,0.199,1,"17","Serinc5"
0.00376575866641364,0.730349193603747,0.649,0.348,1,"17","Pik3c2a"
0.00376926716866297,1.18720518818237,0.643,0.28,1,"17","Pdlim1"
0.00380182992636384,1.44266177486633,0.395,0.135,1,"17","Rad54l"
0.00381176921539924,0.77696192304085,0.862,0.608,1,"17","Pa2g4"
0.00388715436970863,0.517292359763687,0.702,0.464,1,"17","Mrpl21"
0.00391569372656037,0.328984938152177,0.649,0.414,1,"17","Cox20"
0.00395747807657535,0.703601764594247,0.674,0.409,1,"17","Gtf2b"
0.00395833360596957,0.809927098132227,0.512,0.231,1,"17","Vps26c"
0.00396864326703199,0.523834846950047,0.76,0.482,1,"17","Snx1"
0.00402649984575823,0.796395469700948,0.744,0.465,1,"17","Mrpl13"
0.00403608934130214,0.45087432884727,0.473,0.251,1,"17","Bak1"
0.004080612808771,0.7347412912443,0.715,0.424,1,"17","Polr2c"
0.00408439590542852,0.918935125270357,0.783,0.469,1,"17","Pbdc1"
0.00409805498300665,0.468376361952411,0.748,0.484,1,"17","Rex1bd"
0.00417034090625348,0.564430735535156,0.705,0.451,1,"17","Zcchc17"
0.00421166703488206,1.41492962146341,0.341,0.101,1,"17","Gm13919"
0.00421754887835026,1.24505244299046,0.68,0.307,1,"17","Haus4"
0.00428209836213709,0.363003585974373,0.872,0.653,1,"17","Tcerg1"
0.0042883435720422,0.548266373194175,0.669,0.453,1,"17","Spred2"
0.00432058591290106,0.654317016299993,0.762,0.491,1,"17","Eif6"
0.00432915169903986,0.500206277160419,0.847,0.624,1,"17","Vdac3"
0.00439679639181036,0.687775563475516,0.901,0.672,1,"17","Atp5md"
0.004402746984528,1.01434005062231,0.717,0.394,1,"17","Dgcr8"
0.00440594561265686,0.18770535153653,0.82,0.602,1,"17","Cox17"
0.00441071677418735,0.936099823179113,0.562,0.257,1,"17","Prelid3b"
0.00444147125899345,0.901080999579283,0.804,0.468,1,"17","Mrps18c"
0.00446239752294478,0.869922267220538,0.554,0.271,1,"17","Faim"
0.00447797194650368,0.306017361893023,0.775,0.567,1,"17","Smc5"
0.00450196769150345,0.747070755311947,0.688,0.445,1,"17","Depdc5"
0.00452208888583036,0.277128901117596,0.837,0.622,1,"17","Lamtor2"
0.0045872370220321,0.872045187289131,0.913,0.624,1,"17","Ube2n"
0.00465051356095238,0.541227401198927,0.901,0.666,1,"17","Pde4b"
0.0046562154848467,0.925331325472162,0.587,0.287,1,"17","Haus6"
0.00470446629603268,1.29204255875382,0.349,0.134,1,"17","Gpr18"
0.00471974104994697,0.697022918177172,0.736,0.422,1,"17","Cytip"
0.00471974104994697,0.824409674483743,0.713,0.411,1,"17","Pold4"
0.00476843210504381,0.791702541166567,0.525,0.274,1,"17","Myg1"
0.00478885053062629,0.750118189411247,0.417,0.191,1,"17","Abt1"
0.00481020704507893,0.36212169497736,0.758,0.532,1,"17","Wtap"
0.00482145382955916,0.681629790285208,0.508,0.266,1,"17","Ddx19a"
0.00483598338404318,1.1641622941512,0.355,0.142,1,"17","Taf5"
0.00486736905444567,1.20832545932893,0.407,0.173,1,"17","Samd1"
0.0048696102623117,0.853615669919192,0.705,0.375,1,"17","Emc8"
0.00490081198258963,1.54989586898933,0.56,0.212,1,"17","Ift27"
0.00496571574442685,0.668167268157464,0.626,0.377,1,"17","Nkap"
0.00496571574442685,0.324832839223474,0.676,0.466,1,"17","Carnmt1"
0.00499942386738367,0.879681372363445,0.376,0.167,1,"17","Scrib"
0.00503793486989258,0.749145643391258,0.475,0.252,1,"17","Mrpl46"
0.00507519138139672,0.976383849023579,0.826,0.501,1,"17","Ube2m"
0.00518956856704513,0.810657957332853,0.564,0.312,1,"17","Ubr7"
0.00521753286032955,1.08551216694652,0.479,0.213,1,"17","Uxt"
0.00523097107983599,0.554867016563668,0.589,0.373,1,"17","Crkl"
0.00523097107983599,0.618885487787199,0.531,0.321,1,"17","Inip"
0.00523321507663111,0.271999676387567,0.599,0.391,1,"17","Ramac"
0.00526971098237086,0.396580388531405,0.601,0.353,1,"17","Ncbp2"
0.0052743013622947,0.292089163432427,0.762,0.51,1,"17","Sdhd"
0.00529516930452201,0.109915914777196,0.847,0.594,1,"17","Tmem14c"
0.00529928457037358,0.501009511913771,0.837,0.584,1,"17","Pspc1"
0.00531412312276344,0.508909239614081,0.905,0.704,1,"17","Ube2l3"
0.00532186298751762,0.289484356005398,0.8,0.597,1,"17","Ola1"
0.00535271463973355,0.48661828020974,0.824,0.561,1,"17","Tmem256"
0.00539123643905424,0.341206821754288,0.69,0.479,1,"17","Mrps17"
0.00548454244494213,0.701242563639389,0.721,0.426,1,"17","Cse1l"
0.00551035731640452,0.619855078037891,0.682,0.403,1,"17","Wbp4"
0.0055477176804021,0.823541694678249,0.457,0.198,1,"17","Get4"
0.00556399087948233,0.270395347954656,0.585,0.379,1,"17","Ndufaf8"
0.00556750827471181,0.773033341760528,0.424,0.217,1,"17","Rtca"
0.00563305323240253,0.724337777610396,0.74,0.431,1,"17","Psmc1"
0.00574657471590048,1.01734272037894,0.872,0.557,1,"17","Dazap1"
0.0057796751594291,0.59338987834321,0.512,0.302,1,"17","Rexo1"
0.00589519955007875,0.128344772373068,0.779,0.574,1,"17","Ssr1"
0.00593708878412168,0.584774065223112,0.816,0.534,1,"17","Psmd12"
0.00601381746563271,1.04192753891682,0.944,0.653,1,"17","Tmcc1"
0.0060662385409918,0.53787912853325,0.655,0.415,1,"17","Dph3"
0.00612363087710263,0.892902475224443,0.893,0.612,1,"17","Clasp1"
0.00614863816587274,1.05340508414652,0.769,0.469,1,"17","Sfmbt1"
0.00620100188992276,1.47192071186123,0.548,0.229,1,"17","Pcbp3"
0.00628196880330763,0.710500151135651,0.661,0.392,1,"17","Bccip"
0.00632405535043495,0.923622840153703,0.808,0.476,1,"17","Cyc1"
0.00640054155650726,0.954312946462028,0.686,0.297,1,"17","Btg2"
0.00646055574862599,0.581062338074481,0.721,0.491,1,"17","Emsy"
0.00649011222639407,0.309520870076971,0.68,0.46,1,"17","Elovl5"
0.00656527676255391,0.578093279605843,0.533,0.3,1,"17","Rbm14"
0.00665993472038807,0.639989882705803,0.911,0.673,1,"17","Txnl1"
0.00665993472038807,0.494057163901232,0.882,0.667,1,"17","Psma5"
0.00666243278467514,0.871688069641834,0.56,0.279,1,"17","Cdkn2aipnl"
0.00669617447519281,0.454429756598323,0.816,0.563,1,"17","Cdc123"
0.00687309253046855,0.715141013356488,0.492,0.265,1,"17","Rrm2b"
0.00692515149904174,1.94790726127893,0.262,0.058,1,"17","Arhgef39"
0.00705385981173828,1.74688057568887,0.36,0.059,1,"17","Tifab"
0.00706504741256754,0.562958119675884,0.612,0.366,1,"17","Stoml2"
0.00707160353227522,0.52483193016761,0.791,0.55,1,"17","Zcrb1"
0.00710405148271078,0.402877757971107,0.638,0.419,1,"17","4921524J17Rik"
0.00712652673140531,0.467657201007454,0.69,0.392,1,"17","Slc25a51"
0.00726574313040351,1.32296296656133,0.591,0.247,1,"17","Paxip1"
0.00734267023396148,1.41295190115489,0.496,0.203,1,"17","Ccng2"
0.00734524322436996,0.478334857709921,0.504,0.289,1,"17","Nr1h2"
0.00735332614782208,0.80521687456884,0.798,0.482,1,"17","Mapkapk2"
0.00738222942150357,0.402025674858603,0.665,0.458,1,"17","Trim27"
0.00754659376535853,0.422684201291279,0.574,0.313,1,"17","Sec13"
0.00759403753966568,0.507731169109769,0.76,0.519,1,"17","Btrc"
0.00761038731684247,0.460832589476027,0.696,0.477,1,"17","Terf2"
0.00775334666600891,0.382892982198448,0.81,0.604,1,"17","Mrpl34"
0.00776473594714193,0.78870428174531,0.746,0.449,1,"17","Snrpa"
0.0078447555389053,0.564741639524021,0.554,0.324,1,"17","Timm22"
0.00787514624825529,0.496650006417925,0.564,0.326,1,"17","Plekho1"
0.00790197220510903,0.453223959813945,0.851,0.621,1,"17","Ssu72"
0.00790668463196362,0.565273612397071,0.798,0.527,1,"17","Ndufa5"
0.00791580260989265,0.46705743020297,0.725,0.467,1,"17","Anapc13"
0.0079559697710029,0.703020970115997,0.5,0.264,1,"17","Brd9"
0.00796236932638858,1.61797474655132,0.343,0.091,1,"17","Dynlt1a"
0.00796277244647143,0.445331649641303,0.574,0.345,1,"17","Prpf31"
0.0080809774462735,0.325380801417467,0.82,0.598,1,"17","Mrps28"
0.00808775202747187,1.01801848093867,0.705,0.392,1,"17","0610010K14Rik"
0.00835212066662986,0.519211533327321,0.758,0.515,1,"17","Blmh"
0.0083630178790311,0.492755487605741,0.779,0.502,1,"17","Itpr2"
0.00842094790223812,0.340367797183132,0.795,0.549,1,"17","Acadl"
0.0085655298022119,0.850056068449658,0.426,0.203,1,"17","Apoo"
0.00865261767139849,0.836458862576219,0.525,0.264,1,"17","Mical3"
0.00871749261945559,0.22364153548218,0.729,0.492,1,"17","Rbm17"
0.00876632429228773,0.486069091769801,0.837,0.603,1,"17","1110004F10Rik"
0.00881777085410598,0.612483340382872,0.595,0.342,1,"17","Msh6"
0.00886204033523605,0.570788735932197,0.564,0.307,1,"17","Oard1"
0.00888803578762816,0.916870942330796,0.68,0.376,1,"17","B9d2"
0.00889982424419706,0.494528610991422,0.752,0.501,1,"17","Csnk1g2"
0.00892095477788811,2.40239241702313,0.318,0.064,1,"17","Kifc5b"
0.00902827337017751,0.916224915102193,0.475,0.237,1,"17","S1pr4"
0.00923214516181349,0.787957078149799,0.684,0.399,1,"17","Pold3"
0.0092495074466798,0.645314460896567,0.614,0.388,1,"17","BC052040"
0.00931845214179989,0.78395712435299,0.767,0.439,1,"17","Il16"
0.00934899800169168,0.4872619313464,0.89,0.661,1,"17","Tsn"
0.00941497373707262,0.487962388116676,0.793,0.515,1,"17","Stk10"
0.00948760131660821,0.356096611000046,0.645,0.406,1,"17","Ppt1"
0.00960026075303834,2.14789051991338,0.295,0.069,1,"17","Hist3h2ba"
0.00973541587663426,0.556097288014714,0.744,0.457,1,"17","Atf4"
0.00983749191837746,0.841896095680402,0.653,0.341,1,"17","Egln1"
0.00987188365504302,0.323957617465624,0.694,0.464,1,"17","Pcbd2"
0.00987366908719989,0.905474208375118,0.395,0.191,1,"17","Nup43"
0.00994700635548925,0.683099665103612,0.94,0.731,1,"17","Taf15"
0.00994732273183978,1.05510912249302,0.572,0.285,1,"17","Rbm15"
0.00996508288540111,0.931786761613564,0.636,0.311,1,"17","Mrpl40"
0.00997648640981823,1.22043053219058,0.541,0.23,1,"17","Tmem263"
1.24306892845908e-16,9.44006657587935,0.889,0.014,4.01324803553015e-12,"18","Skap1"
1.4596356695917e-12,8.78436768506206,0.701,0.008,4.7124337592768e-08,"18","Txk"
4.91949907635602e-12,3.3639443946367,0.903,0.285,1.58826027680154e-07,"18","Ets1"
1.06708172026467e-11,8.29881561688564,0.753,0.012,3.44507333387448e-07,"18","Itk"
2.27867188414092e-11,2.14189309009764,0.967,0.702,7.35669217794897e-07,"18","Ankrd44"
2.80553343944981e-11,10.6257081603171,0.659,0.002,9.0576647092637e-07,"18","Il2rb"
6.84932907529199e-11,2.88938768578508,0.762,0.271,2.21130589195802e-06,"18","Atp8b4"
9.79322804086929e-11,2.78733710608794,0.773,0.155,3.16174367299465e-06,"18","Id2"
1.03966357231624e-10,2.33002867470628,0.898,0.561,3.35655384322297e-06,"18","Aak1"
2.33574148134792e-10,4.31562214663136,0.709,0.081,7.54094137253177e-06,"18","Grap2"
2.52377614761895e-10,8.81900104634969,0.687,0.005,8.14801129258779e-06,"18","Trbc1"
4.57935581005576e-10,7.15248394895227,0.488,0.013,1.4784450232765e-05,"18","Thy1"
5.19660707352541e-10,2.69486499862354,0.607,0.146,1.67772459368768e-05,"18","Gm26740"
5.79098937026048e-10,4.5382548800363,0.576,0.043,1.8696209181886e-05,"18","Ccr2"
7.16661485749798e-10,4.15337417665765,0.648,0.034,2.31374160674322e-05,"18","Ikzf3"
9.73309863869012e-10,3.41168798968928,0.604,0.139,3.1423308955011e-05,"18","Cd96"
1.12215689168096e-09,8.37403237565805,0.657,0.008,3.62288352479198e-05,"18","Tcf7"
1.12215689168096e-09,7.19361553555198,0.609,0.013,3.62288352479198e-05,"18","Cd226"
1.12215689168096e-09,4.85820204254531,0.557,0.016,3.62288352479198e-05,"18","Rasgrp1"
1.34794830992941e-09,2.35770961507896,0.878,0.502,4.35185111860711e-05,"18","Itpr2"
1.78895752140208e-09,2.33839450566427,0.676,0.317,5.7756493578466e-05,"18","Zfp36l1"
1.98615075262632e-09,4.90447661267642,0.615,0.123,6.41228770485407e-05,"18","Gata3"
2.09360026855363e-09,4.52774215990193,0.59,0.059,6.75918846702538e-05,"18","Il7r"
2.70435774249524e-09,5.39402295144738,0.548,0.035,8.73101897164589e-05,"18","Gimap3"
3.50586051354791e-09,7.69102788986255,0.49,0.01,0.000113186706679894,"18","Camk4"
7.36420131609006e-09,1.88865531226214,0.878,0.55,0.000237753239489968,"18","Tnik"
8.08221426893909e-09,2.39083955558834,0.778,0.365,0.000260934287672698,"18","Rinl"
8.62607348206331e-09,8.59397736967587,0.587,0.023,0.000278492782368414,"18","Ms4a4b"
1.26196207882842e-08,3.28475915632285,0.657,0.119,0.000407424457149755,"18","Card11"
1.48174345097676e-08,1.88348305778185,0.803,0.519,0.000478380873147847,"18","Ltb"
1.49626681636315e-08,5.51803399306882,0.51,0.049,0.000483069741662843,"18","Gimap4"
1.49626681636315e-08,1.23842000055998,0.452,0.053,0.000483069741662843,"18","Lef1"
1.74202125138233e-08,3.54179534726913,0.618,0.146,0.000562411561008784,"18","St3gal6"
2.0867143476751e-08,5.37615423601744,0.562,0.077,0.000673695727146905,"18","Il18r1"
2.50201147860694e-08,1.81229340916571,0.889,0.679,0.00080777440586825,"18","H2-Q7"
3.43765866262904e-08,12.2655718495098,0.471,0,0.00110984809922978,"18","Ncr1"
4.01064776678132e-08,2.53558384589784,0.773,0.394,0.00129483763150535,"18","Chn2"
4.46909400246485e-08,2.75847521609812,0.723,0.28,0.00144284699869578,"18","Pde3b"
4.66049104615652e-08,2.25165452884956,0.767,0.39,0.00150463953425163,"18","Btg1"
5.07764074044734e-08,2.13046297211463,0.803,0.436,0.00163931631305342,"18","Ablim1"
6.32968190946127e-08,1.40769497152428,0.801,0.43,0.00204353780446957,"18","Nedd9"
7.77888271636172e-08,14.0790025148523,0.474,0,0.00251141228497738,"18","Samd3"
8.81097094159813e-08,1.93467566426825,0.886,0.626,0.00284462196849496,"18","Arhgap26"
1.05222153927917e-07,6.66850313918875,0.468,0.016,0.0033970972395628,"18","Gm36723"
1.12685600987178e-07,2.09453013843462,0.729,0.416,0.00363805462787104,"18","Sept11"
1.4084095414459e-07,3.1349162138249,0.859,0.547,0.00454705020455808,"18","Bcl2"
1.41671390996367e-07,6.75319357508234,0.504,0.018,0.00457386085831772,"18","Klrk1"
1.42422405748951e-07,2.33062440649414,0.737,0.353,0.00459810736960488,"18","Il2rg"
1.65945988869132e-07,4.2376204162202,0.648,0.12,0.00535756625063993,"18","Lck"
1.68074538911721e-07,1.55147946556023,0.756,0.527,0.0054262864887649,"18","Rbl2"
1.73433623114878e-07,13.7738771179796,0.521,0.001,0.00559930452226384,"18","Gm2682"
1.84188437263369e-07,2.13445704880996,0.792,0.417,0.00594652369704786,"18","Rbms1"
1.92860090979709e-07,2.97227244772109,0.751,0.533,0.0062264880372799,"18","St6galnac3"
2.09601291913e-07,2.09316915203086,0.861,0.541,0.0067669777094112,"18","Cd52"
2.427527407339e-07,3.99503171735669,0.343,0.048,0.00783727223459396,"18","4933406I18Rik"
2.54981512685414e-07,7.89453019869405,0.59,0.017,0.00823207813704859,"18","Ccl5"
2.90657126521805e-07,1.95179188537589,0.939,0.534,0.00938386532975647,"18","Slc9a9"
3.24362158226069e-07,1.68535804838759,0.67,0.25,0.0104720322783286,"18","Prkcb"
3.66867261348271e-07,3.35305426147641,0.501,0.101,0.0118443095326289,"18","Padi2"
3.72660674398898e-07,2.63467066456164,0.609,0.212,0.0120313498729684,"18","Itgb7"
3.95625244984104e-07,1.39784708036358,0.845,0.55,0.0127727610343118,"18","Ube2h"
4.50202037886568e-07,1.70560001228525,0.867,0.635,0.0145347727931678,"18","Pde7a"
4.63498850803679e-07,2.42232153820834,0.734,0.393,0.0149640603981968,"18","Osbpl3"
5.73765677566789e-07,2.40277211364374,0.687,0.369,0.0185240249002438,"18","Ahcyl2"
5.78855745373034e-07,6.92462389101878,0.479,0.02,0.0186883577393684,"18","Klrd1"
7.90800640363594e-07,1.8427866394962,0.801,0.439,0.0255309986741386,"18","Hivep2"
8.25849688076695e-07,6.82016693604916,0.479,0.018,0.0266625571795561,"18","Cd7"
8.25849688076695e-07,9.86950866290073,0.399,0.001,0.0266625571795561,"18","Klrc2"
8.25849688076695e-07,10.1755218444707,0.399,0.001,0.0266625571795561,"18","Bcl11b"
8.30845661858578e-07,2.77136653975389,0.645,0.289,0.0268238521931042,"18","Ppp3cc"
8.33863202761417e-07,1.3409272947407,0.751,0.517,0.0269212735011524,"18","Stk10"
8.42641965523263e-07,5.13685721405069,0.584,0.063,0.0272046958569186,"18","Ctsw"
1.00149906505639e-06,7.67861962108474,0.543,0.012,0.0323333973153456,"18","Trbc2"
1.29440275133859e-06,6.20474256464155,0.476,0.029,0.0417897928269664,"18","Klrb1f"
1.42135286210661e-06,3.67655017038059,0.407,0.08,0.045888377153112,"18","Hsd11b1"
1.64255504649158e-06,9.54318416077306,0.443,0.002,0.0530298896759805,"18","Tbx21"
1.76515934465433e-06,10.642365939607,0.407,0.002,0.056988169442165,"18","Klre1"
1.76515934465433e-06,5.26438823551733,0.371,0.009,0.056988169442165,"18","Cd2"
1.76515934465433e-06,5.05617588218414,0.263,0.01,0.056988169442165,"18","Cxcr3"
2.27938981306198e-06,1.63893348518178,0.87,0.634,0.073590100114706,"18","Pik3cd"
2.28975406698523e-06,1.0649007528844,0.814,0.546,0.073924710052618,"18","Cd53"
2.7204119509749e-06,5.97429948301068,0.36,0.021,0.0878284998372247,"18","Icos"
2.7204119509749e-06,7.32529159773066,0.258,0.006,0.0878284998372247,"18","Cxcr6"
3.07307443877007e-06,2.27615321092948,0.825,0.464,0.0992142082556918,"18","Ptpn22"
3.38552215173633e-06,3.2028115062442,0.77,0.264,0.109301582668807,"18","Itgal"
3.44278592621866e-06,2.05587589735893,0.438,0.099,0.111150343627969,"18","Ifi209"
3.71842543583294e-06,1.93981878808009,0.823,0.604,0.120049365195866,"18","Prkch"
3.7229983629128e-06,6.01769182678987,0.363,0.006,0.12019700214664,"18","Klrc1"
3.99037527739551e-06,2.638419659547,0.781,0.422,0.128829265830714,"18","Ugcg"
4.24120653663976e-06,2.32398982021929,0.593,0.229,0.136927353035415,"18","Dok2"
4.66622087144267e-06,2.58361165419758,0.701,0.238,0.150648940834526,"18","Evl"
4.6881508730704e-06,2.74234693027529,0.673,0.226,0.151356950937078,"18","Tecpr1"
5.18159628889108e-06,2.95777826777196,0.526,0.167,0.167287836186848,"18","Rgs3"
6.82568086377501e-06,1.37764937174628,0.424,0.147,0.220367106686976,"18","Gbp8"
7.66665229758557e-06,2.94121422864243,0.446,0.065,0.24751786942755,"18","Myo1e"
7.75182569435383e-06,11.7291666222616,0.41,0.001,0.250267692542214,"18","Xcl1"
7.75182569435383e-06,7.6000212256182,0.346,0.004,0.250267692542214,"18","Sh2d2a"
7.75182569435383e-06,8.1106848048806,0.327,0.002,0.250267692542214,"18","Sytl3"
7.75182569435383e-06,4.05509233030625,0.31,0.039,0.250267692542214,"18","Farp1"
7.75182569435383e-06,2.81133113721356,0.288,0.078,0.250267692542214,"18","P2ry10"
7.86937157439406e-06,1.43680469758453,0.825,0.591,0.254062661279312,"18","Zc3hav1"
8.07494917567794e-06,2.0856477508828,0.54,0.259,0.260699734136762,"18","Adgre5"
8.13658412396791e-06,2.1804384178195,0.803,0.58,0.262689618442304,"18","Cblb"
9.07950091734285e-06,1.80903677556639,0.438,0.179,0.293131687116414,"18","Lfng"
9.14611022378207e-06,6.97918905982682,0.435,0.016,0.295282168574804,"18","Klrb1c"
1.13294588205435e-05,4.1463700045608,0.424,0.057,0.365771578021246,"18","Traf1"
1.54741868688692e-05,3.81650963944289,0.499,0.077,0.499584123061443,"18","Sema4a"
1.59404479567909e-05,5.63491299245914,0.341,0.009,0.514637362284994,"18","Sytl2"
1.59404479567909e-05,13.4191707248588,0.294,0,0.514637362284994,"18","Sh2d1a"
1.59404479567909e-05,8.30921944139054,0.283,0.003,0.514637362284994,"18","Klrb1b"
1.59404479567909e-05,8.97395173923755,0.224,0.002,0.514637362284994,"18","1700113H08Rik"
1.5979473200288e-05,1.35229237516284,0.792,0.543,0.515897292271297,"18","Nptn"
1.68671215940942e-05,1.63704250759706,0.845,0.562,0.54455502066533,"18","Selplg"
1.79062165552769e-05,1.82653084661564,0.751,0.443,0.578102201487114,"18","Ccdc88c"
2.40530552993496e-05,2.4835425636796,0.814,0.501,0.776552890339501,"18","Prkcq"
2.73842126199605e-05,1.79601682264475,0.596,0.355,0.884099304435424,"18","Esyt1"
2.92562927897833e-05,2.43186422237172,0.679,0.266,0.944539412718152,"18","Gimap8"
3.23872985920376e-05,11.1252459459925,0.31,0,1,"18","Eomes"
3.23872985920376e-05,2.9876408767968,0.33,0.041,1,"18","Grap"
3.24309237394647e-05,2.7814432432969,0.895,0.586,1,"18","Tox"
3.45582781693848e-05,1.54213878890696,0.77,0.422,1,"18","Tespa1"
3.68284510903019e-05,2.52180188401016,0.615,0.262,1,"18","Hcst"
3.96456180622444e-05,3.70755047565885,0.468,0.095,1,"18","Gimap7"
4.68870570249019e-05,2.27334938079036,0.471,0.166,1,"18","Tpm4"
4.9685749953829e-05,1.86838125502544,0.482,0.271,1,"18","Irak2"
6.45076526610382e-05,1.28122109419597,0.886,0.567,1,"18","Satb1"
6.50475622222749e-05,9.73088350262318,0.368,0.002,1,"18","Cd160"
6.50475622222749e-05,8.39463659533885,0.327,0.003,1,"18","Adamts14"
6.50475622222749e-05,11.675700763305,0.283,0,1,"18","Gzma"
6.50475622222749e-05,9.0221194832353,0.271,0.002,1,"18","Prf1"
6.50475622222749e-05,5.76943923457089,0.255,0.02,1,"18","Ptpn13"
7.19189887557002e-05,1.59907991945958,0.731,0.456,1,"18","Ldlrad4"
7.73999153090097e-05,1.86215317403344,0.604,0.19,1,"18","Itgb2"
8.24077463229632e-05,3.93500962382455,0.634,0.42,1,"18","Inpp4b"
8.60039241997483e-05,2.17684909672449,0.767,0.505,1,"18","Fyn"
8.69160003893042e-05,1.70873067539094,0.814,0.583,1,"18","Peak1"
8.85465868979028e-05,3.69549137017489,0.637,0.163,1,"18","Cd247"
0.000100602457435282,1.68405729058678,0.673,0.299,1,"18","Btg2"
0.000102642512159174,3.37876469890466,0.396,0.075,1,"18","Gprin3"
0.000103472464974089,2.78064988470755,0.305,0.068,1,"18","Slc37a3"
0.000104350014938457,1.84280013006113,0.427,0.18,1,"18","Nabp1"
0.000105716602694487,2.32924330135748,0.632,0.263,1,"18","Gimap5"
0.000110067169305347,3.45645161047857,0.49,0.089,1,"18","Aoah"
0.000112698352040543,3.6367724380431,0.446,0.131,1,"18","Setbp1"
0.000115161856457606,5.49974940245796,0.374,0.025,1,"18","Ccr5"
0.000115161856457606,5.12916576434806,0.366,0.087,1,"18","Zbtb16"
0.000115161856457606,7.3534347307439,0.222,0.003,1,"18","Il2ra"
0.00011682902466219,2.82726456050448,0.404,0.108,1,"18","Chd7"
0.000122426395284378,1.85028146152756,0.823,0.535,1,"18","Znrf3"
0.00012388477477055,1.72309209825736,0.742,0.532,1,"18","Gramd1b"
0.000129208146895081,11.8822593223828,0.388,0,1,"18","Gm43647"
0.000129208146895081,10.1221959851067,0.346,0.001,1,"18","Tcrg-C4"
0.000129208146895081,5.77966480473257,0.338,0.014,1,"18","Sidt1"
0.000129208146895081,6.25029546714104,0.219,0.006,1,"18","Arl4d"
0.000130800800401563,2.52259911174172,0.543,0.209,1,"18","Cd244a"
0.000141506377205393,2.85923940892609,0.454,0.081,1,"18","Lpxn"
0.000149393363403402,3.21767390504982,0.565,0.151,1,"18","Ahnak"
0.00015465946981013,1.96366021320947,0.454,0.244,1,"18","Grk5"
0.000176307875712979,2.35278975135286,0.432,0.138,1,"18","Arl4c"
0.000189655224905785,2.89664638283642,0.557,0.292,1,"18","Il18rap"
0.000199831831717187,2.11749455483129,0.568,0.197,1,"18","Ppp1r16b"
0.000200808546864105,1.38245497048117,0.859,0.608,1,"18","Gimap6"
0.000201565657699554,2.06256922709347,0.399,0.181,1,"18","Tshz3"
0.000234328559201142,4.97651269362325,0.291,0.019,1,"18","Cd28"
0.00025189396501188,3.24049337517247,0.704,0.314,1,"18","Nkg7"
0.000253976368838715,6.00342282502913,0.313,0.011,1,"18","Rnf43"
0.000253976368838715,10.3968195380286,0.277,0.001,1,"18","Klri2"
0.00025598213959552,2.54717864927375,0.479,0.176,1,"18","Tnfrsf18"
0.000311827021569481,2.34907830231845,0.596,0.263,1,"18","Gab3"
0.00031586238641847,1.91842243216387,0.787,0.536,1,"18","Prex1"
0.00033079032425994,1.87279044743318,0.579,0.301,1,"18","Gimap9"
0.000336135179576549,0.958448566232216,0.695,0.47,1,"18","Cotl1"
0.00033654285140428,2.51242322237202,0.618,0.374,1,"18","Rora"
0.000341457608872591,2.03413595879962,0.446,0.198,1,"18","Nlrc3"
0.000365767724807354,2.75508779407551,0.615,0.213,1,"18","Stk39"
0.000389989060319196,2.94663465965165,0.454,0.15,1,"18","Pik3r5"
0.000420502993085858,1.96078630199339,0.565,0.322,1,"18","Anxa2"
0.000426800139071214,2.72741502721009,0.482,0.181,1,"18","Ms4a6b"
0.000432971674297708,2.08732881967979,0.51,0.282,1,"18","Ttc39b"
0.000490217261360955,2.79506545122682,0.427,0.13,1,"18","Il12rb2"
0.000494324738147379,7.418507114576,0.266,0.004,1,"18","Gm19585"
0.000494324738147379,4.90244179124211,0.26,0.018,1,"18","Hopx"
0.000494324738147379,8.42418492888886,0.233,0.002,1,"18","Tcrg-C1"
0.000494324738147379,10.3322955325209,0.227,0.001,1,"18","Themis"
0.000494324738147379,6.17153145471485,0.222,0.007,1,"18","Tnfrsf9"
0.000494324738147379,9.40647031852281,0.208,0,1,"18","A630014C17Rik"
0.000585722593266916,1.93899680787969,0.479,0.211,1,"18","Sorl1"
0.000690053527816801,4.12646643400991,0.36,0.059,1,"18","Btbd11"
0.00073257620629044,1.24553112305884,0.665,0.45,1,"18","Ezr"
0.000792861063833105,1.79543073293508,0.476,0.231,1,"18","Kif21b"
0.000937414425693201,1.65957541178549,0.651,0.422,1,"18","Anxa6"
0.000950723728427682,3.02235301258128,0.485,0.109,1,"18","Fam189b"
0.000953362814751275,4.66655838837741,0.296,0.016,1,"18","Rtn4rl1"
0.000953362814751275,11.6279448427195,0.252,0,1,"18","Klrb1a"
0.000973089135474622,2.16211210755351,0.343,0.079,1,"18","Tulp4"
0.00110734080216058,3.80044570804739,0.283,0.055,1,"18","Prr5l"
0.00117076839882274,2.92263342297659,0.385,0.065,1,"18","Clec2i"
0.00147548826860729,2.33422551359655,0.607,0.327,1,"18","Nck2"
0.00155030068804849,1.71497264248262,0.745,0.497,1,"18","Myo1f"
0.00161799272142542,1.9202354443368,0.446,0.209,1,"18","Pvt1"
0.00182346989838934,8.14506693731435,0.208,0.002,1,"18","Crtam"
0.00217108415828012,1.51140649881398,0.654,0.436,1,"18","Cnn2"
0.00221120341348866,3.92952850868867,0.371,0.05,1,"18","Gas7"
0.00221120341348866,2.55895469047622,0.332,0.078,1,"18","Tnk2"
0.00236374459171738,1.44746353820017,0.67,0.441,1,"18","H2-Q6"
0.00266359010062097,2.34331621633739,0.584,0.379,1,"18","Arsb"
0.00278433962521163,1.53991387448875,0.659,0.427,1,"18","Arap2"
0.00289572441882046,2.32763233420578,0.571,0.362,1,"18","Chsy1"
0.00327251513845385,3.00137615430468,0.327,0.05,1,"18","Rab19"
0.00352088414786711,0.678921338123752,0.227,0.446,1,"18","Igfbp4"
0.00358323118220008,4.1952599318772,0.211,0.007,1,"18","Ifitm10"
0.00373157149789633,5.57736088843196,0.335,0.039,1,"18","Dscam"
0.00411315383601047,2.04015307298504,0.54,0.297,1,"18","4930523C07Rik"
0.00433882399721354,1.38994386214154,0.668,0.46,1,"18","Map4"
0.00473004951376857,4.44639234766186,0.393,0.042,1,"18","Gpr174"
0.00481218531759327,2.1793304285019,0.371,0.103,1,"18","Cst7"
0.00498482179278119,0.53339270242363,0.679,0.47,1,"18","Fcer1g"
0.00547399829635569,1.90111814785006,0.526,0.313,1,"18","Vps37b"
0.00653556966225465,3.78088727686172,0.224,0.019,1,"18","Itgax"
0.00668877414612491,3.1365283916521,0.352,0.063,1,"18","Gbp4"
0.00684321701091111,1.52154349090455,0.645,0.435,1,"18","Stim2"
0.00690445530384096,6.71698618228155,0.296,0.007,1,"18","Zap70"
0.00718385516936782,2.01393406671495,0.418,0.176,1,"18","Mmd"
0.00743178075048324,0.963958115780362,0.753,0.478,1,"18","Stk17b"
0.00754216798322195,3.79663005915188,0.335,0.05,1,"18","Gm16341"
0.00787890548330073,1.68011724259836,0.269,0.058,1,"18","Slamf7"
0.00831419887649027,3.37894428439015,0.371,0.114,1,"18","Itga2"
0.00867641219463207,3.21270078312507,0.332,0.083,1,"18","Rap1gap2"
0.00890526968058342,2.42273887409158,0.62,0.296,1,"18","Ipcef1"
0.00991229441915041,1.27384183917155,0.831,0.621,1,"18","Fyb"
1.03890320778898e-08,0.825012469320025,0.997,0.753,0.000335409900634673,"19","Meis1"
1.51373123247595e-07,0.176136333167447,0.916,0.238,0.00488708128404862,"19","Hmox1"
1.72909827440754e-07,0.899489630863039,1,0.701,0.00558239377892476,"19","Hlf"
8.575177583213e-07,0.636545302327745,0.981,0.729,0.0276849608274032,"19","Gcnt2"
1.49687483432966e-06,0.752163615267402,0.953,0.694,0.048326604026333,"19","Mir99ahg"
1.83124730299294e-06,0.223599605277669,0.637,0.105,0.059121819177127,"19","Mafb"
2.27057116683459e-06,0.100542799330992,0.755,0.129,0.0733053901212548,"19","Cd5l"
4.84858955060745e-06,0.771139765463246,1,0.751,0.156536713641362,"19","Angpt1"
7.80087595870926e-06,0.703628485916103,0.988,0.732,0.251851280326929,"19","Nrxn1"
2.10005696917873e-05,0.665686527523238,0.758,0.557,0.678003392499353,"19","Stxbp4"
2.32265761203395e-05,0.833512838013491,0.873,0.58,0.749870010045162,"19","Samd12"
2.98938891552031e-05,0.491480589445969,0.866,0.646,0.965124211375733,"19","Ccser1"
6.34216635290536e-05,0.357196550111955,0.997,0.75,1,"19","Adgrl4"
0.000120037267762729,0.522724889477334,0.916,0.71,1,"19","Tbxas1"
0.000154560393268914,0.674572621464927,0.925,0.725,1,"19","Mllt3"
0.00017057099175471,0.743833259318726,0.994,0.699,1,"19","Mecom"
0.000215991505943647,0.390751109338474,0.963,0.761,1,"19","Car2"
0.000220599515611481,0.197763115719036,0.357,0.054,1,"19","Kcnj10"
0.000306660226596972,0.268855394154865,0.925,0.641,1,"19","Glul"
0.000336450719368021,0.29168355847366,0.966,0.76,1,"19","2610307P16Rik"
0.000477322026712267,0.331503933841183,0.904,0.7,1,"19","Ifitm1"
0.000679847695255092,0.452386462503244,0.817,0.614,1,"19","2900097C17Rik"
0.000787380343717049,0.101093416431251,0.711,0.473,1,"19","Hexa"
0.00114230174200262,0.544557736210981,0.885,0.669,1,"19","Arhgap6"
0.00132408012928515,0.203270258159492,0.786,0.575,1,"19","Lst1"
0.00172286129282195,0.572389412109439,0.929,0.701,1,"19","Cacnb2"
0.00183145312785662,0.705264195120424,0.922,0.631,1,"19","Prkg1"
0.00201588858911472,0.138872880712907,0.612,0.348,1,"19","Itm2c"
0.00219356959906977,0.683149715753979,0.68,0.434,1,"19","Hacd4"
0.0027223826255496,0.308387927932484,0.621,0.329,1,"19","Lipa"
0.00306661011333892,0.465190983727223,0.826,0.587,1,"19","Tox"
0.00319156035027472,0.622880643665919,0.944,0.692,1,"19","Ikzf2"
0.00370906965844825,0.70182242841064,0.932,0.73,1,"19","Sgms1"
0.00456604237974368,0.53500573955503,0.969,0.758,1,"19","Pbx1"
0.00473607488931709,0.589725327756546,0.907,0.681,1,"19","Pard3b"
0.00664261092005445,0.147518549575507,0.506,0.107,1,"19","Lrp1"
0.00770732712138955,0.761152070677624,0.73,0.463,1,"19","Trpc6"
0.0098321236487726,0.550500485723462,0.708,0.404,1,"19","Abcg3"
3.31108233626239e-20,9.18458069541834,0.969,0.032,1.06898293226231e-15,"20","Hba-a2"
2.2916209520214e-19,8.49368999027907,0.961,0.045,7.39849824360111e-15,"20","Hba-a1"
9.420571138885e-19,8.72379415621277,0.956,0.07,3.04143139218902e-14,"20","Hbb-bs"
2.44827812173787e-16,9.7324248181512,0.899,0.036,7.9042659160307e-12,"20","Snca"
3.69821375885416e-16,7.02342998146701,0.908,0.161,1.19396831204606e-11,"20","Hbb-bt"
7.36836833460663e-16,11.2865247007334,0.807,0.003,2.37887771682775e-11,"20","Slc4a1"
1.41122208879869e-15,7.87282569338187,0.785,0.03,4.55613051368657e-11,"20","Tent5c"
2.32129917195101e-15,13.9740707484702,0.754,0.001,7.49431437664383e-11,"20","Slfn14"
8.3686695658963e-15,8.19061526213581,0.816,0.095,2.70182496934962e-10,"20","Sox6"
1.05493136720849e-14,6.02063149988848,0.741,0.107,3.40584591903262e-10,"20","Gda"
5.26012097206397e-14,7.28739291703627,0.768,0.109,1.69823005583085e-09,"20","Rsad2"
1.63213973182307e-13,8.36532866904496,0.868,0.348,5.26936312419078e-09,"20","Specc1"
1.85491333088768e-13,5.97093062210333,0.811,0.265,5.98858768877088e-09,"20","Cpeb4"
2.83209440007087e-13,6.87117810273426,0.789,0.149,9.14341677062881e-09,"20","St3gal5"
2.89944135469788e-13,8.55544267940483,0.671,0.02,9.36084641364211e-09,"20","Kel"
4.34481021246863e-13,8.92953983235659,0.851,0.144,1.4027219770955e-08,"20","Tmcc2"
5.24536944091535e-13,8.61433656149453,0.658,0.028,1.69346752399952e-08,"20","Dapk2"
5.53884913970331e-13,5.86781261520077,0.904,0.691,1.78821744475321e-08,"20","Epb41"
8.00270870016594e-13,6.87552816179349,0.851,0.373,2.58367450384857e-08,"20","March3"
9.4049937183374e-13,8.46906938495623,0.645,0.011,3.03640222196523e-08,"20","Gypa"
1.4596356695917e-12,8.88772484554201,0.671,0.014,4.7124337592768e-08,"20","Rhag"
1.77858642571967e-12,6.14422175436515,0.868,0.551,5.74216627543595e-08,"20","Ube2h"
1.86977720102606e-12,4.70980517184707,0.846,0.475,6.03657569351265e-08,"20","Mkrn1"
2.18380376773596e-12,6.44130459992385,0.763,0.178,7.05041046413555e-08,"20","Ube2o"
3.45228367496371e-12,9.1024534038487,0.68,0.013,1.11456978446203e-07,"20","Cdr2"
3.98409133192312e-12,12.1932120364043,0.654,0.002,1.28626388651138e-07,"20","Ypel4"
3.98409133192312e-12,10.5665511984329,0.596,0.005,1.28626388651138e-07,"20","F930017D23Rik"
7.57544326195026e-12,6.50797607905385,0.715,0.151,2.44573185712064e-07,"20","Fbxo30"
1.0020416161624e-11,7.25173341128588,0.794,0.173,3.23509135778031e-07,"20","Bpgm"
1.06708172026467e-11,9.74066421497733,0.636,0.012,3.44507333387448e-07,"20","Fhdc1"
1.51757340325797e-11,7.06218583932476,0.715,0.072,4.89948573241835e-07,"20","Slc22a23"
2.80553343944981e-11,10.9943270218486,0.627,0.004,9.0576647092637e-07,"20","5430401H09Rik"
2.80553343944981e-11,10.7617445640169,0.618,0.003,9.0576647092637e-07,"20","Trim10"
2.91042025513949e-11,6.07890741978487,0.697,0.121,9.39629179371785e-07,"20","Cpeb3"
4.51674215788125e-11,6.04867718438497,0.754,0.203,1.45823020567196e-06,"20","Hmbs"
4.96825697719916e-11,6.11162338420203,0.772,0.186,1.60400176508875e-06,"20","Bcl2l1"
4.9889565264264e-11,8.23915121172756,0.636,0.034,1.61068461455676e-06,"20","Alas2"
1.05053449956624e-10,5.27637962853194,0.654,0.284,3.39165063184962e-06,"20","Arl4a"
1.38437723191059e-10,6.47677529139969,0.693,0.039,4.46946189322332e-06,"20","Cd36"
1.83719818514527e-10,8.28474906642677,0.522,0.014,5.93139434074149e-06,"20","Tspan8"
2.0061568169451e-10,7.05664860166991,0.557,0.025,6.47687728350725e-06,"20","Rhd"
2.14254411323883e-10,6.1118626220268,0.803,0.374,6.91720366959155e-06,"20","Trak2"
2.27661923077998e-10,5.6693422337646,0.846,0.622,7.35006518657317e-06,"20","Dennd4a"
2.52855076360511e-10,7.21213255746922,0.579,0.023,8.16342614029911e-06,"20","Ermap"
3.10871825409733e-10,4.25486665654213,0.746,0.425,1.00364968833532e-05,"20","Arhgef12"
3.53504414743556e-10,5.59030944386068,0.829,0.514,1.14128900299957e-05,"20","Gpcpd1"
4.93720192563911e-10,9.65086776444212,0.553,0.007,1.59397564169259e-05,"20","Epb42"
4.93720192563911e-10,7.09835429675251,0.539,0.023,1.59397564169259e-05,"20","Ank1"
5.81069289019622e-10,6.11112863717692,0.803,0.356,1.87598219959985e-05,"20","Ranbp10"
6.69024209488896e-10,4.68290644659605,0.833,0.583,2.1599446603349e-05,"20","Usp32"
7.17883881916788e-10,5.50957119727267,0.785,0.386,2.31768811276835e-05,"20","Tbcel"
9.30068439049224e-10,6.11835914182518,0.61,0.108,3.00272595547042e-05,"20","Slc43a1"
9.53769576732361e-10,5.77146267068419,0.732,0.197,3.07924507848043e-05,"20","Fech"
9.72719460774241e-10,4.81888149448454,0.706,0.347,3.14042477910964e-05,"20","Tcp11l2"
1.3986465615968e-09,5.01948941851359,0.825,0.605,4.51553042411528e-05,"20","Tfdp2"
2.12091118310612e-09,5.67359351768105,0.829,0.326,6.8473617546581e-05,"20","Slc16a10"
2.15632148819948e-09,6.24145579371364,0.557,0.041,6.96168392465202e-05,"20","Slc25a21"
3.9005725102135e-09,4.9583035252891,0.798,0.438,0.000125929983492243,"20","Azin1"
4.55824139972342e-09,5.36557464816459,0.697,0.196,0.000147162823590071,"20","Ppp1r15a"
5.00594163787852e-09,5.96187566788376,0.588,0.104,0.000161616825778908,"20","Adrb2"
6.41203769400972e-09,8.98545636647384,0.513,0.017,0.000207012636951104,"20","Reln"
6.41203769400972e-09,11.4024169026405,0.474,0.001,0.000207012636951104,"20","Sowaha"
7.39531049755893e-09,4.87642144256919,0.618,0.195,0.00023875759941369,"20","March8"
7.77985788913872e-09,5.2196264064361,0.417,0.126,0.000251172711950844,"20","Chac2"
1.0304030820605e-08,5.14777260243504,0.785,0.521,0.000332665635043231,"20","Hectd4"
1.29200219646756e-08,5.32782257419078,0.724,0.284,0.000417122909129551,"20","Bsdc1"
1.69177253505475e-08,4.7636441807276,0.719,0.371,0.000546188762942425,"20","March2"
2.12166838425914e-08,5.59938163013071,0.469,0.08,0.000684980637858065,"20","Tspan33"
2.20177327188801e-08,4.9851632803851,0.789,0.555,0.000710842500829043,"20","Clcn3"
4.34817529305288e-08,4.79507332355657,0.772,0.394,0.00140380839336212,"20","Slc25a51"
4.48914763138542e-08,7.22222463084722,0.425,0.031,0.00144932131279278,"20","Dennd2c"
6.30667427746301e-08,0.231248238754583,0.215,0.718,0.00203610979047893,"20","Ppp2ca"
6.85947528901106e-08,4.19940383867617,0.588,0.299,0.00221458159705722,"20","Gcnt1"
7.78495533504522e-08,5.3980059085167,0.623,0.217,0.00251337282991935,"20","Prxl2a"
1.05222153927917e-07,7.27689198608853,0.395,0.01,0.0033970972395628,"20","Sptb"
1.10591805064523e-07,7.46524021714544,0.491,0.028,0.00357045642650813,"20","Tmod1"
1.14252540582593e-07,5.12503958904321,0.658,0.278,0.00368864327270902,"20","Slc25a37"
1.17882534524549e-07,0.189074073155934,0.145,0.523,0.00380583762712507,"20","Zmat2"
1.43672464530191e-07,4.76852872955517,0.675,0.283,0.00463846551735722,"20","Zdhhc14"
1.61436295471475e-07,4.89455361996168,0.763,0.511,0.00521197079929658,"20","Nt5c3"
1.91981338548706e-07,4.65226397756145,0.64,0.327,0.00619811751504496,"20","Eif2ak1"
2.427527407339e-07,6.49274209476486,0.399,0.02,0.00783727223459396,"20","Tspo2"
2.427527407339e-07,6.52262697469872,0.373,0.037,0.00783727223459396,"20","Slc22a4"
2.94725506000321e-07,3.13583582430763,0.763,0.38,0.00951521296122038,"20","Blvrb"
3.12657381859722e-07,6.19738987361298,0.518,0.093,0.0100941435733411,"20","Dyrk3"
3.19554426777846e-07,4.80175931162893,0.719,0.28,0.0103168146685227,"20","Tfrc"
3.25961989967049e-07,4.84367877362404,0.588,0.235,0.0105236828460862,"20","Atg4a"
3.52189649989254e-07,3.69400602076365,0.456,0.049,0.0113704428499031,"20","Paqr9"
3.81130019167373e-07,11.1644619620886,0.368,0.001,0.0123047826688186,"20","Ccdc92b"
5.3052372367282e-07,4.00514982202477,0.649,0.41,0.017127958418777,"20","Fam126a"
5.44232193033346e-07,5.18273575957626,0.605,0.198,0.0175705363520816,"20","Mxd1"
5.81277313028761e-07,3.25618660513312,0.719,0.479,0.0187665380511335,"20","Itsn1"
6.26171077106576e-07,3.94631115277144,0.667,0.461,0.0202159332243858,"20","Dcaf6"
7.02262117773905e-07,7.74044310793443,0.395,0.01,0.0226725324723305,"20","Spta1"
7.02289151950061e-07,0.125528376109718,0.079,0.347,0.0226734052707077,"20","Upf1"
8.28434807503039e-07,4.25913371514575,0.522,0.109,0.0267460177602356,"20","Tnfaip2"
9.71622482423839e-07,4.21134862919859,0.482,0.221,0.0313688318450536,"20","Cyth3"
1.13650706776777e-06,0.293626543442303,0.075,0.419,0.0366921306828824,"20","Cox20"
1.18064470729503e-06,1.2623823608597,0.482,0.173,0.03811711437502,"20","Mrc1"
1.18994070564311e-06,4.84943591559868,0.535,0.232,0.0384172356816877,"20","Tab3"
1.39464356214004e-06,4.52952754213512,0.728,0.451,0.0450260674036912,"20","Ibtk"
1.42135286210661e-06,0.292342614738355,0.149,0.536,0.045888377153112,"20","Rnf115"
1.4813768549946e-06,0.13904051389982,0.105,0.425,0.0478262517635008,"20","Jmy"
1.52796194551972e-06,4.29450048264392,0.614,0.339,0.0493302514111043,"20","Acsl1"
1.76515934465433e-06,8.50720574418274,0.333,0.007,0.056988169442165,"20","Dmtn"
1.92001943810405e-06,0.157920308212521,0.39,0.819,0.0619878275591893,"20","Arl6ip1"
2.03166400841062e-06,0.272921573783335,0.171,0.621,0.0655922725115368,"20","Ppp1r13b"
3.05616023347301e-06,0.180110239263272,0.303,0.793,0.0986681331376763,"20","Capza2"
3.21595197971886e-06,0.132165377013927,0.228,0.699,0.103827009665224,"20","Cep350"
3.91970113542103e-06,3.05035039390956,0.355,0.092,0.126547551157068,"20","Rab3il1"
4.05975360481165e-06,0.596674998152087,0.145,0.478,0.131069145131344,"20","Zfp871"
4.45265336163057e-06,5.71943938220413,0.509,0.113,0.143753913780243,"20","Gadd45a"
4.77395870950968e-06,0.406299888191114,0.171,0.535,0.15412725693652,"20","Ppm1b"
4.79781935011292e-06,0.111258539485046,0.123,0.411,0.154897597718396,"20","Hadhb"
5.44439503300051e-06,0.638443319435855,0.215,0.629,0.175772293640422,"20","Atf2"
5.67266319469996e-06,4.48602905208636,0.693,0.41,0.183141931240888,"20","Evi5"
6.44290744745499e-06,0.170826407143218,0.162,0.54,0.208009266941084,"20","Trim28"
6.49010888992297e-06,6.99845078847958,0.355,0.024,0.209533165511163,"20","Trim58"
7.75182569435383e-06,5.56685291195815,0.355,0.071,0.250267692542214,"20","Klhl25"
8.61393945688246e-06,4.51968648670442,0.412,0.11,0.27810103536545,"20","Stom"
1.10047327485738e-05,0.569833144398689,0.18,0.585,0.355287796787704,"20","Cblb"
1.42182310484651e-05,3.77376227227691,0.566,0.301,0.459035589399695,"20","Btg2"
1.50655853071549e-05,0.292372124854592,0.206,0.607,0.486392421641495,"20","Cox17"
1.68830876534203e-05,0.765437590257208,0.184,0.513,0.545070484890675,"20","Usp14"
1.74531838752106e-05,0.371991085748075,0.066,0.282,0.563476041411174,"20","Trappc1"
1.82335694878892e-05,0.101473735251073,0.289,0.709,0.588670790916502,"20","Tomm6"
2.14331183143718e-05,5.66080038502922,0.57,0.156,0.691968224779493,"20","Abcb10"
2.49775056696179e-05,1.2383590347676,0.531,0.209,0.806398770543615,"20","Slc40a1"
2.53836957252616e-05,5.27529815365197,0.386,0.061,0.819512616490072,"20","Fam214b"
2.61272258556919e-05,4.07111558978317,0.601,0.353,0.843517486751014,"20","Ubap1"
2.61658771316555e-05,1.27757721128675,0.522,0.186,0.844765343195497,"20","C1qc"
2.65555063231164e-05,0.299380611969093,0.101,0.388,0.857344521641812,"20","Stam"
2.95592328447135e-05,0.109589513388479,0.101,0.397,0.954319832391576,"20","Bola3"
3.12926129719158e-05,0.228573090729865,0.237,0.652,1,"20","Ctnnb1"
3.51786272809014e-05,3.53983400836426,0.443,0.22,1,"20","Grina"
3.55927903076506e-05,0.482612142150103,0.298,0.728,1,"20","Gpbp1"
3.95490696676187e-05,5.6220585492553,0.364,0.063,1,"20","1300017J02Rik"
4.06339064610339e-05,0.759038721522311,0.211,0.502,1,"20","Ubald2"
4.12739494664177e-05,5.82576734532904,0.316,0.048,1,"20","Fam220a.1"
4.24612588982044e-05,0.146182914352504,0.202,0.646,1,"20","Herc4"
4.30443466665655e-05,4.66283927132352,0.645,0.363,1,"20","Fbxo34"
4.5098327856364e-05,0.304230171394097,0.184,0.551,1,"20","Cops9"
4.60001801918458e-05,0.424006475647145,0.246,0.712,1,"20","Calcrl"
4.61506336342083e-05,0.302950410903819,0.259,0.692,1,"20","Atxn7l1"
4.75964651488319e-05,4.59945980764769,0.456,0.183,1,"20","Pigq"
5.50849527963262e-05,1.58548349523077,0.487,0.265,1,"20","Pld3"
5.65973122149321e-05,6.08520511003713,0.298,0.037,1,"20","5830448L01Rik"
6.02322342327963e-05,0.112568112590871,0.118,0.411,1,"20","Prdx3"
6.19027963237054e-05,0.44345000520286,0.224,0.606,1,"20","5031425E22Rik"
6.19120106772838e-05,3.91801212781218,0.636,0.412,1,"20","Nadk2"
6.25885616623657e-05,0.367018905619913,0.105,0.424,1,"20","Rbm7"
6.49124541647332e-05,0.199345761759161,0.154,0.398,1,"20","Ptms"
6.50475622222749e-05,10.4392166514649,0.254,0.001,1,"20","Gm31452"
6.50475622222749e-05,6.41260882073164,0.254,0.008,1,"20","Cldn13"
6.50475622222749e-05,0.156954873384902,0.07,0.277,1,"20","Tfb2m"
6.68194584284076e-05,8.74735613162859,0.298,0.003,1,"20","Btnl10"
6.77075817404361e-05,0.229300289557223,0.175,0.565,1,"20","Jpt1"
7.00998842029777e-05,0.136233943228767,0.092,0.316,1,"20","Abhd16a"
7.43665590715578e-05,0.144660867358708,0.254,0.716,1,"20","Plcl2"
7.65185936648937e-05,0.107949470394813,0.092,0.338,1,"20","Ifih1"
8.26024793683753e-05,0.361824660431957,0.32,0.725,1,"20","Sh3glb1"
8.5566077288032e-05,0.135714113587156,0.162,0.489,1,"20","Wdr1"
8.8282995758341e-05,0.116415741057809,0.154,0.469,1,"20","Gabarapl1"
8.95600900563275e-05,0.911636352747463,0.539,0.22,1,"20","Vcam1"
9.14025694531802e-05,1.05240755409162,0.583,0.206,1,"20","C1qa"
9.52759262758546e-05,0.314566269279475,0.114,0.334,1,"20","Irgm1"
0.000119525956863608,0.136023817069796,0.101,0.435,1,"20","Mesd"
0.000120355289701006,7.22263262364588,0.289,0.018,1,"20","Rab30"
0.00012403239038919,0.975945420594044,0.224,0.471,1,"20","Nars"
0.0001271170058298,0.385570934225692,0.096,0.378,1,"20","Xpa"
0.000128529768920004,0.159376225362463,0.075,0.277,1,"20","Sav1"
0.000136706231254401,0.186978583451468,0.053,0.347,1,"20","Taf2"
0.000139886914478813,0.157820424086959,0.259,0.725,1,"20","Abi1"
0.000147424951230407,0.254871274356385,0.162,0.659,1,"20","Cstf3"
0.000153406034834408,0.123768637620433,0.263,0.692,1,"20","Scp2"
0.000153883140049057,0.850529099023192,0.241,0.629,1,"20","C2cd5"
0.000159396054459446,0.14956901726978,0.412,0.818,1,"20","Slc12a6"
0.000163997956995222,0.161494496204798,0.228,0.614,1,"20","Rnasek"
0.000168056085249505,0.193464704733978,0.232,0.694,1,"20","Eif5b"
0.000172297718834823,0.615804367233709,0.325,0.768,1,"20","Cul3"
0.00017372226858158,0.14953547008808,0.066,0.301,1,"20","Hacd3"
0.000175591585851869,0.276954736113396,0.184,0.519,1,"20","M6pr"
0.000176307875712979,0.592459085368153,0.158,0.477,1,"20","Clk4"
0.000186905951691486,5.1253236616705,0.531,0.182,1,"20","Myo1d"
0.000187157845634828,0.230362270784775,0.088,0.329,1,"20","Rragc"
0.000191932700021763,0.45182389231639,0.18,0.432,1,"20","Atp13a2"
0.000213030581871117,0.183988365994796,0.127,0.44,1,"20","Gmfb"
0.000214459057760724,0.110497405625377,0.263,0.707,1,"20","Arpc5"
0.000214926361167914,0.346945202048128,0.14,0.499,1,"20","0610012G03Rik"
0.000217887741604125,0.446791527303154,0.14,0.447,1,"20","Acp1"
0.000220599515611481,0.119006874416557,0.048,0.281,1,"20","Pigyl"
0.000223110660774943,3.69314921459365,0.575,0.37,1,"20","Rbm38"
0.000228742155479511,0.720389646450962,0.215,0.513,1,"20","Msl2"
0.000232383499838936,0.534282021223263,0.149,0.481,1,"20","Arl8b"
0.000234328559201142,7.80808623934566,0.246,0.009,1,"20","Slc6a9"
0.000237289185124329,1.32277191375586,0.539,0.242,1,"20","Hmox1"
0.000241720384486976,0.35569416083258,0.079,0.291,1,"20","Psmd10"
0.000243208045324716,0.286305561029994,0.083,0.358,1,"20","2310009A05Rik"
0.000251644381738268,4.66927362468692,0.39,0.093,1,"20","E2f2"
0.000253976368838715,9.70000701159654,0.237,0.002,1,"20","Mageb16"
0.000272001521243886,0.152529184632343,0.061,0.27,1,"20","Ccdc186"
0.000277105052281042,4.52097777066091,0.461,0.18,1,"20","Dhrs11"
0.000280287968061427,0.23187456059035,0.333,0.779,1,"20","Ubn2"
0.000280323136753627,0.450319866637849,0.114,0.373,1,"20","Ppp3r1"
0.000287491849686054,0.159264362302766,0.25,0.584,1,"20","Tubb4b"
0.000289392549337225,0.14959450347007,0.114,0.417,1,"20","Adar"
0.000289392549337225,0.119424688574562,0.101,0.392,1,"20","Hsd17b4"
0.000333807069680701,0.18107722276363,0.105,0.4,1,"20","2610001J05Rik"
0.0003460014886061,0.292095227074592,0.193,0.562,1,"20","Txndc17"
0.000363141163925351,0.169173216406842,0.162,0.581,1,"20","Glyr1"
0.000367120948286867,0.129970653758672,0.193,0.572,1,"20","Rad21"
0.000369797835266334,0.785749683508972,0.171,0.493,1,"20","Rb1"
0.000378650547918774,0.319768107994866,0.246,0.695,1,"20","Fgfr1op2"
0.000381279123687802,0.161478675797886,0.123,0.401,1,"20","mt-Nd6"
0.000403962911177312,0.319137179358505,0.154,0.483,1,"20","Baz2a"
0.000414911232788752,0.206861728050446,0.136,0.503,1,"20","Trim37"
0.000425981117781377,0.523332449116472,0.044,0.263,1,"20","Prelid3b"
0.000471160145595803,5.60571362364875,0.232,0.02,1,"20","Nxpe2"
0.000473985013300594,0.635542524230464,0.25,0.635,1,"20","Nrd1"
0.000503136727396892,3.68073425974747,0.522,0.242,1,"20","Atp6v0a1"
0.000524595870708162,0.277020297996042,0.18,0.643,1,"20","Sgk3"
0.00053762528665462,0.126812481464374,0.083,0.314,1,"20","Rnf167"
0.000550485938622698,0.361347738759521,0.224,0.598,1,"20","Polr2a"
0.000580716365948182,0.10584702789173,0.171,0.565,1,"20","Psmd4"
0.000581279679677978,0.144154328287924,0.101,0.508,1,"20","Bnip2"
0.000598268830969312,0.865609513578903,0.061,0.272,1,"20","Tmem183a"
0.000628590487366065,0.877140313828366,0.197,0.436,1,"20","Klf3"
0.000640762783278759,0.324337140625783,0.145,0.54,1,"20","Polr2k"
0.000641943617496905,0.702587165483355,0.263,0.627,1,"20","Nek7"
0.000681023208459789,0.204525145771144,0.399,0.766,1,"20","Cyba"
0.000726765574508544,0.291787156106921,0.197,0.499,1,"20","Ext1"
0.000740474930144239,0.762823725023401,0.11,0.327,1,"20","Fam76a"
0.000748398101900679,0.953629035523839,0.158,0.488,1,"20","Xpo4"
0.000804700909849177,0.140578625355422,0.167,0.512,1,"20","Man2a1"
0.00080643652457801,0.459080704478583,0.202,0.487,1,"20","Dynll2"
0.000813710709725828,0.243861287056154,0.053,0.262,1,"20","Sirt1"
0.000829974932716787,1.05132729351384,0.18,0.487,1,"20","Glo1"
0.000846633640403418,0.642055438781301,0.434,0.814,1,"20","Srsf5"
0.000877567269430447,0.199097018183513,0.075,0.362,1,"20","Hspa4l"
0.000882958602357924,1.37530595923126,0.469,0.199,1,"20","Sdc3"
0.000883644509883342,0.189355195609286,0.127,0.456,1,"20","Fam173a"
0.000905478180196382,0.724227603561825,0.189,0.621,1,"20","Rnf213"
0.000907000202937975,0.182026643759443,0.053,0.285,1,"20","Pi4k2b"
0.000930265708369117,0.253469973782383,0.197,0.613,1,"20","Zfc3h1"
0.000953362814751275,13.5990240829563,0.206,0,1,"20","Apol11b"
0.000972531993664471,0.127998481899341,0.127,0.359,1,"20","Abhd12"
0.00100100955095431,0.229457595105789,0.197,0.477,1,"20","Asah1"
0.00103211067221725,0.28929617755318,0.162,0.475,1,"20","Tbcd"
0.00108449629592208,1.27065077246506,0.377,0.133,1,"20","Cd5l"
0.00110395148829783,0.302818911161766,0.127,0.407,1,"20","Klhl9"
0.00116903717063951,4.55920464787392,0.566,0.272,1,"20","Trim59"
0.00119480377093872,0.208725116966704,0.246,0.71,1,"20","Dmxl1"
0.00121146329956541,0.138990380222789,0.263,0.727,1,"20","Ndufa2"
0.00124693834846599,0.130829685666488,0.171,0.474,1,"20","Plek"
0.00125162956442115,1.06952615758757,0.447,0.178,1,"20","C1qb"
0.00125455503512829,4.21011203723654,0.368,0.153,1,"20","Tmem140"
0.00125689489038817,0.217671071077412,0.316,0.767,1,"20","Usp9x"
0.00127375973445681,0.130455921842166,0.127,0.433,1,"20","Xbp1"
0.00128862995500169,0.340425824215388,0.386,0.812,1,"20","Jak1"
0.00134154100552374,0.273571342694171,0.175,0.566,1,"20","Aim2"
0.00138724724078471,0.340155970368793,0.079,0.313,1,"20","Trim34a"
0.00138724724078471,0.169168847176139,0.048,0.268,1,"20","Fuca2"
0.00143829747968472,0.228828553990993,0.114,0.369,1,"20","Impad1"
0.00152464753108455,1.31673024891297,0.333,0.113,1,"20","Lpl"
0.0015737020742245,4.49608850581177,0.504,0.204,1,"20","Vopp1"
0.00158357099488329,4.64163011903483,0.456,0.187,1,"20","Slc16a1"
0.00161600130899246,0.241737106304749,0.118,0.515,1,"20","Senp2"
0.00167186487349311,0.425643689722034,0.105,0.323,1,"20","Map2k3"
0.00173035319281522,1.34566754264164,0.456,0.183,1,"20","Axl"
0.00184147537925919,5.04311675882829,0.241,0.034,1,"20","Plpp1"
0.00186680194958396,0.456612452919472,0.088,0.311,1,"20","Cmtr1"
0.00188077389743809,0.473479758834288,0.171,0.464,1,"20","Derl1"
0.00196025485861927,0.43405852171655,0.096,0.338,1,"20","Ap1s1"
0.00197065894061071,0.230050706937932,0.237,0.709,1,"20","Gigyf2"
0.00201938943939303,0.191979886449727,0.136,0.39,1,"20","Napa"
0.00202862928569329,0.601719396685245,0.083,0.312,1,"20","Tmem189"
0.00204114779924939,0.513334381538428,0.132,0.403,1,"20","Dync1li2"
0.00216533714249133,6.18930038165266,0.368,0.041,1,"20","Asb1"
0.00216669284375387,0.770135917177131,0.145,0.347,1,"20","Ifnar1"
0.00221393848834657,4.10677835460015,0.43,0.168,1,"20","Smox"
0.0022320764391176,0.187087042007362,0.127,0.355,1,"20","Arhgap5"
0.00227303229645206,0.100777749237923,0.118,0.378,1,"20","Tgoln1"
0.00230326524629121,0.540641083970376,0.232,0.633,1,"20","Btaf1"
0.00241344676576404,0.464009665309318,0.101,0.357,1,"20","1700123O20Rik"
0.00245020946776268,0.388640497073134,0.132,0.435,1,"20","Pabpc4"
0.00266029266444946,0.917389354072231,0.329,0.722,1,"20","Asap1"
0.00289572441882046,0.372624770013599,0.228,0.6,1,"20","Tmem14c"
0.00291379235571541,0.542994560594938,0.123,0.4,1,"20","Brcc3"
0.00294098630650034,0.284835780111776,0.101,0.371,1,"20","Snhg3"
0.00297495733885413,0.344734480058832,0.263,0.673,1,"20","Hprt"
0.00303559916760581,0.330269577758722,0.083,0.307,1,"20","Rnf141"
0.00313329306627094,0.361124359131806,0.105,0.318,1,"20","Sec13"
0.0031969836060425,0.555799357886267,0.114,0.334,1,"20","Aup1"
0.00319983799019345,0.663913523118514,0.303,0.706,1,"20","Tacc1"
0.0032726112043001,0.178609901806555,0.325,0.783,1,"20","Vcp"
0.00342155718246692,0.847807398926414,0.206,0.53,1,"20","Pcf11"
0.00343340662250411,0.6210592165514,0.193,0.547,1,"20","Fbxo3"
0.00347288233788105,0.450647849104397,0.219,0.625,1,"20","Gpbp1l1"
0.00363363238196814,0.409402198862118,0.101,0.31,1,"20","CAAA01118383.1"
0.00368433831899304,0.731762873147336,0.114,0.382,1,"20","Pnrc2"
0.00369801043515452,0.611094040127309,0.167,0.403,1,"20","Tmem33"
0.00373078218420288,0.771032040171189,0.461,0.785,1,"20","Prdx2"
0.00374202503678647,0.104892014013622,0.07,0.307,1,"20","Nxf1"
0.00395833360596957,0.392069992892526,0.136,0.496,1,"20","B4galt1"
0.0039831172821378,0.411820185566122,0.132,0.403,1,"20","Anxa7"
0.00421304959333913,0.239492406244754,0.202,0.642,1,"20","Chmp4b"
0.00426601337662187,0.751397022756291,0.259,0.597,1,"20","Crebrf"
0.00435387812433072,0.592769128121135,0.088,0.296,1,"20","Crnkl1"
0.00438639703738612,0.281554436997242,0.368,0.765,1,"20","Npc2"
0.00462423500038922,0.288754143643637,0.114,0.397,1,"20","Leng8"
0.0046286386479506,0.885764488899914,0.202,0.567,1,"20","Herc2"
0.00465692229885652,0.103457627607153,0.329,0.805,1,"20","Erbin"
0.00480030068899286,1.24859641940546,0.395,0.141,1,"20","Fcna"
0.00493080616104836,0.282338967611697,0.355,0.79,1,"20","mt-Nd4l"
0.00495412609579407,1.15887682752932,0.469,0.699,1,"20","AI662270"
0.00503028899852961,0.278797609321815,0.254,0.678,1,"20","Susd6"
0.00503793486989258,0.256020595571892,0.189,0.573,1,"20","Kcnn4"
0.00521697212555921,0.397576638235015,0.145,0.413,1,"20","Nampt"
0.0053398893470078,0.103993281283483,0.048,0.26,1,"20","Cog8"
0.00571358387366414,0.589490626521303,0.311,0.614,1,"20","Sod1"
0.00576854671750094,0.650593590640642,0.175,0.527,1,"20","Selenot"
0.00585083911221806,0.759737239639384,0.162,0.398,1,"20","D5Ertd579e"
0.00588920976856286,0.403126349328105,0.075,0.323,1,"20","Fundc1"
0.00627841202658456,0.55831136627529,0.202,0.402,1,"20","Lgals3bp"
0.00649776542176395,0.266566546402713,0.127,0.471,1,"20","mt-Atp8"
0.00695045869622534,0.412806298491531,0.329,0.777,1,"20","Zfp207"
0.00713112146437967,0.276157037737765,0.088,0.396,1,"20","Pck2"
0.00728752869420334,0.578298505261975,0.162,0.471,1,"20","Ppp1r10"
0.00738825458218808,0.906897203150351,0.224,0.539,1,"20","Atxn2"
0.00749964945609724,0.485553889528444,0.075,0.281,1,"20","Atg13"
0.00756942006247678,0.190762277014407,0.241,0.441,1,"20","Lgals1"
0.00757351888464924,0.780549923014988,0.101,0.305,1,"20","Ogfr"
0.0076531944217992,0.624931899590643,0.167,0.448,1,"20","Rnf14"
0.00774907480252976,0.18386453077606,0.11,0.346,1,"20","Commd8"
0.00780533679204697,0.345416995216486,0.096,0.334,1,"20","Pitrm1"
0.00800758916715252,4.10628591724378,0.399,0.195,1,"20","Rmc1"
0.00808834529340444,0.903079591541627,0.211,0.502,1,"20","Pnpla8"
0.00812196259348558,0.283039198598838,0.325,0.741,1,"20","Cd81"
0.00829698945365245,0.510979573054938,0.061,0.362,1,"20","Tsnax"
0.00842309059298198,0.791827105766636,0.167,0.449,1,"20","Dstyk"
0.00945153813369981,0.372966294605444,0.145,0.463,1,"20","Atf4"
0.00946255312969967,0.31212713993726,0.075,0.301,1,"20","Carm1"
0.00953073916999971,0.214549164390388,0.066,0.283,1,"20","Bcl7b"
0.00968491877899345,0.282162435504857,0.158,0.514,1,"20","Hnrnph2"
0.00973446645637519,0.588122192511272,0.211,0.479,1,"20","Iscu"
0.0098592612261254,0.192186057331846,0.145,0.507,1,"20","Cript"
0.00989715877135787,0.358521438342375,0.096,0.379,1,"20","Siah1a"
0.00993843679022825,0.18886624533292,0.175,0.47,1,"20","Tmem134"
